activity_id,regarding_type,regarding_id,activity_type,activity_date
ACT-0000544,Lead,LEAD-00219,Email,2020-11-05
ACT-0000543,Lead,LEAD-00219,Email,2020-11-08
ACT-0000211,Lead,LEAD-00086,Phone Call,2020-11-10
ACT-0000545,Lead,LEAD-00219,Task,2020-11-14
ACT-0000542,Lead,LEAD-00219,Email,2020-11-15
ACT-0000037,Lead,LEAD-00016,Phone Call,2020-11-22
ACT-0000210,Lead,LEAD-00086,Task,2020-11-23
ACT-0000226,Lead,LEAD-00092,Phone Call,2020-11-24
ACT-0000557,Lead,LEAD-00223,Phone Call,2020-11-24
ACT-0000038,Lead,LEAD-00016,Phone Call,2020-11-26
ACT-0000225,Lead,LEAD-00092,Email,2020-11-28
ACT-0000228,Lead,LEAD-00092,Phone Call,2020-11-29
ACT-0000039,Lead,LEAD-00016,Email,2020-12-02
ACT-0000558,Lead,LEAD-00223,Task,2020-12-03
ACT-0000556,Lead,LEAD-00223,Phone Call,2020-12-04
ACT-0002756,Opportunity,OPP-00219,Email,2020-12-04
ACT-0000227,Lead,LEAD-00092,Email,2020-12-06
ACT-0000555,Lead,LEAD-00223,Phone Call,2020-12-07
ACT-0000215,Lead,LEAD-00088,Phone Call,2020-12-13
ACT-0002754,Opportunity,OPP-00219,Task,2020-12-15
ACT-0001947,Opportunity,OPP-00016,Phone Call,2020-12-16
ACT-0002755,Opportunity,OPP-00219,Meeting,2020-12-18
ACT-0000308,Lead,LEAD-00123,Task,2020-12-21
ACT-0002233,Opportunity,OPP-00086,Email,2020-12-24
ACT-0002234,Opportunity,OPP-00086,Task,2020-12-25
ACT-0002240,Opportunity,OPP-00088,Phone Call,2020-12-26
ACT-0000309,Lead,LEAD-00123,Phone Call,2021-01-02
ACT-0000050,Lead,LEAD-00022,Email,2021-01-03
ACT-0000317,Lead,LEAD-00127,Phone Call,2021-01-03
ACT-0000655,Lead,LEAD-00262,Email,2021-01-03
ACT-0002258,Opportunity,OPP-00092,Phone Call,2021-01-03
ACT-0000076,Lead,LEAD-00032,Email,2021-01-04
ACT-0000077,Lead,LEAD-00032,Phone Call,2021-01-04
ACT-0000653,Lead,LEAD-00262,Phone Call,2021-01-04
ACT-0000654,Lead,LEAD-00262,Task,2021-01-05
ACT-0000052,Lead,LEAD-00022,Phone Call,2021-01-07
ACT-0001948,Opportunity,OPP-00016,Phone Call,2021-01-07
ACT-0000642,Lead,LEAD-00257,Email,2021-01-08
ACT-0002243,Opportunity,OPP-00088,Email,2021-01-08
ACT-0002257,Opportunity,OPP-00092,Task,2021-01-08
ACT-0002370,Opportunity,OPP-00123,Phone Call,2021-01-09
ACT-0000075,Lead,LEAD-00032,Email,2021-01-11
ACT-0000641,Lead,LEAD-00257,Task,2021-01-11
ACT-0002770,Opportunity,OPP-00223,Email,2021-01-11
ACT-0002235,Opportunity,OPP-00086,Email,2021-01-12
ACT-0002915,Opportunity,OPP-00257,Meeting,2021-01-12
ACT-0000318,Lead,LEAD-00127,Phone Call,2021-01-14
ACT-0002773,Opportunity,OPP-00223,Email,2021-01-14
ACT-0000316,Lead,LEAD-00127,Task,2021-01-16
ACT-0000448,Lead,LEAD-00183,Phone Call,2021-01-16
ACT-0000635,Lead,LEAD-00255,Email,2021-01-16
ACT-0001471,Lead,LEAD-00584,Email,2021-01-16
ACT-0000652,Lead,LEAD-00262,Task,2021-01-19
ACT-0000486,Lead,LEAD-00195,Phone Call,2021-01-20
ACT-0000051,Lead,LEAD-00022,Task,2021-01-21
ACT-0001174,Lead,LEAD-00475,Phone Call,2021-01-21
ACT-0002772,Opportunity,OPP-00223,Email,2021-01-21
ACT-0000450,Lead,LEAD-00183,Phone Call,2021-01-22
ACT-0000636,Lead,LEAD-00255,Meeting,2021-01-22
ACT-0001470,Lead,LEAD-00584,Email,2021-01-23
ACT-0002918,Opportunity,OPP-00257,Phone Call,2021-01-23
ACT-0000451,Lead,LEAD-00183,Email,2021-01-24
ACT-0001216,Lead,LEAD-00492,Email,2021-01-24
ACT-0001235,Lead,LEAD-00498,Email,2021-01-24
ACT-0002931,Opportunity,OPP-00262,Phone Call,2021-01-24
ACT-0001173,Lead,LEAD-00475,Task,2021-01-25
ACT-0002771,Opportunity,OPP-00223,Phone Call,2021-01-25
ACT-0001233,Lead,LEAD-00498,Email,2021-01-26
ACT-0002242,Opportunity,OPP-00088,Phone Call,2021-01-26
ACT-0002916,Opportunity,OPP-00257,Phone Call,2021-01-26
ACT-0000449,Lead,LEAD-00183,Phone Call,2021-01-27
ACT-0000488,Lead,LEAD-00195,Phone Call,2021-01-27
ACT-0000381,Lead,LEAD-00156,Task,2021-01-29
ACT-0000147,Lead,LEAD-00056,Email,2021-01-31
ACT-0001234,Lead,LEAD-00498,Email,2021-01-31
ACT-0002914,Opportunity,OPP-00257,Email,2021-01-31
ACT-0002934,Opportunity,OPP-00262,Meeting,2021-01-31
ACT-0000382,Lead,LEAD-00156,Task,2021-02-01
ACT-0000958,Lead,LEAD-00388,Email,2021-02-02
ACT-0001569,Lead,LEAD-00631,Phone Call,2021-02-02
ACT-0002659,Opportunity,OPP-00195,Phone Call,2021-02-02
ACT-0000148,Lead,LEAD-00056,Task,2021-02-04
ACT-0000487,Lead,LEAD-00195,Phone Call,2021-02-04
ACT-0001217,Lead,LEAD-00492,Phone Call,2021-02-04
ACT-0003314,Opportunity,OPP-00358,Phone Call,2021-02-04
ACT-0001215,Lead,LEAD-00492,Phone Call,2021-02-05
ACT-0001700,Lead,LEAD-00681,Phone Call,2021-02-06
ACT-0002241,Opportunity,OPP-00088,Phone Call,2021-02-06
ACT-0003302,Opportunity,OPP-00354,Phone Call,2021-02-06
ACT-0000146,Lead,LEAD-00056,Phone Call,2021-02-07
ACT-0001662,Lead,LEAD-00664,Phone Call,2021-02-07
ACT-0001701,Lead,LEAD-00681,Email,2021-02-08
ACT-0002774,Opportunity,OPP-00223,Phone Call,2021-02-10
ACT-0000687,Lead,LEAD-00275,Phone Call,2021-02-11
ACT-0001299,Lead,LEAD-00522,Email,2021-02-12
ACT-0003556,Opportunity,OPP-00418,Task,2021-02-12
ACT-0001844,Lead,LEAD-00739,Email,2021-02-13
ACT-0001702,Lead,LEAD-00681,Phone Call,2021-02-14
ACT-0003008,Opportunity,OPP-00280,Phone Call,2021-02-14
ACT-0000511,Lead,LEAD-00206,Email,2021-02-15
ACT-0000688,Lead,LEAD-00275,Email,2021-02-15
ACT-0002932,Opportunity,OPP-00262,Task,2021-02-15
ACT-0000686,Lead,LEAD-00275,Email,2021-02-16
ACT-0000758,Lead,LEAD-00302,Email,2021-02-16
ACT-0002504,Opportunity,OPP-00156,Email,2021-02-16
ACT-0003013,Opportunity,OPP-00280,Task,2021-02-16
ACT-0000145,Lead,LEAD-00056,Task,2021-02-17
ACT-0000259,Lead,LEAD-00104,Email,2021-02-17
ACT-0001661,Lead,LEAD-00664,Phone Call,2021-02-17
ACT-0002104,Opportunity,OPP-00056,Phone Call,2021-02-17
ACT-0002369,Opportunity,OPP-00123,Phone Call,2021-02-17
ACT-0002930,Opportunity,OPP-00262,Email,2021-02-17
ACT-0000510,Lead,LEAD-00206,Meeting,2021-02-18
ACT-0000625,Lead,LEAD-00251,Email,2021-02-18
ACT-0000785,Lead,LEAD-00312,Phone Call,2021-02-18
ACT-0002506,Opportunity,OPP-00156,Meeting,2021-02-18
ACT-0001660,Lead,LEAD-00664,Phone Call,2021-02-19
ACT-0002917,Opportunity,OPP-00257,Task,2021-02-19
ACT-0003009,Opportunity,OPP-00280,Task,2021-02-19
ACT-0000135,Lead,LEAD-00051,Phone Call,2021-02-20
ACT-0000261,Lead,LEAD-00104,Email,2021-02-20
ACT-0000757,Lead,LEAD-00302,Email,2021-02-20
ACT-0002919,Opportunity,OPP-00257,Email,2021-02-20
ACT-0000133,Lead,LEAD-00051,Email,2021-02-21
ACT-0002507,Opportunity,OPP-00156,Email,2021-02-21
ACT-0002905,Opportunity,OPP-00255,Email,2021-02-21
ACT-0000132,Lead,LEAD-00051,Email,2021-02-22
ACT-0000260,Lead,LEAD-00104,Task,2021-02-22
ACT-0002664,Opportunity,OPP-00195,Phone Call,2021-02-22
ACT-0001076,Lead,LEAD-00434,Email,2021-02-23
ACT-0003303,Opportunity,OPP-00354,Email,2021-02-23
ACT-0000512,Lead,LEAD-00206,Phone Call,2021-02-24
ACT-0000784,Lead,LEAD-00312,Meeting,2021-02-24
ACT-0002009,Opportunity,OPP-00032,Task,2021-02-24
ACT-0002081,Opportunity,OPP-00051,Phone Call,2021-02-24
ACT-0000775,Lead,LEAD-00308,Email,2021-02-25
ACT-0001078,Lead,LEAD-00434,Phone Call,2021-02-25
ACT-0002660,Opportunity,OPP-00195,Phone Call,2021-02-25
ACT-0000134,Lead,LEAD-00051,Phone Call,2021-02-26
ACT-0002080,Opportunity,OPP-00051,Email,2021-02-26
ACT-0002662,Opportunity,OPP-00195,Phone Call,2021-02-26
ACT-0000258,Lead,LEAD-00104,Email,2021-02-27
ACT-0002105,Opportunity,OPP-00056,Phone Call,2021-02-27
ACT-0000777,Lead,LEAD-00308,Task,2021-02-28
ACT-0000964,Lead,LEAD-00392,Email,2021-02-28
ACT-0001424,Lead,LEAD-00569,Email,2021-02-28
ACT-0001670,Lead,LEAD-00669,Email,2021-02-28
ACT-0002505,Opportunity,OPP-00156,Meeting,2021-02-28
ACT-0000594,Lead,LEAD-00239,Task,2021-03-01
ACT-0000774,Lead,LEAD-00308,Task,2021-03-01
ACT-0000866,Lead,LEAD-00347,Email,2021-03-01
ACT-0001348,Lead,LEAD-00541,Task,2021-03-01
ACT-0002933,Opportunity,OPP-00262,Task,2021-03-02
ACT-0002106,Opportunity,OPP-00056,Phone Call,2021-03-03
ACT-0000868,Lead,LEAD-00347,Email,2021-03-04
ACT-0000965,Lead,LEAD-00392,Task,2021-03-04
ACT-0001077,Lead,LEAD-00434,Phone Call,2021-03-04
ACT-0002008,Opportunity,OPP-00032,Task,2021-03-04
ACT-0002890,Opportunity,OPP-00251,Email,2021-03-04
ACT-0003010,Opportunity,OPP-00280,Meeting,2021-03-04
ACT-0001408,Lead,LEAD-00562,Email,2021-03-05
ACT-0003316,Opportunity,OPP-00358,Email,2021-03-05
ACT-0001195,Lead,LEAD-00484,Phone Call,2021-03-06
ACT-0001427,Lead,LEAD-00569,Email,2021-03-06
ACT-0002383,Opportunity,OPP-00127,Phone Call,2021-03-06
ACT-0003315,Opportunity,OPP-00358,Phone Call,2021-03-06
ACT-0001563,Lead,LEAD-00628,Meeting,2021-03-07
ACT-0002385,Opportunity,OPP-00127,Meeting,2021-03-07
ACT-0000867,Lead,LEAD-00347,Meeting,2021-03-08
ACT-0002077,Opportunity,OPP-00051,Email,2021-03-08
ACT-0002078,Opportunity,OPP-00051,Phone Call,2021-03-08
ACT-0002610,Opportunity,OPP-00183,Email,2021-03-08
ACT-0002841,Opportunity,OPP-00239,Email,2021-03-08
ACT-0000567,Lead,LEAD-00226,Email,2021-03-09
ACT-0001184,Lead,LEAD-00480,Task,2021-03-09
ACT-0001196,Lead,LEAD-00484,Email,2021-03-09
ACT-0002107,Opportunity,OPP-00056,Phone Call,2021-03-09
ACT-0003558,Opportunity,OPP-00418,Phone Call,2021-03-09
ACT-0000614,Lead,LEAD-00246,Email,2021-03-10
ACT-0000776,Lead,LEAD-00308,Meeting,2021-03-10
ACT-0001194,Lead,LEAD-00484,Phone Call,2021-03-10
ACT-0002661,Opportunity,OPP-00195,Phone Call,2021-03-10
ACT-0003105,Opportunity,OPP-00300,Email,2021-03-10
ACT-0000678,Lead,LEAD-00271,Phone Call,2021-03-11
ACT-0001186,Lead,LEAD-00480,Phone Call,2021-03-11
ACT-0002663,Opportunity,OPP-00195,Email,2021-03-11
ACT-0002842,Opportunity,OPP-00239,Email,2021-03-11
ACT-0000500,Lead,LEAD-00201,Phone Call,2021-03-12
ACT-0000501,Lead,LEAD-00201,Phone Call,2021-03-12
ACT-0000679,Lead,LEAD-00271,Task,2021-03-12
ACT-0002108,Opportunity,OPP-00056,Meeting,2021-03-12
ACT-0002384,Opportunity,OPP-00127,Phone Call,2021-03-12
ACT-0003387,Opportunity,OPP-00376,Phone Call,2021-03-12
ACT-0000712,Lead,LEAD-00283,Phone Call,2021-03-13
ACT-0001197,Lead,LEAD-00484,Meeting,2021-03-13
ACT-0002109,Opportunity,OPP-00056,Task,2021-03-13
ACT-0002889,Opportunity,OPP-00251,Task,2021-03-13
ACT-0002906,Opportunity,OPP-00255,Phone Call,2021-03-13
ACT-0001346,Lead,LEAD-00541,Task,2021-03-14
ACT-0001407,Lead,LEAD-00562,Email,2021-03-14
ACT-0001671,Lead,LEAD-00669,Email,2021-03-14
ACT-0002079,Opportunity,OPP-00051,Task,2021-03-14
ACT-0002508,Opportunity,OPP-00156,Phone Call,2021-03-14
ACT-0002783,Opportunity,OPP-00226,Phone Call,2021-03-14
ACT-0000066,Lead,LEAD-00029,Email,2021-03-15
ACT-0001425,Lead,LEAD-00569,Email,2021-03-15
ACT-0002893,Opportunity,OPP-00251,Task,2021-03-15
ACT-0000494,Lead,LEAD-00198,Email,2021-03-16
ACT-0000616,Lead,LEAD-00246,Phone Call,2021-03-16
ACT-0001345,Lead,LEAD-00541,Email,2021-03-16
ACT-0003011,Opportunity,OPP-00280,Meeting,2021-03-16
ACT-0000502,Lead,LEAD-00202,Phone Call,2021-03-17
ACT-0000550,Lead,LEAD-00221,Phone Call,2021-03-17
ACT-0001185,Lead,LEAD-00480,Meeting,2021-03-17
ACT-0001406,Lead,LEAD-00562,Email,2021-03-17
ACT-0003012,Opportunity,OPP-00280,Phone Call,2021-03-17
ACT-0001347,Lead,LEAD-00541,Email,2021-03-18
ACT-0001426,Lead,LEAD-00569,Email,2021-03-18
ACT-0003553,Opportunity,OPP-00418,Task,2021-03-19
ACT-0000505,Lead,LEAD-00202,Task,2021-03-20
ACT-0000548,Lead,LEAD-00221,Task,2021-03-20
ACT-0002303,Opportunity,OPP-00104,Email,2021-03-20
ACT-0003103,Opportunity,OPP-00300,Phone Call,2021-03-20
ACT-0003388,Opportunity,OPP-00376,Task,2021-03-20
ACT-0000681,Lead,LEAD-00271,Email,2021-03-21
ACT-0002082,Opportunity,OPP-00051,Phone Call,2021-03-21
ACT-0003496,Opportunity,OPP-00402,Email,2021-03-21
ACT-0002386,Opportunity,OPP-00127,Task,2021-03-22
ACT-0003102,Opportunity,OPP-00300,Email,2021-03-22
ACT-0003555,Opportunity,OPP-00418,Email,2021-03-22
ACT-0000504,Lead,LEAD-00202,Phone Call,2021-03-23
ACT-0000549,Lead,LEAD-00221,Email,2021-03-23
ACT-0000613,Lead,LEAD-00246,Email,2021-03-23
ACT-0000615,Lead,LEAD-00246,Phone Call,2021-03-23
ACT-0000680,Lead,LEAD-00271,Phone Call,2021-03-23
ACT-0002302,Opportunity,OPP-00104,Meeting,2021-03-23
ACT-0003554,Opportunity,OPP-00418,Meeting,2021-03-23
ACT-0003557,Opportunity,OPP-00418,Meeting,2021-03-23
ACT-0001669,Lead,LEAD-00668,Email,2021-03-24
ACT-0002611,Opportunity,OPP-00183,Phone Call,2021-03-24
ACT-0002868,Opportunity,OPP-00246,Task,2021-03-24
ACT-0003104,Opportunity,OPP-00300,Email,2021-03-24
ACT-0001187,Lead,LEAD-00480,Phone Call,2021-03-25
ACT-0002908,Opportunity,OPP-00255,Phone Call,2021-03-26
ACT-0000503,Lead,LEAD-00202,Phone Call,2021-03-28
ACT-0002843,Opportunity,OPP-00239,Task,2021-03-28
ACT-0002909,Opportunity,OPP-00255,Phone Call,2021-03-28
ACT-0002304,Opportunity,OPP-00104,Email,2021-03-29
ACT-0002781,Opportunity,OPP-00226,Phone Call,2021-03-29
ACT-0002907,Opportunity,OPP-00255,Phone Call,2021-03-29
ACT-0000251,Lead,LEAD-00100,Phone Call,2021-03-31
ACT-0000248,Lead,LEAD-00100,Phone Call,2021-04-01
ACT-0002891,Opportunity,OPP-00251,Meeting,2021-04-01
ACT-0003373,Opportunity,OPP-00373,Email,2021-04-01
ACT-0002784,Opportunity,OPP-00226,Email,2021-04-03
ACT-0003384,Opportunity,OPP-00376,Email,2021-04-03
ACT-0001091,Lead,LEAD-00441,Phone Call,2021-04-04
ACT-0002892,Opportunity,OPP-00251,Meeting,2021-04-04
ACT-0002690,Opportunity,OPP-00202,Phone Call,2021-04-07
ACT-0000264,Lead,LEAD-00105,Email,2021-04-08
ACT-0001418,Lead,LEAD-00567,Meeting,2021-04-08
ACT-0000263,Lead,LEAD-00105,Email,2021-04-09
ACT-0002683,Opportunity,OPP-00201,Phone Call,2021-04-09
ACT-0003374,Opportunity,OPP-00373,Email,2021-04-09
ACT-0000249,Lead,LEAD-00100,Email,2021-04-10
ACT-0001316,Lead,LEAD-00528,Email,2021-04-10
ACT-0000262,Lead,LEAD-00105,Email,2021-04-11
ACT-0000250,Lead,LEAD-00100,Phone Call,2021-04-12
ACT-0001970,Opportunity,OPP-00022,Email,2021-04-12
ACT-0001995,Opportunity,OPP-00029,Email,2021-04-12
ACT-0002682,Opportunity,OPP-00201,Phone Call,2021-04-12
ACT-0001315,Lead,LEAD-00528,Phone Call,2021-04-13
ACT-0001575,Lead,LEAD-00634,Phone Call,2021-04-13
ACT-0002689,Opportunity,OPP-00202,Meeting,2021-04-13
ACT-0001607,Lead,LEAD-00645,Phone Call,2021-04-14
ACT-0002782,Opportunity,OPP-00226,Phone Call,2021-04-14
ACT-0002844,Opportunity,OPP-00239,Email,2021-04-15
ACT-0003386,Opportunity,OPP-00376,Phone Call,2021-04-15
ACT-0001634,Lead,LEAD-00654,Email,2021-04-16
ACT-0001996,Opportunity,OPP-00029,Phone Call,2021-04-16
ACT-0002290,Opportunity,OPP-00100,Task,2021-04-16
ACT-0001635,Lead,LEAD-00654,Email,2021-04-17
ACT-0001971,Opportunity,OPP-00022,Email,2021-04-18
ACT-0001421,Lead,LEAD-00567,Email,2021-04-19
ACT-0001577,Lead,LEAD-00635,Phone Call,2021-04-19
ACT-0001608,Lead,LEAD-00645,Meeting,2021-04-19
ACT-0001420,Lead,LEAD-00567,Email,2021-04-20
ACT-0003385,Opportunity,OPP-00376,Email,2021-04-20
ACT-0001578,Lead,LEAD-00635,Phone Call,2021-04-21
ACT-0002684,Opportunity,OPP-00201,Phone Call,2021-04-21
ACT-0001574,Lead,LEAD-00634,Email,2021-04-22
ACT-0001419,Lead,LEAD-00567,Meeting,2021-04-23
ACT-0002687,Opportunity,OPP-00202,Task,2021-04-23
ACT-0000269,Lead,LEAD-00107,Email,2021-04-24
ACT-0001249,Lead,LEAD-00503,Email,2021-04-24
ACT-0001998,Opportunity,OPP-00029,Task,2021-04-24
ACT-0002686,Opportunity,OPP-00202,Email,2021-04-24
ACT-0002688,Opportunity,OPP-00202,Email,2021-04-24
ACT-0000837,Lead,LEAD-00333,Email,2021-04-25
ACT-0000838,Lead,LEAD-00333,Phone Call,2021-04-25
ACT-0001576,Lead,LEAD-00634,Task,2021-04-25
ACT-0000268,Lead,LEAD-00107,Task,2021-04-26
ACT-0001293,Lead,LEAD-00519,Phone Call,2021-04-26
ACT-0000271,Lead,LEAD-00107,Phone Call,2021-04-27
ACT-0001968,Opportunity,OPP-00022,Email,2021-04-27
ACT-0001969,Opportunity,OPP-00022,Phone Call,2021-04-27
ACT-0003531,Opportunity,OPP-00411,Phone Call,2021-04-27
ACT-0000116,Lead,LEAD-00046,Email,2021-04-28
ACT-0000304,Lead,LEAD-00120,Phone Call,2021-04-28
ACT-0001312,Lead,LEAD-00527,Phone Call,2021-04-28
ACT-0002289,Opportunity,OPP-00100,Task,2021-04-28
ACT-0003532,Opportunity,OPP-00411,Phone Call,2021-04-28
ACT-0000302,Lead,LEAD-00120,Meeting,2021-04-29
ACT-0001311,Lead,LEAD-00527,Email,2021-04-30
ACT-0002869,Opportunity,OPP-00246,Phone Call,2021-04-30
ACT-0003497,Opportunity,OPP-00402,Task,2021-04-30
ACT-0000303,Lead,LEAD-00120,Meeting,2021-05-01
ACT-0001250,Lead,LEAD-00503,Meeting,2021-05-01
ACT-0001292,Lead,LEAD-00519,Phone Call,2021-05-01
ACT-0001314,Lead,LEAD-00527,Phone Call,2021-05-01
ACT-0000836,Lead,LEAD-00333,Email,2021-05-02
ACT-0001997,Opportunity,OPP-00029,Phone Call,2021-05-02
ACT-0002870,Opportunity,OPP-00246,Phone Call,2021-05-02
ACT-0000526,Lead,LEAD-00212,Email,2021-05-04
ACT-0000988,Lead,LEAD-00403,Email,2021-05-04
ACT-0003371,Opportunity,OPP-00373,Email,2021-05-04
ACT-0003372,Opportunity,OPP-00373,Phone Call,2021-05-04
ACT-0002292,Opportunity,OPP-00100,Phone Call,2021-05-06
ACT-0002685,Opportunity,OPP-00202,Email,2021-05-06
ACT-0002703,Opportunity,OPP-00206,Meeting,2021-05-06
ACT-0003533,Opportunity,OPP-00411,Task,2021-05-06
ACT-0000527,Lead,LEAD-00212,Email,2021-05-07
ACT-0003501,Opportunity,OPP-00404,Task,2021-05-07
ACT-0000270,Lead,LEAD-00107,Email,2021-05-08
ACT-0000525,Lead,LEAD-00212,Task,2021-05-08
ACT-0000301,Lead,LEAD-00120,Email,2021-05-09
ACT-0001417,Lead,LEAD-00566,Phone Call,2021-05-10
ACT-0001442,Lead,LEAD-00574,Phone Call,2021-05-10
ACT-0001728,Lead,LEAD-00690,Email,2021-05-11
ACT-0000991,Lead,LEAD-00403,Email,2021-05-12
ACT-0001294,Lead,LEAD-00519,Phone Call,2021-05-12
ACT-0001313,Lead,LEAD-00527,Email,2021-05-12
ACT-0003415,Opportunity,OPP-00383,Phone Call,2021-05-13
ACT-0000794,Lead,LEAD-00315,Meeting,2021-05-14
ACT-0000989,Lead,LEAD-00403,Phone Call,2021-05-14
ACT-0001443,Lead,LEAD-00574,Meeting,2021-05-14
ACT-0002362,Opportunity,OPP-00120,Task,2021-05-14
ACT-0002702,Opportunity,OPP-00206,Email,2021-05-14
ACT-0003336,Opportunity,OPP-00364,Phone Call,2021-05-14
ACT-0003505,Opportunity,OPP-00404,Email,2021-05-15
ACT-0003504,Opportunity,OPP-00404,Email,2021-05-17
ACT-0000795,Lead,LEAD-00315,Phone Call,2021-05-18
ACT-0000990,Lead,LEAD-00403,Email,2021-05-18
ACT-0002923,Opportunity,OPP-00259,Email,2021-05-18
ACT-0001469,Lead,LEAD-00583,Email,2021-05-19
ACT-0002363,Opportunity,OPP-00120,Meeting,2021-05-19
ACT-0003338,Opportunity,OPP-00364,Phone Call,2021-05-19
ACT-0001727,Lead,LEAD-00690,Email,2021-05-20
ACT-0002701,Opportunity,OPP-00206,Phone Call,2021-05-20
ACT-0000524,Lead,LEAD-00212,Email,2021-05-22
ACT-0001726,Lead,LEAD-00690,Email,2021-05-22
ACT-0002726,Opportunity,OPP-00212,Phone Call,2021-05-22
ACT-0003207,Opportunity,OPP-00327,Email,2021-05-22
ACT-0003605,Opportunity,OPP-00430,Task,2021-05-22
ACT-0000646,Lead,LEAD-00259,Email,2021-05-23
ACT-0003208,Opportunity,OPP-00327,Phone Call,2021-05-24
ACT-0003416,Opportunity,OPP-00383,Phone Call,2021-05-24
ACT-0003519,Opportunity,OPP-00408,Phone Call,2021-05-24
ACT-0003522,Opportunity,OPP-00408,Task,2021-05-24
ACT-0002291,Opportunity,OPP-00100,Task,2021-05-25
ACT-0003603,Opportunity,OPP-00430,Email,2021-05-25
ACT-0001237,Lead,LEAD-00499,Task,2021-05-26
ACT-0003337,Opportunity,OPP-00364,Task,2021-05-26
ACT-0002305,Opportunity,OPP-00105,Task,2021-05-27
ACT-0002673,Opportunity,OPP-00198,Email,2021-05-27
ACT-0002674,Opportunity,OPP-00198,Task,2021-05-27
ACT-0000793,Lead,LEAD-00315,Phone Call,2021-05-28
ACT-0000792,Lead,LEAD-00315,Meeting,2021-05-29
ACT-0001236,Lead,LEAD-00499,Phone Call,2021-05-29
ACT-0003520,Opportunity,OPP-00408,Meeting,2021-05-29
ACT-0003523,Opportunity,OPP-00408,Email,2021-05-29
ACT-0000407,Lead,LEAD-00165,Email,2021-05-30
ACT-0001551,Lead,LEAD-00622,Phone Call,2021-05-30
ACT-0001672,Lead,LEAD-00670,Phone Call,2021-05-30
ACT-0002763,Opportunity,OPP-00221,Task,2021-05-30
ACT-0002306,Opportunity,OPP-00105,Email,2021-05-31
ACT-0003340,Opportunity,OPP-00364,Email,2021-05-31
ACT-0000409,Lead,LEAD-00166,Meeting,2021-06-01
ACT-0002704,Opportunity,OPP-00206,Phone Call,2021-06-01
ACT-0003335,Opportunity,OPP-00364,Phone Call,2021-06-01
ACT-0001677,Lead,LEAD-00671,Email,2021-06-02
ACT-0002728,Opportunity,OPP-00212,Phone Call,2021-06-02
ACT-0001238,Lead,LEAD-00499,Phone Call,2021-06-03
ACT-0001544,Lead,LEAD-00618,Phone Call,2021-06-03
ACT-0001239,Lead,LEAD-00499,Phone Call,2021-06-04
ACT-0001674,Lead,LEAD-00670,Phone Call,2021-06-04
ACT-0003413,Opportunity,OPP-00383,Task,2021-06-04
ACT-0002764,Opportunity,OPP-00221,Email,2021-06-06
ACT-0002924,Opportunity,OPP-00259,Meeting,2021-06-06
ACT-0000405,Lead,LEAD-00165,Task,2021-06-07
ACT-0001673,Lead,LEAD-00670,Task,2021-06-07
ACT-0000406,Lead,LEAD-00165,Phone Call,2021-06-08
ACT-0000408,Lead,LEAD-00166,Task,2021-06-08
ACT-0002307,Opportunity,OPP-00105,Task,2021-06-08
ACT-0000674,Lead,LEAD-00269,Email,2021-06-09
ACT-0001869,Lead,LEAD-00748,Email,2021-06-09
ACT-0003206,Opportunity,OPP-00327,Email,2021-06-09
ACT-0003502,Opportunity,OPP-00404,Task,2021-06-09
ACT-0000672,Lead,LEAD-00269,Task,2021-06-10
ACT-0001870,Lead,LEAD-00748,Phone Call,2021-06-10
ACT-0003518,Opportunity,OPP-00408,Phone Call,2021-06-10
ACT-0003602,Opportunity,OPP-00430,Email,2021-06-10
ACT-0002731,Opportunity,OPP-00212,Email,2021-06-11
ACT-0003521,Opportunity,OPP-00408,Phone Call,2021-06-11
ACT-0001323,Lead,LEAD-00531,Email,2021-06-12
ACT-0001675,Lead,LEAD-00671,Phone Call,2021-06-12
ACT-0003417,Opportunity,OPP-00383,Email,2021-06-12
ACT-0002311,Opportunity,OPP-00107,Email,2021-06-13
ACT-0002762,Opportunity,OPP-00221,Email,2021-06-13
ACT-0003370,Opportunity,OPP-00372,Task,2021-06-13
ACT-0002057,Opportunity,OPP-00046,Phone Call,2021-06-14
ACT-0003339,Opportunity,OPP-00364,Meeting,2021-06-14
ACT-0000404,Lead,LEAD-00164,Phone Call,2021-06-15
ACT-0001339,Lead,LEAD-00538,Meeting,2021-06-15
ACT-0001552,Lead,LEAD-00622,Email,2021-06-15
ACT-0002541,Opportunity,OPP-00166,Meeting,2021-06-15
ACT-0003439,Opportunity,OPP-00388,Email,2021-06-15
ACT-0000403,Lead,LEAD-00164,Phone Call,2021-06-16
ACT-0000673,Lead,LEAD-00269,Meeting,2021-06-16
ACT-0001240,Lead,LEAD-00500,Task,2021-06-16
ACT-0001322,Lead,LEAD-00531,Phone Call,2021-06-16
ACT-0002543,Opportunity,OPP-00166,Phone Call,2021-06-16
ACT-0003369,Opportunity,OPP-00372,Email,2021-06-16
ACT-0003414,Opportunity,OPP-00383,Phone Call,2021-06-16
ACT-0000107,Lead,LEAD-00043,Phone Call,2021-06-17
ACT-0001676,Lead,LEAD-00671,Phone Call,2021-06-17
ACT-0001241,Lead,LEAD-00500,Email,2021-06-18
ACT-0001324,Lead,LEAD-00531,Email,2021-06-18
ACT-0002544,Opportunity,OPP-00166,Email,2021-06-18
ACT-0001242,Lead,LEAD-00500,Email,2021-06-19
ACT-0003503,Opportunity,OPP-00404,Task,2021-06-19
ACT-0002058,Opportunity,OPP-00046,Email,2021-06-20
ACT-0003506,Opportunity,OPP-00404,Phone Call,2021-06-20
ACT-0003604,Opportunity,OPP-00430,Email,2021-06-20
ACT-0000108,Lead,LEAD-00043,Meeting,2021-06-21
ACT-0002542,Opportunity,OPP-00166,Task,2021-06-21
ACT-0003329,Opportunity,OPP-00362,Task,2021-06-21
ACT-0001804,Lead,LEAD-00721,Phone Call,2021-06-23
ACT-0002761,Opportunity,OPP-00221,Meeting,2021-06-23
ACT-0003600,Opportunity,OPP-00430,Email,2021-06-23
ACT-0000675,Lead,LEAD-00269,Phone Call,2021-06-24
ACT-0002727,Opportunity,OPP-00212,Email,2021-06-24
ACT-0000855,Lead,LEAD-00339,Email,2021-06-25
ACT-0001246,Lead,LEAD-00501,Phone Call,2021-06-25
ACT-0001336,Lead,LEAD-00536,Email,2021-06-26
ACT-0002730,Opportunity,OPP-00212,Task,2021-06-26
ACT-0003331,Opportunity,OPP-00362,Task,2021-06-26
ACT-0001742,Lead,LEAD-00696,Phone Call,2021-06-27
ACT-0001806,Lead,LEAD-00721,Task,2021-06-27
ACT-0002045,Opportunity,OPP-00043,Task,2021-06-27
ACT-0000098,Lead,LEAD-00039,Task,2021-06-28
ACT-0000311,Lead,LEAD-00125,Task,2021-06-28
ACT-0001335,Lead,LEAD-00536,Task,2021-06-28
ACT-0002729,Opportunity,OPP-00212,Phone Call,2021-06-28
ACT-0002922,Opportunity,OPP-00259,Meeting,2021-06-28
ACT-0000313,Lead,LEAD-00125,Phone Call,2021-06-29
ACT-0000097,Lead,LEAD-00039,Phone Call,2021-06-30
ACT-0001247,Lead,LEAD-00501,Email,2021-06-30
ACT-0001501,Lead,LEAD-00598,Email,2021-06-30
ACT-0000312,Lead,LEAD-00125,Phone Call,2021-07-02
ACT-0001500,Lead,LEAD-00598,Phone Call,2021-07-02
ACT-0003327,Opportunity,OPP-00362,Task,2021-07-02
ACT-0001245,Lead,LEAD-00501,Phone Call,2021-07-03
ACT-0001762,Lead,LEAD-00705,Phone Call,2021-07-03
ACT-0001805,Lead,LEAD-00721,Phone Call,2021-07-03
ACT-0003601,Opportunity,OPP-00430,Task,2021-07-03
ACT-0001029,Lead,LEAD-00418,Task,2021-07-04
ACT-0001031,Lead,LEAD-00418,Meeting,2021-07-04
ACT-0001243,Lead,LEAD-00500,Email,2021-07-04
ACT-0003442,Opportunity,OPP-00388,Email,2021-07-04
ACT-0001244,Lead,LEAD-00501,Email,2021-07-05
ACT-0001502,Lead,LEAD-00598,Task,2021-07-06
ACT-0001081,Lead,LEAD-00436,Email,2021-07-07
ACT-0003332,Opportunity,OPP-00362,Task,2021-07-07
ACT-0002631,Opportunity,OPP-00188,Phone Call,2021-07-08
ACT-0001030,Lead,LEAD-00418,Phone Call,2021-07-09
ACT-0001082,Lead,LEAD-00436,Email,2021-07-09
ACT-0002310,Opportunity,OPP-00107,Task,2021-07-09
ACT-0003330,Opportunity,OPP-00362,Phone Call,2021-07-09
ACT-0003438,Opportunity,OPP-00388,Phone Call,2021-07-09
ACT-0001868,Lead,LEAD-00747,Email,2021-07-10
ACT-0000879,Lead,LEAD-00352,Phone Call,2021-07-11
ACT-0001032,Lead,LEAD-00418,Meeting,2021-07-11
ACT-0002048,Opportunity,OPP-00043,Email,2021-07-11
ACT-0000465,Lead,LEAD-00188,Email,2021-07-12
ACT-0001499,Lead,LEAD-00598,Task,2021-07-12
ACT-0003573,Opportunity,OPP-00422,Task,2021-07-12
ACT-0000466,Lead,LEAD-00188,Phone Call,2021-07-13
ACT-0000878,Lead,LEAD-00352,Email,2021-07-13
ACT-0002046,Opportunity,OPP-00043,Phone Call,2021-07-13
ACT-0000464,Lead,LEAD-00188,Phone Call,2021-07-14
ACT-0000897,Lead,LEAD-00360,Email,2021-07-14
ACT-0000898,Lead,LEAD-00360,Meeting,2021-07-14
ACT-0002634,Opportunity,OPP-00188,Email,2021-07-14
ACT-0003328,Opportunity,OPP-00362,Phone Call,2021-07-14
ACT-0003441,Opportunity,OPP-00388,Email,2021-07-15
ACT-0001190,Lead,LEAD-00482,Email,2021-07-16
ACT-0001191,Lead,LEAD-00482,Email,2021-07-16
ACT-0003440,Opportunity,OPP-00388,Email,2021-07-16
ACT-0003443,Opportunity,OPP-00388,Task,2021-07-16
ACT-0003375,Opportunity,OPP-00374,Email,2021-07-17
ACT-0000370,Lead,LEAD-00152,Phone Call,2021-07-18
ACT-0000877,Lead,LEAD-00352,Phone Call,2021-07-18
ACT-0000948,Lead,LEAD-00383,Phone Call,2021-07-18
ACT-0001763,Lead,LEAD-00705,Phone Call,2021-07-18
ACT-0002540,Opportunity,OPP-00166,Meeting,2021-07-18
ACT-0003333,Opportunity,OPP-00363,Phone Call,2021-07-18
ACT-0003377,Opportunity,OPP-00374,Phone Call,2021-07-18
ACT-0001080,Lead,LEAD-00436,Phone Call,2021-07-19
ACT-0001764,Lead,LEAD-00705,Email,2021-07-19
ACT-0002545,Opportunity,OPP-00166,Phone Call,2021-07-19
ACT-0001261,Lead,LEAD-00507,Email,2021-07-20
ACT-0003572,Opportunity,OPP-00422,Meeting,2021-07-20
ACT-0002047,Opportunity,OPP-00043,Phone Call,2021-07-21
ACT-0002535,Opportunity,OPP-00164,Task,2021-07-21
ACT-0002636,Opportunity,OPP-00188,Email,2021-07-22
ACT-0000876,Lead,LEAD-00352,Email,2021-07-23
ACT-0001867,Lead,LEAD-00747,Task,2021-07-23
ACT-0000143,Lead,LEAD-00054,Phone Call,2021-07-24
ACT-0001260,Lead,LEAD-00507,Phone Call,2021-07-24
ACT-0003085,Opportunity,OPP-00296,Email,2021-07-24
ACT-0003166,Opportunity,OPP-00317,Email,2021-07-25
ACT-0000141,Lead,LEAD-00054,Email,2021-07-27
ACT-0000142,Lead,LEAD-00054,Phone Call,2021-07-28
ACT-0002635,Opportunity,OPP-00188,Meeting,2021-07-28
ACT-0001560,Lead,LEAD-00626,Phone Call,2021-07-29
ACT-0002049,Opportunity,OPP-00043,Email,2021-07-29
ACT-0003082,Opportunity,OPP-00296,Phone Call,2021-07-30
ACT-0003334,Opportunity,OPP-00363,Phone Call,2021-07-30
ACT-0003571,Opportunity,OPP-00422,Email,2021-07-31
ACT-0001521,Lead,LEAD-00605,Meeting,2021-08-01
ACT-0003084,Opportunity,OPP-00296,Phone Call,2021-08-01
ACT-0000920,Lead,LEAD-00369,Task,2021-08-02
ACT-0001558,Lead,LEAD-00626,Email,2021-08-02
ACT-0000919,Lead,LEAD-00369,Email,2021-08-03
ACT-0001522,Lead,LEAD-00605,Phone Call,2021-08-03
ACT-0001559,Lead,LEAD-00626,Task,2021-08-03
ACT-0003083,Opportunity,OPP-00296,Email,2021-08-03
ACT-0003165,Opportunity,OPP-00317,Meeting,2021-08-03
ACT-0000662,Lead,LEAD-00265,Meeting,2021-08-04
ACT-0001259,Lead,LEAD-00507,Email,2021-08-05
ACT-0003570,Opportunity,OPP-00422,Phone Call,2021-08-05
ACT-0000586,Lead,LEAD-00235,Email,2021-08-07
ACT-0002032,Opportunity,OPP-00039,Task,2021-08-08
ACT-0002633,Opportunity,OPP-00188,Email,2021-08-09
ACT-0000461,Lead,LEAD-00187,Phone Call,2021-08-10
ACT-0001151,Lead,LEAD-00466,Phone Call,2021-08-10
ACT-0001152,Lead,LEAD-00466,Phone Call,2021-08-10
ACT-0000327,Lead,LEAD-00131,Email,2021-08-11
ACT-0000918,Lead,LEAD-00369,Email,2021-08-11
ACT-0001396,Lead,LEAD-00558,Phone Call,2021-08-11
ACT-0002626,Opportunity,OPP-00187,Email,2021-08-12
ACT-0003087,Opportunity,OPP-00296,Phone Call,2021-08-12
ACT-0000660,Lead,LEAD-00265,Phone Call,2021-08-13
ACT-0001028,Lead,LEAD-00417,Email,2021-08-14
ACT-0001782,Lead,LEAD-00712,Phone Call,2021-08-14
ACT-0001784,Lead,LEAD-00712,Phone Call,2021-08-14
ACT-0002489,Opportunity,OPP-00152,Phone Call,2021-08-14
ACT-0002632,Opportunity,OPP-00188,Phone Call,2021-08-14
ACT-0000368,Lead,LEAD-00151,Email,2021-08-15
ACT-0000661,Lead,LEAD-00265,Phone Call,2021-08-15
ACT-0001027,Lead,LEAD-00417,Phone Call,2021-08-15
ACT-0002380,Opportunity,OPP-00125,Email,2021-08-15
ACT-0002487,Opportunity,OPP-00152,Email,2021-08-15
ACT-0002097,Opportunity,OPP-00054,Email,2021-08-16
ACT-0002375,Opportunity,OPP-00125,Email,2021-08-16
ACT-0000462,Lead,LEAD-00187,Phone Call,2021-08-17
ACT-0002030,Opportunity,OPP-00039,Email,2021-08-17
ACT-0003086,Opportunity,OPP-00296,Phone Call,2021-08-17
ACT-0000463,Lead,LEAD-00187,Email,2021-08-18
ACT-0000917,Lead,LEAD-00369,Meeting,2021-08-18
ACT-0001026,Lead,LEAD-00417,Meeting,2021-08-18
ACT-0000739,Lead,LEAD-00294,Phone Call,2021-08-19
ACT-0002095,Opportunity,OPP-00054,Email,2021-08-19
ACT-0002629,Opportunity,OPP-00187,Email,2021-08-19
ACT-0002490,Opportunity,OPP-00152,Phone Call,2021-08-20
ACT-0002625,Opportunity,OPP-00187,Email,2021-08-20
ACT-0003167,Opportunity,OPP-00317,Email,2021-08-20
ACT-0000701,Lead,LEAD-00280,Meeting,2021-08-21
ACT-0001783,Lead,LEAD-00712,Email,2021-08-21
ACT-0002376,Opportunity,OPP-00125,Email,2021-08-21
ACT-0002536,Opportunity,OPP-00164,Phone Call,2021-08-21
ACT-0003376,Opportunity,OPP-00374,Email,2021-08-21
ACT-0000481,Lead,LEAD-00193,Task,2021-08-22
ACT-0000738,Lead,LEAD-00294,Email,2021-08-22
ACT-0001141,Lead,LEAD-00461,Meeting,2021-08-22
ACT-0002098,Opportunity,OPP-00054,Email,2021-08-22
ACT-0003168,Opportunity,OPP-00317,Email,2021-08-22
ACT-0000736,Lead,LEAD-00294,Email,2021-08-23
ACT-0002630,Opportunity,OPP-00187,Email,2021-08-23
ACT-0001153,Lead,LEAD-00466,Meeting,2021-08-24
ACT-0001453,Lead,LEAD-00578,Task,2021-08-24
ACT-0001456,Lead,LEAD-00578,Phone Call,2021-08-24
ACT-0000479,Lead,LEAD-00193,Task,2021-08-25
ACT-0001395,Lead,LEAD-00558,Phone Call,2021-08-26
ACT-0001397,Lead,LEAD-00558,Phone Call,2021-08-26
ACT-0002378,Opportunity,OPP-00125,Email,2021-08-26
ACT-0002096,Opportunity,OPP-00054,Email,2021-08-27
ACT-0000480,Lead,LEAD-00193,Email,2021-08-28
ACT-0002628,Opportunity,OPP-00187,Email,2021-08-28
ACT-0000369,Lead,LEAD-00151,Email,2021-08-29
ACT-0000921,Lead,LEAD-00370,Task,2021-08-29
ACT-0002485,Opportunity,OPP-00151,Phone Call,2021-08-29
ACT-0002486,Opportunity,OPP-00151,Task,2021-08-29
ACT-0002942,Opportunity,OPP-00264,Email,2021-08-29
ACT-0002379,Opportunity,OPP-00125,Email,2021-08-31
ACT-0002488,Opportunity,OPP-00152,Email,2021-09-01
ACT-0002827,Opportunity,OPP-00235,Phone Call,2021-09-01
ACT-0003651,Opportunity,OPP-00441,Phone Call,2021-09-01
ACT-0000008,Lead,LEAD-00005,Meeting,2021-09-03
ACT-0000618,Lead,LEAD-00247,Email,2021-09-03
ACT-0000700,Lead,LEAD-00280,Phone Call,2021-09-03
ACT-0000702,Lead,LEAD-00280,Phone Call,2021-09-03
ACT-0000703,Lead,LEAD-00280,Meeting,2021-09-03
ACT-0001454,Lead,LEAD-00578,Email,2021-09-03
ACT-0002828,Opportunity,OPP-00235,Phone Call,2021-09-03
ACT-0000929,Lead,LEAD-00374,Phone Call,2021-09-04
ACT-0002401,Opportunity,OPP-00131,Email,2021-09-04
ACT-0000387,Lead,LEAD-00158,Task,2021-09-05
ACT-0001455,Lead,LEAD-00578,Phone Call,2021-09-05
ACT-0001601,Lead,LEAD-00642,Task,2021-09-05
ACT-0002031,Opportunity,OPP-00039,Email,2021-09-05
ACT-0002539,Opportunity,OPP-00165,Phone Call,2021-09-05
ACT-0000009,Lead,LEAD-00005,Phone Call,2021-09-06
ACT-0002627,Opportunity,OPP-00187,Task,2021-09-06
ACT-0000737,Lead,LEAD-00294,Phone Call,2021-09-07
ACT-0001632,Lead,LEAD-00653,Phone Call,2021-09-07
ACT-0002403,Opportunity,OPP-00131,Email,2021-09-07
ACT-0002484,Opportunity,OPP-00151,Phone Call,2021-09-07
ACT-0002537,Opportunity,OPP-00165,Task,2021-09-07
ACT-0000340,Lead,LEAD-00138,Phone Call,2021-09-08
ACT-0000533,Lead,LEAD-00215,Email,2021-09-08
ACT-0002943,Opportunity,OPP-00264,Email,2021-09-08
ACT-0000438,Lead,LEAD-00180,Phone Call,2021-09-09
ACT-0000440,Lead,LEAD-00180,Task,2021-09-09
ACT-0001055,Lead,LEAD-00426,Phone Call,2021-09-09
ACT-0002825,Opportunity,OPP-00235,Email,2021-09-09
ACT-0000439,Lead,LEAD-00180,Phone Call,2021-09-10
ACT-0000534,Lead,LEAD-00215,Task,2021-09-10
ACT-0000617,Lead,LEAD-00247,Email,2021-09-10
ACT-0001631,Lead,LEAD-00653,Email,2021-09-10
ACT-0002512,Opportunity,OPP-00158,Meeting,2021-09-10
ACT-0000239,Lead,LEAD-00096,Email,2021-09-11
ACT-0000930,Lead,LEAD-00374,Phone Call,2021-09-11
ACT-0002941,Opportunity,OPP-00264,Meeting,2021-09-11
ACT-0000365,Lead,LEAD-00148,Task,2021-09-12
ACT-0000437,Lead,LEAD-00180,Meeting,2021-09-12
ACT-0001600,Lead,LEAD-00642,Email,2021-09-12
ACT-0003647,Opportunity,OPP-00441,Phone Call,2021-09-12
ACT-0000903,Lead,LEAD-00362,Email,2021-09-13
ACT-0002404,Opportunity,OPP-00131,Meeting,2021-09-13
ACT-0002742,Opportunity,OPP-00215,Task,2021-09-13
ACT-0000385,Lead,LEAD-00158,Email,2021-09-14
ACT-0000883,Lead,LEAD-00354,Phone Call,2021-09-14
ACT-0002744,Opportunity,OPP-00215,Email,2021-09-14
ACT-0001633,Lead,LEAD-00653,Phone Call,2021-09-15
ACT-0000832,Lead,LEAD-00331,Meeting,2021-09-16
ACT-0000882,Lead,LEAD-00354,Email,2021-09-16
ACT-0000884,Lead,LEAD-00354,Phone Call,2021-09-16
ACT-0001053,Lead,LEAD-00426,Meeting,2021-09-16
ACT-0002871,Opportunity,OPP-00247,Task,2021-09-16
ACT-0002873,Opportunity,OPP-00247,Meeting,2021-09-16
ACT-0002940,Opportunity,OPP-00264,Phone Call,2021-09-16
ACT-0000386,Lead,LEAD-00158,Email,2021-09-17
ACT-0001381,Lead,LEAD-00552,Phone Call,2021-09-17
ACT-0000807,Lead,LEAD-00320,Phone Call,2021-09-18
ACT-0001056,Lead,LEAD-00426,Phone Call,2021-09-18
ACT-0001135,Lead,LEAD-00458,Email,2021-09-18
ACT-0001716,Lead,LEAD-00686,Task,2021-09-18
ACT-0003648,Opportunity,OPP-00441,Email,2021-09-18
ACT-0000833,Lead,LEAD-00331,Phone Call,2021-09-19
ACT-0001428,Lead,LEAD-00570,Email,2021-09-19
ACT-0001430,Lead,LEAD-00570,Task,2021-09-19
ACT-0000237,Lead,LEAD-00096,Email,2021-09-20
ACT-0001431,Lead,LEAD-00570,Meeting,2021-09-20
ACT-0001731,Lead,LEAD-00692,Phone Call,2021-09-20
ACT-0002538,Opportunity,OPP-00165,Phone Call,2021-09-20
ACT-0002979,Opportunity,OPP-00274,Task,2021-09-20
ACT-0002980,Opportunity,OPP-00274,Meeting,2021-09-20
ACT-0001765,Lead,LEAD-00706,Task,2021-09-21
ACT-0002377,Opportunity,OPP-00125,Phone Call,2021-09-21
ACT-0002402,Opportunity,OPP-00131,Phone Call,2021-09-21
ACT-0000240,Lead,LEAD-00096,Phone Call,2021-09-22
ACT-0002977,Opportunity,OPP-00274,Task,2021-09-22
ACT-0003129,Opportunity,OPP-00306,Email,2021-09-22
ACT-0002400,Opportunity,OPP-00131,Phone Call,2021-09-23
ACT-0000238,Lead,LEAD-00096,Email,2021-09-24
ACT-0001380,Lead,LEAD-00552,Phone Call,2021-09-24
ACT-0003291,Opportunity,OPP-00350,Email,2021-09-24
ACT-0000341,Lead,LEAD-00138,Email,2021-09-25
ACT-0001175,Lead,LEAD-00476,Email,2021-09-25
ACT-0001766,Lead,LEAD-00706,Meeting,2021-09-25
ACT-0000220,Lead,LEAD-00090,Email,2021-09-26
ACT-0000222,Lead,LEAD-00090,Email,2021-09-26
ACT-0001717,Lead,LEAD-00686,Phone Call,2021-09-26
ACT-0003588,Opportunity,OPP-00427,Phone Call,2021-09-26
ACT-0000219,Lead,LEAD-00090,Phone Call,2021-09-27
ACT-0000808,Lead,LEAD-00320,Email,2021-09-27
ACT-0001048,Lead,LEAD-00424,Meeting,2021-09-27
ACT-0001054,Lead,LEAD-00426,Task,2021-09-27
ACT-0001176,Lead,LEAD-00476,Email,2021-09-27
ACT-0001768,Lead,LEAD-00706,Email,2021-09-27
ACT-0002274,Opportunity,OPP-00096,Phone Call,2021-09-27
ACT-0000947,Lead,LEAD-00382,Email,2021-09-29
ACT-0001047,Lead,LEAD-00424,Email,2021-09-29
ACT-0001906,Opportunity,OPP-00005,Email,2021-09-29
ACT-0001767,Lead,LEAD-00706,Task,2021-09-30
ACT-0003650,Opportunity,OPP-00441,Phone Call,2021-09-30
ACT-0001907,Opportunity,OPP-00005,Email,2021-10-01
ACT-0003126,Opportunity,OPP-00306,Phone Call,2021-10-01
ACT-0000221,Lead,LEAD-00090,Meeting,2021-10-02
ACT-0003649,Opportunity,OPP-00441,Task,2021-10-02
ACT-0001178,Lead,LEAD-00476,Email,2021-10-03
ACT-0002276,Opportunity,OPP-00096,Phone Call,2021-10-03
ACT-0002511,Opportunity,OPP-00158,Meeting,2021-10-03
ACT-0002513,Opportunity,OPP-00158,Phone Call,2021-10-03
ACT-0003155,Opportunity,OPP-00313,Email,2021-10-03
ACT-0001429,Lead,LEAD-00570,Email,2021-10-04
ACT-0001786,Lead,LEAD-00714,Phone Call,2021-10-04
ACT-0001177,Lead,LEAD-00476,Phone Call,2021-10-05
ACT-0003305,Opportunity,OPP-00355,Phone Call,2021-10-05
ACT-0003612,Opportunity,OPP-00432,Phone Call,2021-10-05
ACT-0002602,Opportunity,OPP-00180,Email,2021-10-06
ACT-0001050,Lead,LEAD-00424,Email,2021-10-07
ACT-0002275,Opportunity,OPP-00096,Phone Call,2021-10-07
ACT-0002599,Opportunity,OPP-00180,Email,2021-10-07
ACT-0002826,Opportunity,OPP-00235,Email,2021-10-08
ACT-0003059,Opportunity,OPP-00291,Email,2021-10-08
ACT-0002875,Opportunity,OPP-00247,Task,2021-10-09
ACT-0003127,Opportunity,OPP-00306,Email,2021-10-09
ACT-0000214,Lead,LEAD-00087,Email,2021-10-10
ACT-0000980,Lead,LEAD-00399,Phone Call,2021-10-10
ACT-0001787,Lead,LEAD-00714,Phone Call,2021-10-10
ACT-0001788,Lead,LEAD-00714,Phone Call,2021-10-10
ACT-0001909,Opportunity,OPP-00005,Task,2021-10-10
ACT-0002471,Opportunity,OPP-00148,Meeting,2021-10-10
ACT-0002743,Opportunity,OPP-00215,Meeting,2021-10-10
ACT-0003292,Opportunity,OPP-00350,Phone Call,2021-10-10
ACT-0000212,Lead,LEAD-00087,Phone Call,2021-10-11
ACT-0002273,Opportunity,OPP-00096,Meeting,2021-10-11
ACT-0003293,Opportunity,OPP-00350,Meeting,2021-10-11
ACT-0000588,Lead,LEAD-00237,Meeting,2021-10-12
ACT-0000213,Lead,LEAD-00087,Phone Call,2021-10-13
ACT-0003637,Opportunity,OPP-00438,Task,2021-10-13
ACT-0000721,Lead,LEAD-00287,Phone Call,2021-10-14
ACT-0001219,Lead,LEAD-00493,Phone Call,2021-10-14
ACT-0001221,Lead,LEAD-00493,Meeting,2021-10-14
ACT-0002514,Opportunity,OPP-00158,Phone Call,2021-10-14
ACT-0003589,Opportunity,OPP-00427,Task,2021-10-14
ACT-0000535,Lead,LEAD-00216,Email,2021-10-15
ACT-0001049,Lead,LEAD-00424,Phone Call,2021-10-15
ACT-0002749,Opportunity,OPP-00216,Email,2021-10-15
ACT-0001842,Lead,LEAD-00738,Phone Call,2021-10-16
ACT-0002872,Opportunity,OPP-00247,Meeting,2021-10-16
ACT-0001796,Lead,LEAD-00717,Task,2021-10-17
ACT-0001798,Lead,LEAD-00717,Phone Call,2021-10-17
ACT-0003613,Opportunity,OPP-00432,Email,2021-10-17
ACT-0000536,Lead,LEAD-00216,Phone Call,2021-10-18
ACT-0000780,Lead,LEAD-00311,Task,2021-10-18
ACT-0000981,Lead,LEAD-00399,Email,2021-10-18
ACT-0002600,Opportunity,OPP-00180,Email,2021-10-18
ACT-0002874,Opportunity,OPP-00247,Email,2021-10-18
ACT-0003060,Opportunity,OPP-00291,Phone Call,2021-10-18
ACT-0003113,Opportunity,OPP-00303,Phone Call,2021-10-18
ACT-0000589,Lead,LEAD-00237,Phone Call,2021-10-19
ACT-0001581,Lead,LEAD-00636,Email,2021-10-19
ACT-0002981,Opportunity,OPP-00274,Task,2021-10-19
ACT-0003590,Opportunity,OPP-00427,Email,2021-10-20
ACT-0000979,Lead,LEAD-00399,Email,2021-10-21
ACT-0001582,Lead,LEAD-00636,Email,2021-10-21
ACT-0002876,Opportunity,OPP-00247,Phone Call,2021-10-21
ACT-0003128,Opportunity,OPP-00306,Phone Call,2021-10-21
ACT-0000781,Lead,LEAD-00311,Email,2021-10-22
ACT-0000782,Lead,LEAD-00311,Phone Call,2021-10-22
ACT-0002982,Opportunity,OPP-00274,Email,2021-10-22
ACT-0003614,Opportunity,OPP-00432,Phone Call,2021-10-22
ACT-0002741,Opportunity,OPP-00215,Email,2021-10-23
ACT-0002745,Opportunity,OPP-00215,Email,2021-10-23
ACT-0000783,Lead,LEAD-00311,Email,2021-10-26
ACT-0003115,Opportunity,OPP-00303,Meeting,2021-10-26
ACT-0000356,Lead,LEAD-00144,Email,2021-10-27
ACT-0001218,Lead,LEAD-00493,Phone Call,2021-10-27
ACT-0001533,Lead,LEAD-00611,Email,2021-10-27
ACT-0002978,Opportunity,OPP-00274,Phone Call,2021-10-27
ACT-0001220,Lead,LEAD-00493,Phone Call,2021-10-28
ACT-0001797,Lead,LEAD-00717,Phone Call,2021-10-28
ACT-0003062,Opportunity,OPP-00291,Email,2021-10-29
ACT-0001579,Lead,LEAD-00636,Email,2021-10-30
ACT-0003004,Opportunity,OPP-00279,Meeting,2021-10-30
ACT-0003130,Opportunity,OPP-00306,Email,2021-10-30
ACT-0002475,Opportunity,OPP-00148,Phone Call,2021-10-31
ACT-0003635,Opportunity,OPP-00438,Phone Call,2021-10-31
ACT-0001532,Lead,LEAD-00611,Email,2021-11-01
ACT-0001534,Lead,LEAD-00611,Phone Call,2021-11-01
ACT-0001843,Lead,LEAD-00738,Phone Call,2021-11-01
ACT-0002653,Opportunity,OPP-00193,Phone Call,2021-11-01
ACT-0003156,Opportunity,OPP-00313,Phone Call,2021-11-01
ACT-0000335,Lead,LEAD-00134,Task,2021-11-02
ACT-0002975,Opportunity,OPP-00273,Phone Call,2021-11-02
ACT-0003061,Opportunity,OPP-00291,Task,2021-11-03
ACT-0003304,Opportunity,OPP-00355,Email,2021-11-03
ACT-0003636,Opportunity,OPP-00438,Email,2021-11-03
ACT-0000169,Lead,LEAD-00065,Phone Call,2021-11-04
ACT-0001580,Lead,LEAD-00636,Email,2021-11-04
ACT-0003007,Opportunity,OPP-00279,Task,2021-11-04
ACT-0000967,Lead,LEAD-00394,Phone Call,2021-11-05
ACT-0001908,Opportunity,OPP-00005,Meeting,2021-11-05
ACT-0002601,Opportunity,OPP-00180,Email,2021-11-05
ACT-0003006,Opportunity,OPP-00279,Email,2021-11-05
ACT-0003480,Opportunity,OPP-00398,Email,2021-11-05
ACT-0000170,Lead,LEAD-00065,Email,2021-11-06
ACT-0003657,Opportunity,OPP-00442,Phone Call,2021-11-06
ACT-0000357,Lead,LEAD-00144,Phone Call,2021-11-08
ACT-0000815,Lead,LEAD-00323,Task,2021-11-08
ACT-0003686,Opportunity,OPP-00449,Phone Call,2021-11-08
ACT-0000816,Lead,LEAD-00323,Phone Call,2021-11-09
ACT-0001106,Lead,LEAD-00447,Email,2021-11-10
ACT-0002472,Opportunity,OPP-00148,Task,2021-11-10
ACT-0000036,Lead,LEAD-00015,Phone Call,2021-11-11
ACT-0001105,Lead,LEAD-00447,Meeting,2021-11-11
ACT-0002474,Opportunity,OPP-00148,Phone Call,2021-11-11
ACT-0002746,Opportunity,OPP-00216,Email,2021-11-11
ACT-0003652,Opportunity,OPP-00442,Phone Call,2021-11-11
ACT-0000824,Lead,LEAD-00327,Phone Call,2021-11-12
ACT-0001107,Lead,LEAD-00447,Phone Call,2021-11-13
ACT-0002237,Opportunity,OPP-00087,Phone Call,2021-11-13
ACT-0001590,Lead,LEAD-00639,Phone Call,2021-11-14
ACT-0001749,Lead,LEAD-00700,Phone Call,2021-11-14
ACT-0002834,Opportunity,OPP-00237,Email,2021-11-14
ACT-0003058,Opportunity,OPP-00291,Phone Call,2021-11-14
ACT-0003482,Opportunity,OPP-00398,Task,2021-11-14
ACT-0002651,Opportunity,OPP-00193,Phone Call,2021-11-15
ACT-0002833,Opportunity,OPP-00237,Phone Call,2021-11-15
ACT-0003114,Opportunity,OPP-00303,Email,2021-11-15
ACT-0003654,Opportunity,OPP-00442,Email,2021-11-15
ACT-0002473,Opportunity,OPP-00148,Phone Call,2021-11-16
ACT-0002747,Opportunity,OPP-00216,Task,2021-11-16
ACT-0000968,Lead,LEAD-00394,Email,2021-11-17
ACT-0002141,Opportunity,OPP-00065,Email,2021-11-17
ACT-0002835,Opportunity,OPP-00237,Phone Call,2021-11-17
ACT-0002837,Opportunity,OPP-00237,Task,2021-11-17
ACT-0003653,Opportunity,OPP-00442,Phone Call,2021-11-17
ACT-0000825,Lead,LEAD-00327,Phone Call,2021-11-18
ACT-0001591,Lead,LEAD-00639,Email,2021-11-18
ACT-0003005,Opportunity,OPP-00279,Email,2021-11-18
ACT-0003638,Opportunity,OPP-00438,Phone Call,2021-11-18
ACT-0000515,Lead,LEAD-00208,Phone Call,2021-11-19
ACT-0002748,Opportunity,OPP-00216,Task,2021-11-19
ACT-0003003,Opportunity,OPP-00279,Phone Call,2021-11-19
ACT-0000814,Lead,LEAD-00323,Meeting,2021-11-20
ACT-0001750,Lead,LEAD-00700,Phone Call,2021-11-20
ACT-0001751,Lead,LEAD-00700,Phone Call,2021-11-20
ACT-0003267,Opportunity,OPP-00343,Phone Call,2021-11-20
ACT-0001329,Lead,LEAD-00533,Phone Call,2021-11-21
ACT-0000683,Lead,LEAD-00272,Task,2021-11-22
ACT-0000823,Lead,LEAD-00327,Phone Call,2021-11-22
ACT-0001878,Lead,LEAD-00752,Meeting,2021-11-22
ACT-0003319,Opportunity,OPP-00359,Email,2021-11-22
ACT-0003483,Opportunity,OPP-00398,Phone Call,2021-11-22
ACT-0002236,Opportunity,OPP-00087,Meeting,2021-11-23
ACT-0002838,Opportunity,OPP-00237,Phone Call,2021-11-23
ACT-0003041,Opportunity,OPP-00287,Phone Call,2021-11-23
ACT-0002142,Opportunity,OPP-00065,Phone Call,2021-11-24
ACT-0003634,Opportunity,OPP-00437,Email,2021-11-24
ACT-0001327,Lead,LEAD-00533,Phone Call,2021-11-25
ACT-0001589,Lead,LEAD-00639,Email,2021-11-25
ACT-0002652,Opportunity,OPP-00193,Task,2021-11-25
ACT-0003655,Opportunity,OPP-00442,Email,2021-11-25
ACT-0000864,Lead,LEAD-00345,Phone Call,2021-11-26
ACT-0001874,Lead,LEAD-00750,Phone Call,2021-11-26
ACT-0002415,Opportunity,OPP-00134,Meeting,2021-11-26
ACT-0000015,Lead,LEAD-00008,Phone Call,2021-11-27
ACT-0000682,Lead,LEAD-00272,Phone Call,2021-11-27
ACT-0001592,Lead,LEAD-00639,Phone Call,2021-11-27
ACT-0001879,Lead,LEAD-00752,Task,2021-11-27
ACT-0001328,Lead,LEAD-00533,Email,2021-11-28
ACT-0001877,Lead,LEAD-00752,Phone Call,2021-11-28
ACT-0001945,Opportunity,OPP-00015,Phone Call,2021-11-28
ACT-0001880,Lead,LEAD-00752,Phone Call,2021-11-29
ACT-0000315,Lead,LEAD-00126,Phone Call,2021-11-30
ACT-0002976,Opportunity,OPP-00273,Email,2021-11-30
ACT-0003039,Opportunity,OPP-00287,Task,2021-11-30
ACT-0003270,Opportunity,OPP-00343,Meeting,2021-11-30
ACT-0003685,Opportunity,OPP-00449,Email,2021-11-30
ACT-0001872,Lead,LEAD-00750,Phone Call,2021-12-01
ACT-0002455,Opportunity,OPP-00144,Phone Call,2021-12-01
ACT-0003042,Opportunity,OPP-00287,Email,2021-12-01
ACT-0003318,Opportunity,OPP-00359,Email,2021-12-01
ACT-0000820,Lead,LEAD-00326,Phone Call,2021-12-04
ACT-0003038,Opportunity,OPP-00287,Email,2021-12-04
ACT-0003479,Opportunity,OPP-00398,Phone Call,2021-12-04
ACT-0003481,Opportunity,OPP-00398,Phone Call,2021-12-04
ACT-0003630,Opportunity,OPP-00437,Phone Call,2021-12-04
ACT-0003633,Opportunity,OPP-00437,Phone Call,2021-12-04
ACT-0001873,Lead,LEAD-00750,Meeting,2021-12-05
ACT-0001946,Opportunity,OPP-00015,Phone Call,2021-12-05
ACT-0002238,Opportunity,OPP-00087,Email,2021-12-05
ACT-0001920,Opportunity,OPP-00008,Phone Call,2021-12-06
ACT-0002427,Opportunity,OPP-00138,Phone Call,2021-12-06
ACT-0002428,Opportunity,OPP-00138,Task,2021-12-06
ACT-0000016,Lead,LEAD-00008,Task,2021-12-07
ACT-0000314,Lead,LEAD-00126,Phone Call,2021-12-07
ACT-0002239,Opportunity,OPP-00087,Task,2021-12-07
ACT-0002411,Opportunity,OPP-00134,Task,2021-12-08
ACT-0003185,Opportunity,OPP-00322,Phone Call,2021-12-09
ACT-0000821,Lead,LEAD-00326,Task,2021-12-10
ACT-0002252,Opportunity,OPP-00090,Email,2021-12-10
ACT-0002453,Opportunity,OPP-00144,Meeting,2021-12-10
ACT-0001036,Lead,LEAD-00419,Task,2021-12-11
ACT-0002951,Opportunity,OPP-00266,Task,2021-12-11
ACT-0003509,Opportunity,OPP-00405,Phone Call,2021-12-11
ACT-0001033,Lead,LEAD-00419,Email,2021-12-12
ACT-0001557,Lead,LEAD-00625,Meeting,2021-12-12
ACT-0001034,Lead,LEAD-00419,Meeting,2021-12-13
ACT-0001772,Lead,LEAD-00708,Email,2021-12-13
ACT-0003269,Opportunity,OPP-00343,Email,2021-12-14
ACT-0002381,Opportunity,OPP-00126,Phone Call,2021-12-15
ACT-0003632,Opportunity,OPP-00437,Email,2021-12-15
ACT-0001035,Lead,LEAD-00419,Email,2021-12-16
ACT-0003317,Opportunity,OPP-00359,Meeting,2021-12-17
ACT-0003507,Opportunity,OPP-00405,Task,2021-12-17
ACT-0001866,Lead,LEAD-00746,Task,2021-12-18
ACT-0000822,Lead,LEAD-00326,Phone Call,2021-12-19
ACT-0003097,Opportunity,OPP-00299,Email,2021-12-19
ACT-0003268,Opportunity,OPP-00343,Email,2021-12-19
ACT-0003631,Opportunity,OPP-00437,Task,2021-12-19
ACT-0003656,Opportunity,OPP-00442,Phone Call,2021-12-19
ACT-0001013,Lead,LEAD-00413,Phone Call,2021-12-20
ACT-0001773,Lead,LEAD-00708,Email,2021-12-20
ACT-0003265,Opportunity,OPP-00343,Email,2021-12-20
ACT-0003266,Opportunity,OPP-00343,Phone Call,2021-12-20
ACT-0000637,Lead,LEAD-00256,Meeting,2021-12-21
ACT-0000827,Lead,LEAD-00329,Phone Call,2021-12-21
ACT-0001846,Lead,LEAD-00740,Task,2021-12-21
ACT-0000344,Lead,LEAD-00140,Email,2021-12-22
ACT-0001864,Lead,LEAD-00746,Task,2021-12-22
ACT-0001921,Opportunity,OPP-00008,Email,2021-12-22
ACT-0002950,Opportunity,OPP-00266,Email,2021-12-22
ACT-0000345,Lead,LEAD-00140,Task,2021-12-23
ACT-0002412,Opportunity,OPP-00134,Phone Call,2021-12-23
ACT-0003043,Opportunity,OPP-00287,Phone Call,2021-12-23
ACT-0001865,Lead,LEAD-00746,Email,2021-12-24
ACT-0002454,Opportunity,OPP-00144,Phone Call,2021-12-24
ACT-0003099,Opportunity,OPP-00299,Phone Call,2021-12-24
ACT-0000065,Lead,LEAD-00028,Phone Call,2021-12-25
ACT-0002451,Opportunity,OPP-00144,Phone Call,2021-12-25
ACT-0000581,Lead,LEAD-00232,Phone Call,2021-12-26
ACT-0003510,Opportunity,OPP-00405,Email,2021-12-26
ACT-0001586,Lead,LEAD-00638,Email,2021-12-27
ACT-0002250,Opportunity,OPP-00090,Phone Call,2021-12-27
ACT-0002836,Opportunity,OPP-00237,Phone Call,2021-12-27
ACT-0001845,Lead,LEAD-00740,Meeting,2021-12-29
ACT-0001847,Lead,LEAD-00740,Email,2021-12-29
ACT-0001922,Opportunity,OPP-00008,Email,2021-12-29
ACT-0002100,Opportunity,OPP-00055,Task,2021-12-29
ACT-0002254,Opportunity,OPP-00090,Meeting,2021-12-29
ACT-0003186,Opportunity,OPP-00322,Phone Call,2021-12-29
ACT-0003098,Opportunity,OPP-00299,Phone Call,2021-12-30
ACT-0003508,Opportunity,OPP-00405,Meeting,2021-12-30
ACT-0000110,Lead,LEAD-00044,Email,2021-12-31
ACT-0000638,Lead,LEAD-00256,Phone Call,2021-12-31
ACT-0001320,Lead,LEAD-00530,Phone Call,2021-12-31
ACT-0001587,Lead,LEAD-00638,Meeting,2021-12-31
ACT-0002413,Opportunity,OPP-00134,Phone Call,2021-12-31
ACT-0002810,Opportunity,OPP-00232,Email,2021-12-31
ACT-0003101,Opportunity,OPP-00299,Phone Call,2021-12-31
ACT-0001307,Lead,LEAD-00525,Email,2022-01-01
ACT-0001447,Lead,LEAD-00576,Task,2022-01-01
ACT-0001379,Lead,LEAD-00551,Phone Call,2022-01-02
ACT-0003040,Opportunity,OPP-00287,Phone Call,2022-01-02
ACT-0003187,Opportunity,OPP-00322,Email,2022-01-02
ACT-0000053,Lead,LEAD-00023,Phone Call,2022-01-03
ACT-0000346,Lead,LEAD-00140,Phone Call,2022-01-03
ACT-0001015,Lead,LEAD-00413,Phone Call,2022-01-03
ACT-0003511,Opportunity,OPP-00405,Phone Call,2022-01-03
ACT-0000055,Lead,LEAD-00023,Task,2022-01-04
ACT-0000693,Lead,LEAD-00277,Phone Call,2022-01-04
ACT-0001014,Lead,LEAD-00413,Email,2022-01-04
ACT-0001127,Lead,LEAD-00455,Email,2022-01-04
ACT-0001588,Lead,LEAD-00638,Meeting,2022-01-04
ACT-0002416,Opportunity,OPP-00134,Phone Call,2022-01-04
ACT-0000639,Lead,LEAD-00256,Phone Call,2022-01-05
ACT-0002414,Opportunity,OPP-00134,Phone Call,2022-01-05
ACT-0003100,Opportunity,OPP-00299,Email,2022-01-05
ACT-0000640,Lead,LEAD-00256,Email,2022-01-06
ACT-0002099,Opportunity,OPP-00055,Email,2022-01-06
ACT-0002253,Opportunity,OPP-00090,Task,2022-01-06
ACT-0003096,Opportunity,OPP-00299,Phone Call,2022-01-06
ACT-0000694,Lead,LEAD-00277,Email,2022-01-07
ACT-0001308,Lead,LEAD-00525,Email,2022-01-07
ACT-0001448,Lead,LEAD-00576,Meeting,2022-01-07
ACT-0001585,Lead,LEAD-00638,Email,2022-01-07
ACT-0003688,Opportunity,OPP-00450,Meeting,2022-01-07
ACT-0000291,Lead,LEAD-00115,Phone Call,2022-01-08
ACT-0001126,Lead,LEAD-00455,Phone Call,2022-01-09
ACT-0001319,Lead,LEAD-00530,Phone Call,2022-01-09
ACT-0002711,Opportunity,OPP-00208,Phone Call,2022-01-09
ACT-0000054,Lead,LEAD-00023,Meeting,2022-01-10
ACT-0000144,Lead,LEAD-00055,Phone Call,2022-01-10
ACT-0000279,Lead,LEAD-00110,Phone Call,2022-01-10
ACT-0002712,Opportunity,OPP-00208,Task,2022-01-10
ACT-0003689,Opportunity,OPP-00450,Phone Call,2022-01-10
ACT-0001446,Lead,LEAD-00576,Email,2022-01-11
ACT-0002452,Opportunity,OPP-00144,Email,2022-01-12
ACT-0003048,Opportunity,OPP-00289,Email,2022-01-12
ACT-0000109,Lead,LEAD-00044,Phone Call,2022-01-13
ACT-0000417,Lead,LEAD-00170,Phone Call,2022-01-13
ACT-0002101,Opportunity,OPP-00055,Phone Call,2022-01-13
ACT-0002346,Opportunity,OPP-00115,Meeting,2022-01-13
ACT-0002456,Opportunity,OPP-00144,Meeting,2022-01-13
ACT-0002812,Opportunity,OPP-00232,Email,2022-01-13
ACT-0001321,Lead,LEAD-00530,Phone Call,2022-01-14
ACT-0001827,Lead,LEAD-00731,Email,2022-01-14
ACT-0002952,Opportunity,OPP-00266,Task,2022-01-14
ACT-0000111,Lead,LEAD-00044,Phone Call,2022-01-15
ACT-0000300,Lead,LEAD-00119,Email,2022-01-15
ACT-0001306,Lead,LEAD-00525,Phone Call,2022-01-15
ACT-0002713,Opportunity,OPP-00208,Phone Call,2022-01-15
ACT-0000483,Lead,LEAD-00194,Email,2022-01-17
ACT-0002103,Opportunity,OPP-00055,Meeting,2022-01-17
ACT-0003049,Opportunity,OPP-00289,Phone Call,2022-01-17
ACT-0003212,Opportunity,OPP-00329,Email,2022-01-17
ACT-0000056,Lead,LEAD-00023,Task,2022-01-18
ACT-0000470,Lead,LEAD-00190,Email,2022-01-18
ACT-0001511,Lead,LEAD-00601,Phone Call,2022-01-18
ACT-0002320,Opportunity,OPP-00110,Task,2022-01-18
ACT-0002811,Opportunity,OPP-00232,Meeting,2022-01-18
ACT-0000290,Lead,LEAD-00115,Task,2022-01-19
ACT-0002251,Opportunity,OPP-00090,Phone Call,2022-01-19
ACT-0000471,Lead,LEAD-00190,Email,2022-01-20
ACT-0000484,Lead,LEAD-00194,Meeting,2022-01-20
ACT-0000485,Lead,LEAD-00194,Email,2022-01-20
ACT-0001863,Lead,LEAD-00745,Phone Call,2022-01-22
ACT-0003687,Opportunity,OPP-00450,Phone Call,2022-01-22
ACT-0002382,Opportunity,OPP-00126,Email,2022-01-23
ACT-0000299,Lead,LEAD-00119,Phone Call,2022-01-25
ACT-0000469,Lead,LEAD-00190,Phone Call,2022-01-25
ACT-0000482,Lead,LEAD-00194,Phone Call,2022-01-25
ACT-0003050,Opportunity,OPP-00289,Email,2022-01-25
ACT-0003692,Opportunity,OPP-00450,Meeting,2022-01-25
ACT-0000983,Lead,LEAD-00400,Phone Call,2022-01-26
ACT-0002343,Opportunity,OPP-00115,Phone Call,2022-01-26
ACT-0002345,Opportunity,OPP-00115,Phone Call,2022-01-26
ACT-0000984,Lead,LEAD-00400,Email,2022-01-28
ACT-0001285,Lead,LEAD-00517,Email,2022-01-29
ACT-0000489,Lead,LEAD-00196,Task,2022-01-30
ACT-0001510,Lead,LEAD-00601,Email,2022-01-30
ACT-0002102,Opportunity,OPP-00055,Phone Call,2022-01-30
ACT-0003691,Opportunity,OPP-00450,Phone Call,2022-01-30
ACT-0003051,Opportunity,OPP-00289,Email,2022-01-31
ACT-0000281,Lead,LEAD-00112,Task,2022-02-01
ACT-0000456,Lead,LEAD-00185,Email,2022-02-01
ACT-0000763,Lead,LEAD-00304,Phone Call,2022-02-01
ACT-0002051,Opportunity,OPP-00044,Email,2022-02-01
ACT-0002053,Opportunity,OPP-00044,Meeting,2022-02-01
ACT-0001165,Lead,LEAD-00471,Email,2022-02-02
ACT-0002322,Opportunity,OPP-00110,Email,2022-02-02
ACT-0003706,Opportunity,OPP-00454,Phone Call,2022-02-02
ACT-0000041,Lead,LEAD-00018,Meeting,2022-02-03
ACT-0000458,Lead,LEAD-00185,Meeting,2022-02-03
ACT-0001286,Lead,LEAD-00517,Task,2022-02-03
ACT-0001512,Lead,LEAD-00601,Meeting,2022-02-03
ACT-0000491,Lead,LEAD-00196,Email,2022-02-04
ACT-0001167,Lead,LEAD-00471,Task,2022-02-04
ACT-0001288,Lead,LEAD-00517,Meeting,2022-02-04
ACT-0002344,Opportunity,OPP-00115,Email,2022-02-04
ACT-0003052,Opportunity,OPP-00289,Task,2022-02-04
ACT-0003690,Opportunity,OPP-00450,Task,2022-02-04
ACT-0003705,Opportunity,OPP-00454,Phone Call,2022-02-05
ACT-0000490,Lead,LEAD-00196,Email,2022-02-06
ACT-0000982,Lead,LEAD-00400,Meeting,2022-02-06
ACT-0002912,Opportunity,OPP-00256,Meeting,2022-02-06
ACT-0000128,Lead,LEAD-00050,Phone Call,2022-02-07
ACT-0000751,Lead,LEAD-00298,Email,2022-02-07
ACT-0001861,Lead,LEAD-00745,Phone Call,2022-02-07
ACT-0002323,Opportunity,OPP-00110,Phone Call,2022-02-07
ACT-0002560,Opportunity,OPP-00170,Phone Call,2022-02-07
ACT-0001862,Lead,LEAD-00745,Email,2022-02-08
ACT-0001166,Lead,LEAD-00471,Email,2022-02-09
ACT-0001168,Lead,LEAD-00471,Phone Call,2022-02-09
ACT-0002054,Opportunity,OPP-00044,Email,2022-02-10
ACT-0003398,Opportunity,OPP-00378,Email,2022-02-10
ACT-0000129,Lead,LEAD-00050,Phone Call,2022-02-11
ACT-0000750,Lead,LEAD-00298,Email,2022-02-11
ACT-0001287,Lead,LEAD-00517,Phone Call,2022-02-11
ACT-0001362,Lead,LEAD-00546,Phone Call,2022-02-11
ACT-0002347,Opportunity,OPP-00115,Meeting,2022-02-11
ACT-0002656,Opportunity,OPP-00194,Email,2022-02-11
ACT-0000492,Lead,LEAD-00196,Phone Call,2022-02-12
ACT-0001295,Lead,LEAD-00520,Phone Call,2022-02-12
ACT-0002644,Opportunity,OPP-00190,Task,2022-02-13
ACT-0000969,Lead,LEAD-00395,Phone Call,2022-02-15
ACT-0001977,Opportunity,OPP-00023,Email,2022-02-15
ACT-0002321,Opportunity,OPP-00110,Email,2022-02-15
ACT-0002666,Opportunity,OPP-00196,Phone Call,2022-02-15
ACT-0003213,Opportunity,OPP-00329,Task,2022-02-15
ACT-0003464,Opportunity,OPP-00393,Meeting,2022-02-15
ACT-0001179,Lead,LEAD-00477,Email,2022-02-16
ACT-0001296,Lead,LEAD-00520,Email,2022-02-16
ACT-0002558,Opportunity,OPP-00170,Email,2022-02-16
ACT-0002655,Opportunity,OPP-00194,Phone Call,2022-02-16
ACT-0002665,Opportunity,OPP-00196,Meeting,2022-02-16
ACT-0000364,Lead,LEAD-00147,Email,2022-02-17
ACT-0001955,Opportunity,OPP-00018,Phone Call,2022-02-17
ACT-0002050,Opportunity,OPP-00044,Meeting,2022-02-17
ACT-0002348,Opportunity,OPP-00115,Email,2022-02-17
ACT-0000741,Lead,LEAD-00295,Task,2022-02-18
ACT-0001361,Lead,LEAD-00546,Email,2022-02-18
ACT-0001992,Opportunity,OPP-00028,Email,2022-02-18
ACT-0001688,Lead,LEAD-00675,Phone Call,2022-02-19
ACT-0001993,Opportunity,OPP-00028,Phone Call,2022-02-19
ACT-0002333,Opportunity,OPP-00112,Email,2022-02-19
ACT-0000457,Lead,LEAD-00185,Phone Call,2022-02-20
ACT-0001686,Lead,LEAD-00675,Phone Call,2022-02-20
ACT-0001951,Opportunity,OPP-00018,Phone Call,2022-02-20
ACT-0000131,Lead,LEAD-00050,Phone Call,2022-02-21
ACT-0000740,Lead,LEAD-00295,Phone Call,2022-02-21
ACT-0000742,Lead,LEAD-00295,Phone Call,2022-02-21
ACT-0001687,Lead,LEAD-00675,Phone Call,2022-02-21
ACT-0002052,Opportunity,OPP-00044,Task,2022-02-21
ACT-0000970,Lead,LEAD-00395,Email,2022-02-22
ACT-0001011,Lead,LEAD-00411,Phone Call,2022-02-22
ACT-0002324,Opportunity,OPP-00110,Email,2022-02-22
ACT-0003579,Opportunity,OPP-00424,Email,2022-02-22
ACT-0003678,Opportunity,OPP-00447,Email,2022-02-22
ACT-0002910,Opportunity,OPP-00256,Task,2022-02-23
ACT-0000130,Lead,LEAD-00050,Phone Call,2022-02-24
ACT-0000363,Lead,LEAD-00147,Email,2022-02-24
ACT-0001009,Lead,LEAD-00411,Meeting,2022-02-24
ACT-0000509,Lead,LEAD-00205,Phone Call,2022-02-25
ACT-0001010,Lead,LEAD-00411,Phone Call,2022-02-25
ACT-0001364,Lead,LEAD-00546,Email,2022-02-25
ACT-0001685,Lead,LEAD-00675,Phone Call,2022-02-25
ACT-0001830,Lead,LEAD-00733,Phone Call,2022-02-25
ACT-0003677,Opportunity,OPP-00447,Email,2022-02-25
ACT-0001517,Lead,LEAD-00603,Email,2022-02-26
ACT-0002643,Opportunity,OPP-00190,Task,2022-02-26
ACT-0002654,Opportunity,OPP-00194,Email,2022-02-26
ACT-0003397,Opportunity,OPP-00378,Phone Call,2022-02-26
ACT-0001829,Lead,LEAD-00733,Email,2022-02-27
ACT-0002360,Opportunity,OPP-00119,Phone Call,2022-02-27
ACT-0002562,Opportunity,OPP-00170,Email,2022-02-28
ACT-0002616,Opportunity,OPP-00185,Phone Call,2022-02-28
ACT-0002667,Opportunity,OPP-00196,Meeting,2022-02-28
ACT-0003395,Opportunity,OPP-00378,Task,2022-02-28
ACT-0003580,Opportunity,OPP-00424,Phone Call,2022-02-28
ACT-0000023,Lead,LEAD-00010,Phone Call,2022-03-01
ACT-0000274,Lead,LEAD-00108,Email,2022-03-01
ACT-0001363,Lead,LEAD-00546,Meeting,2022-03-01
ACT-0001791,Lead,LEAD-00715,Task,2022-03-01
ACT-0002561,Opportunity,OPP-00170,Phone Call,2022-03-01
ACT-0003576,Opportunity,OPP-00424,Phone Call,2022-03-01
ACT-0002467,Opportunity,OPP-00147,Task,2022-03-02
ACT-0003707,Opportunity,OPP-00454,Task,2022-03-02
ACT-0003396,Opportunity,OPP-00378,Phone Call,2022-03-03
ACT-0001248,Lead,LEAD-00502,Task,2022-03-04
ACT-0002073,Opportunity,OPP-00050,Task,2022-03-04
ACT-0002658,Opportunity,OPP-00194,Email,2022-03-04
ACT-0001008,Lead,LEAD-00411,Email,2022-03-05
ACT-0001224,Lead,LEAD-00495,Phone Call,2022-03-05
ACT-0002358,Opportunity,OPP-00119,Email,2022-03-05
ACT-0002913,Opportunity,OPP-00256,Task,2022-03-05
ACT-0001225,Lead,LEAD-00495,Email,2022-03-06
ACT-0001973,Opportunity,OPP-00023,Phone Call,2022-03-06
ACT-0002075,Opportunity,OPP-00050,Email,2022-03-06
ACT-0002657,Opportunity,OPP-00194,Phone Call,2022-03-06
ACT-0000272,Lead,LEAD-00108,Task,2022-03-07
ACT-0001831,Lead,LEAD-00733,Phone Call,2022-03-07
ACT-0002334,Opportunity,OPP-00112,Email,2022-03-07
ACT-0002359,Opportunity,OPP-00119,Email,2022-03-07
ACT-0003352,Opportunity,OPP-00368,Phone Call,2022-03-07
ACT-0003709,Opportunity,OPP-00454,Phone Call,2022-03-07
ACT-0000273,Lead,LEAD-00108,Email,2022-03-08
ACT-0001881,Lead,LEAD-00753,Meeting,2022-03-08
ACT-0002619,Opportunity,OPP-00185,Email,2022-03-08
ACT-0001226,Lead,LEAD-00495,Email,2022-03-09
ACT-0001789,Lead,LEAD-00715,Phone Call,2022-03-09
ACT-0001952,Opportunity,OPP-00018,Task,2022-03-09
ACT-0002332,Opportunity,OPP-00112,Phone Call,2022-03-09
ACT-0001884,Lead,LEAD-00753,Email,2022-03-10
ACT-0001954,Opportunity,OPP-00018,Phone Call,2022-03-10
ACT-0001974,Opportunity,OPP-00023,Email,2022-03-10
ACT-0003204,Opportunity,OPP-00326,Phone Call,2022-03-10
ACT-0000020,Lead,LEAD-00010,Phone Call,2022-03-11
ACT-0001509,Lead,LEAD-00600,Task,2022-03-11
ACT-0001807,Lead,LEAD-00722,Phone Call,2022-03-11
ACT-0002669,Opportunity,OPP-00196,Meeting,2022-03-11
ACT-0003203,Opportunity,OPP-00326,Email,2022-03-11
ACT-0003205,Opportunity,OPP-00326,Meeting,2022-03-11
ACT-0000377,Lead,LEAD-00155,Phone Call,2022-03-12
ACT-0002331,Opportunity,OPP-00112,Phone Call,2022-03-12
ACT-0002668,Opportunity,OPP-00196,Email,2022-03-12
ACT-0003354,Opportunity,OPP-00368,Phone Call,2022-03-12
ACT-0003708,Opportunity,OPP-00454,Meeting,2022-03-12
ACT-0000380,Lead,LEAD-00155,Phone Call,2022-03-14
ACT-0001507,Lead,LEAD-00600,Email,2022-03-14
ACT-0001790,Lead,LEAD-00715,Task,2022-03-14
ACT-0001994,Opportunity,OPP-00028,Task,2022-03-14
ACT-0002617,Opportunity,OPP-00185,Phone Call,2022-03-14
ACT-0002620,Opportunity,OPP-00185,Email,2022-03-14
ACT-0000022,Lead,LEAD-00010,Meeting,2022-03-15
ACT-0000547,Lead,LEAD-00220,Email,2022-03-15
ACT-0001162,Lead,LEAD-00469,Task,2022-03-15
ACT-0002559,Opportunity,OPP-00170,Email,2022-03-15
ACT-0000378,Lead,LEAD-00155,Email,2022-03-16
ACT-0000379,Lead,LEAD-00155,Task,2022-03-16
ACT-0000395,Lead,LEAD-00161,Email,2022-03-16
ACT-0001883,Lead,LEAD-00753,Task,2022-03-16
ACT-0001808,Lead,LEAD-00722,Phone Call,2022-03-17
ACT-0002074,Opportunity,OPP-00050,Email,2022-03-17
ACT-0002315,Opportunity,OPP-00108,Phone Call,2022-03-17
ACT-0001486,Lead,LEAD-00590,Meeting,2022-03-18
ACT-0002335,Opportunity,OPP-00112,Phone Call,2022-03-18
ACT-0000021,Lead,LEAD-00010,Email,2022-03-19
ACT-0000843,Lead,LEAD-00335,Task,2022-03-19
ACT-0001972,Opportunity,OPP-00023,Email,2022-03-19
ACT-0003188,Opportunity,OPP-00323,Meeting,2022-03-19
ACT-0003290,Opportunity,OPP-00349,Phone Call,2022-03-19
ACT-0000358,Lead,LEAD-00145,Phone Call,2022-03-20
ACT-0000844,Lead,LEAD-00335,Phone Call,2022-03-20
ACT-0000307,Lead,LEAD-00122,Phone Call,2022-03-21
ACT-0001506,Lead,LEAD-00600,Task,2022-03-21
ACT-0002911,Opportunity,OPP-00256,Phone Call,2022-03-21
ACT-0001146,Lead,LEAD-00463,Email,2022-03-22
ACT-0001487,Lead,LEAD-00590,Meeting,2022-03-22
ACT-0001882,Lead,LEAD-00753,Phone Call,2022-03-22
ACT-0002356,Opportunity,OPP-00119,Task,2022-03-22
ACT-0003463,Opportunity,OPP-00393,Email,2022-03-22
ACT-0000727,Lead,LEAD-00290,Email,2022-03-23
ACT-0000729,Lead,LEAD-00290,Phone Call,2022-03-23
ACT-0001956,Opportunity,OPP-00018,Phone Call,2022-03-23
ACT-0000726,Lead,LEAD-00290,Email,2022-03-24
ACT-0001485,Lead,LEAD-00590,Task,2022-03-24
ACT-0001976,Opportunity,OPP-00023,Email,2022-03-24
ACT-0002432,Opportunity,OPP-00140,Meeting,2022-03-25
ACT-0002522,Opportunity,OPP-00161,Email,2022-03-25
ACT-0002618,Opportunity,OPP-00185,Phone Call,2022-03-25
ACT-0000359,Lead,LEAD-00145,Phone Call,2022-03-26
ACT-0001508,Lead,LEAD-00600,Phone Call,2022-03-26
ACT-0002434,Opportunity,OPP-00140,Phone Call,2022-03-26
ACT-0000394,Lead,LEAD-00161,Email,2022-03-27
ACT-0000546,Lead,LEAD-00220,Phone Call,2022-03-27
ACT-0000728,Lead,LEAD-00290,Email,2022-03-27
ACT-0001622,Lead,LEAD-00650,Email,2022-03-27
ACT-0002076,Opportunity,OPP-00050,Phone Call,2022-03-27
ACT-0002500,Opportunity,OPP-00155,Phone Call,2022-03-27
ACT-0003577,Opportunity,OPP-00424,Phone Call,2022-03-27
ACT-0003666,Opportunity,OPP-00444,Email,2022-03-27
ACT-0002361,Opportunity,OPP-00119,Task,2022-03-28
ACT-0002502,Opportunity,OPP-00155,Task,2022-03-28
ACT-0001953,Opportunity,OPP-00018,Phone Call,2022-03-29
ACT-0001975,Opportunity,OPP-00023,Phone Call,2022-03-30
ACT-0002526,Opportunity,OPP-00161,Task,2022-03-30
ACT-0003665,Opportunity,OPP-00444,Task,2022-03-30
ACT-0001523,Lead,LEAD-00606,Email,2022-03-31
ACT-0003297,Opportunity,OPP-00351,Email,2022-03-31
ACT-0003353,Opportunity,OPP-00368,Task,2022-03-31
ACT-0003578,Opportunity,OPP-00424,Email,2022-03-31
ACT-0002357,Opportunity,OPP-00119,Email,2022-04-01
ACT-0003296,Opportunity,OPP-00351,Phone Call,2022-04-01
ACT-0000393,Lead,LEAD-00161,Phone Call,2022-04-02
ACT-0003294,Opportunity,OPP-00351,Email,2022-04-02
ACT-0000735,Lead,LEAD-00293,Email,2022-04-03
ACT-0000787,Lead,LEAD-00313,Email,2022-04-03
ACT-0001024,Lead,LEAD-00416,Phone Call,2022-04-03
ACT-0001928,Opportunity,OPP-00010,Email,2022-04-03
ACT-0002433,Opportunity,OPP-00140,Phone Call,2022-04-03
ACT-0002470,Opportunity,OPP-00147,Meeting,2022-04-03
ACT-0002501,Opportunity,OPP-00155,Phone Call,2022-04-04
ACT-0000399,Lead,LEAD-00162,Meeting,2022-04-05
ACT-0002503,Opportunity,OPP-00155,Phone Call,2022-04-05
ACT-0000872,Lead,LEAD-00350,Email,2022-04-06
ACT-0001025,Lead,LEAD-00416,Phone Call,2022-04-06
ACT-0000734,Lead,LEAD-00293,Phone Call,2022-04-07
ACT-0001623,Lead,LEAD-00650,Phone Call,2022-04-07
ACT-0002435,Opportunity,OPP-00140,Email,2022-04-07
ACT-0000871,Lead,LEAD-00350,Phone Call,2022-04-08
ACT-0000873,Lead,LEAD-00350,Email,2022-04-08
ACT-0000874,Lead,LEAD-00350,Phone Call,2022-04-08
ACT-0002314,Opportunity,OPP-00108,Meeting,2022-04-08
ACT-0003189,Opportunity,OPP-00323,Email,2022-04-08
ACT-0000396,Lead,LEAD-00162,Email,2022-04-09
ACT-0002499,Opportunity,OPP-00155,Phone Call,2022-04-09
ACT-0002615,Opportunity,OPP-00185,Phone Call,2022-04-09
ACT-0000786,Lead,LEAD-00313,Email,2022-04-10
ACT-0003190,Opportunity,OPP-00323,Email,2022-04-10
ACT-0003460,Opportunity,OPP-00392,Phone Call,2022-04-10
ACT-0003462,Opportunity,OPP-00392,Email,2022-04-10
ACT-0000397,Lead,LEAD-00162,Email,2022-04-11
ACT-0002468,Opportunity,OPP-00147,Task,2022-04-11
ACT-0003715,Opportunity,OPP-00456,Task,2022-04-11
ACT-0001113,Lead,LEAD-00450,Email,2022-04-12
ACT-0001114,Lead,LEAD-00450,Phone Call,2022-04-12
ACT-0001929,Opportunity,OPP-00010,Phone Call,2022-04-12
ACT-0002461,Opportunity,OPP-00145,Email,2022-04-12
ACT-0002757,Opportunity,OPP-00220,Phone Call,2022-04-12
ACT-0002758,Opportunity,OPP-00220,Email,2022-04-12
ACT-0003191,Opportunity,OPP-00323,Meeting,2022-04-12
ACT-0001490,Lead,LEAD-00592,Phone Call,2022-04-13
ACT-0002458,Opportunity,OPP-00145,Phone Call,2022-04-13
ACT-0002469,Opportunity,OPP-00147,Phone Call,2022-04-13
ACT-0003664,Opportunity,OPP-00444,Phone Call,2022-04-13
ACT-0001931,Opportunity,OPP-00010,Phone Call,2022-04-14
ACT-0002759,Opportunity,OPP-00220,Task,2022-04-14
ACT-0003016,Opportunity,OPP-00281,Phone Call,2022-04-14
ACT-0000398,Lead,LEAD-00162,Email,2022-04-15
ACT-0000997,Lead,LEAD-00406,Task,2022-04-17
ACT-0002524,Opportunity,OPP-00161,Phone Call,2022-04-17
ACT-0000951,Lead,LEAD-00385,Meeting,2022-04-19
ACT-0001170,Lead,LEAD-00472,Email,2022-04-22
ACT-0002760,Opportunity,OPP-00220,Email,2022-04-22
ACT-0000401,Lead,LEAD-00163,Phone Call,2022-04-23
ACT-0002312,Opportunity,OPP-00108,Task,2022-04-23
ACT-0000778,Lead,LEAD-00309,Email,2022-04-24
ACT-0003716,Opportunity,OPP-00456,Phone Call,2022-04-24
ACT-0001391,Lead,LEAD-00557,Phone Call,2022-04-25
ACT-0001930,Opportunity,OPP-00010,Email,2022-04-25
ACT-0003289,Opportunity,OPP-00349,Meeting,2022-04-25
ACT-0000732,Lead,LEAD-00292,Task,2022-04-26
ACT-0001392,Lead,LEAD-00557,Phone Call,2022-04-26
ACT-0002313,Opportunity,OPP-00108,Phone Call,2022-04-26
ACT-0003461,Opportunity,OPP-00392,Phone Call,2022-04-26
ACT-0000400,Lead,LEAD-00163,Email,2022-04-27
ACT-0003288,Opportunity,OPP-00349,Email,2022-04-27
ACT-0001393,Lead,LEAD-00557,Phone Call,2022-04-28
ACT-0001394,Lead,LEAD-00557,Task,2022-04-29
ACT-0000057,Lead,LEAD-00024,Phone Call,2022-04-30
ACT-0002525,Opportunity,OPP-00161,Phone Call,2022-04-30
ACT-0003175,Opportunity,OPP-00319,Task,2022-04-30
ACT-0001778,Lead,LEAD-00710,Phone Call,2022-05-01
ACT-0002523,Opportunity,OPP-00161,Email,2022-05-01
ACT-0001169,Lead,LEAD-00472,Phone Call,2022-05-02
ACT-0003014,Opportunity,OPP-00281,Phone Call,2022-05-02
ACT-0003178,Opportunity,OPP-00319,Email,2022-05-02
ACT-0001780,Lead,LEAD-00710,Task,2022-05-03
ACT-0001978,Opportunity,OPP-00024,Email,2022-05-03
ACT-0003295,Opportunity,OPP-00351,Email,2022-05-03
ACT-0000572,Lead,LEAD-00228,Meeting,2022-05-04
ACT-0000733,Lead,LEAD-00292,Email,2022-05-04
ACT-0001979,Opportunity,OPP-00024,Task,2022-05-04
ACT-0002699,Opportunity,OPP-00205,Phone Call,2022-05-04
ACT-0003015,Opportunity,OPP-00281,Task,2022-05-04
ACT-0003220,Opportunity,OPP-00331,Phone Call,2022-05-04
ACT-0000402,Lead,LEAD-00163,Email,2022-05-05
ACT-0001310,Lead,LEAD-00526,Phone Call,2022-05-05
ACT-0001691,Lead,LEAD-00677,Task,2022-05-05
ACT-0001692,Lead,LEAD-00677,Phone Call,2022-05-05
ACT-0003459,Opportunity,OPP-00392,Phone Call,2022-05-05
ACT-0002457,Opportunity,OPP-00145,Phone Call,2022-05-06
ACT-0002521,Opportunity,OPP-00161,Phone Call,2022-05-06
ACT-0000731,Lead,LEAD-00292,Phone Call,2022-05-07
ACT-0001377,Lead,LEAD-00550,Email,2022-05-08
ACT-0003219,Opportunity,OPP-00331,Email,2022-05-08
ACT-0002459,Opportunity,OPP-00145,Task,2022-05-10
ACT-0002700,Opportunity,OPP-00205,Phone Call,2022-05-10
ACT-0000709,Lead,LEAD-00282,Phone Call,2022-05-11
ACT-0001120,Lead,LEAD-00452,Email,2022-05-11
ACT-0001689,Lead,LEAD-00676,Email,2022-05-11
ACT-0003017,Opportunity,OPP-00281,Email,2022-05-11
ACT-0000611,Lead,LEAD-00245,Phone Call,2022-05-12
ACT-0000942,Lead,LEAD-00379,Email,2022-05-12
ACT-0002530,Opportunity,OPP-00162,Email,2022-05-12
ACT-0001172,Lead,LEAD-00474,Email,2022-05-13
ACT-0003177,Opportunity,OPP-00319,Phone Call,2022-05-13
ACT-0000941,Lead,LEAD-00379,Email,2022-05-14
ACT-0001779,Lead,LEAD-00710,Phone Call,2022-05-14
ACT-0002462,Opportunity,OPP-00145,Task,2022-05-14
ACT-0001309,Lead,LEAD-00526,Email,2022-05-16
ACT-0001690,Lead,LEAD-00676,Task,2022-05-16
ACT-0001980,Opportunity,OPP-00024,Email,2022-05-16
ACT-0003107,Opportunity,OPP-00301,Task,2022-05-16
ACT-0000573,Lead,LEAD-00228,Phone Call,2022-05-17
ACT-0000612,Lead,LEAD-00245,Task,2022-05-17
ACT-0003174,Opportunity,OPP-00319,Phone Call,2022-05-17
ACT-0000708,Lead,LEAD-00282,Phone Call,2022-05-18
ACT-0001117,Lead,LEAD-00452,Phone Call,2022-05-18
ACT-0001119,Lead,LEAD-00452,Task,2022-05-18
ACT-0001981,Opportunity,OPP-00024,Email,2022-05-18
ACT-0000610,Lead,LEAD-00245,Email,2022-05-19
ACT-0000710,Lead,LEAD-00282,Email,2022-05-19
ACT-0002527,Opportunity,OPP-00162,Email,2022-05-19
ACT-0000711,Lead,LEAD-00282,Phone Call,2022-05-20
ACT-0001118,Lead,LEAD-00452,Phone Call,2022-05-20
ACT-0001375,Lead,LEAD-00550,Task,2022-05-20
ACT-0001477,Lead,LEAD-00586,Email,2022-05-20
ACT-0001982,Opportunity,OPP-00024,Task,2022-05-20
ACT-0001378,Lead,LEAD-00550,Phone Call,2022-05-21
ACT-0003106,Opportunity,OPP-00301,Phone Call,2022-05-21
ACT-0002460,Opportunity,OPP-00145,Phone Call,2022-05-23
ACT-0001376,Lead,LEAD-00550,Phone Call,2022-05-24
ACT-0000040,Lead,LEAD-00017,Meeting,2022-05-25
ACT-0001087,Lead,LEAD-00438,Email,2022-05-25
ACT-0000014,Lead,LEAD-00007,Meeting,2022-05-27
ACT-0001949,Opportunity,OPP-00017,Phone Call,2022-05-27
ACT-0000390,Lead,LEAD-00159,Email,2022-05-28
ACT-0001086,Lead,LEAD-00438,Phone Call,2022-05-29
ACT-0003447,Opportunity,OPP-00389,Phone Call,2022-05-29
ACT-0001085,Lead,LEAD-00438,Phone Call,2022-05-30
ACT-0002792,Opportunity,OPP-00228,Email,2022-05-31
ACT-0000391,Lead,LEAD-00159,Email,2022-06-01
ACT-0002531,Opportunity,OPP-00162,Phone Call,2022-06-01
ACT-0001289,Lead,LEAD-00518,Email,2022-06-03
ACT-0001476,Lead,LEAD-00586,Phone Call,2022-06-03
ACT-0000372,Lead,LEAD-00153,Email,2022-06-04
ACT-0001451,Lead,LEAD-00577,Email,2022-06-04
ACT-0001771,Lead,LEAD-00707,Meeting,2022-06-04
ACT-0003173,Opportunity,OPP-00319,Phone Call,2022-06-04
ACT-0000389,Lead,LEAD-00159,Phone Call,2022-06-05
ACT-0002534,Opportunity,OPP-00163,Phone Call,2022-06-05
ACT-0003300,Opportunity,OPP-00353,Email,2022-06-05
ACT-0000371,Lead,LEAD-00153,Email,2022-06-06
ACT-0000388,Lead,LEAD-00159,Task,2022-06-06
ACT-0000580,Lead,LEAD-00231,Phone Call,2022-06-06
ACT-0001290,Lead,LEAD-00518,Email,2022-06-06
ACT-0001481,Lead,LEAD-00588,Phone Call,2022-06-06
ACT-0002529,Opportunity,OPP-00162,Task,2022-06-06
ACT-0003445,Opportunity,OPP-00389,Phone Call,2022-06-06
ACT-0000441,Lead,LEAD-00181,Phone Call,2022-06-07
ACT-0001291,Lead,LEAD-00518,Phone Call,2022-06-08
ACT-0003176,Opportunity,OPP-00319,Task,2022-06-08
ACT-0000444,Lead,LEAD-00181,Meeting,2022-06-09
ACT-0001480,Lead,LEAD-00588,Phone Call,2022-06-09
ACT-0000415,Lead,LEAD-00169,Phone Call,2022-06-10
ACT-0000442,Lead,LEAD-00181,Email,2022-06-12
ACT-0000578,Lead,LEAD-00231,Email,2022-06-12
ACT-0001450,Lead,LEAD-00577,Email,2022-06-12
ACT-0000771,Lead,LEAD-00306,Email,2022-06-13
ACT-0001090,Lead,LEAD-00440,Phone Call,2022-06-13
ACT-0003253,Opportunity,OPP-00340,Meeting,2022-06-13
ACT-0000998,Lead,LEAD-00407,Email,2022-06-14
ACT-0000443,Lead,LEAD-00181,Email,2022-06-15
ACT-0001609,Lead,LEAD-00646,Phone Call,2022-06-15
ACT-0002555,Opportunity,OPP-00169,Email,2022-06-15
ACT-0000768,Lead,LEAD-00306,Meeting,2022-06-16
ACT-0001769,Lead,LEAD-00707,Email,2022-06-16
ACT-0002528,Opportunity,OPP-00162,Task,2022-06-16
ACT-0003448,Opportunity,OPP-00389,Task,2022-06-16
ACT-0000809,Lead,LEAD-00321,Phone Call,2022-06-17
ACT-0001452,Lead,LEAD-00577,Meeting,2022-06-17
ACT-0001770,Lead,LEAD-00707,Phone Call,2022-06-17
ACT-0002865,Opportunity,OPP-00245,Email,2022-06-17
ACT-0000685,Lead,LEAD-00274,Email,2022-06-18
ACT-0001449,Lead,LEAD-00577,Email,2022-06-18
ACT-0001610,Lead,LEAD-00646,Email,2022-06-18
ACT-0001785,Lead,LEAD-00713,Phone Call,2022-06-18
ACT-0001821,Lead,LEAD-00728,Phone Call,2022-06-18
ACT-0001916,Opportunity,OPP-00007,Email,2022-06-18
ACT-0000810,Lead,LEAD-00321,Phone Call,2022-06-19
ACT-0001231,Lead,LEAD-00497,Task,2022-06-19
ACT-0002368,Opportunity,OPP-00122,Phone Call,2022-06-19
ACT-0002605,Opportunity,OPP-00181,Email,2022-06-19
ACT-0001950,Opportunity,OPP-00017,Email,2022-06-20
ACT-0002796,Opportunity,OPP-00228,Email,2022-06-20
ACT-0003271,Opportunity,OPP-00344,Task,2022-06-20
ACT-0003366,Opportunity,OPP-00371,Email,2022-06-20
ACT-0000769,Lead,LEAD-00306,Phone Call,2022-06-21
ACT-0001229,Lead,LEAD-00497,Phone Call,2022-06-21
ACT-0003368,Opportunity,OPP-00371,Task,2022-06-21
ACT-0003527,Opportunity,OPP-00409,Phone Call,2022-06-21
ACT-0000577,Lead,LEAD-00231,Email,2022-06-22
ACT-0000811,Lead,LEAD-00321,Meeting,2022-06-22
ACT-0000812,Lead,LEAD-00321,Email,2022-06-22
ACT-0001822,Lead,LEAD-00728,Email,2022-06-22
ACT-0000579,Lead,LEAD-00231,Email,2022-06-23
ACT-0001000,Lead,LEAD-00407,Meeting,2022-06-23
ACT-0002493,Opportunity,OPP-00153,Task,2022-06-23
ACT-0003254,Opportunity,OPP-00340,Email,2022-06-23
ACT-0003301,Opportunity,OPP-00353,Email,2022-06-23
ACT-0003449,Opportunity,OPP-00389,Phone Call,2022-06-23
ACT-0000091,Lead,LEAD-00037,Phone Call,2022-06-24
ACT-0000185,Lead,LEAD-00071,Phone Call,2022-06-24
ACT-0000186,Lead,LEAD-00071,Phone Call,2022-06-24
ACT-0000770,Lead,LEAD-00306,Email,2022-06-24
ACT-0000779,Lead,LEAD-00310,Phone Call,2022-06-24
ACT-0001150,Lead,LEAD-00465,Email,2022-06-24
ACT-0001820,Lead,LEAD-00728,Email,2022-06-24
ACT-0002491,Opportunity,OPP-00153,Phone Call,2022-06-24
ACT-0003429,Opportunity,OPP-00386,Phone Call,2022-06-24
ACT-0003431,Opportunity,OPP-00386,Phone Call,2022-06-24
ACT-0001279,Lead,LEAD-00515,Phone Call,2022-06-25
ACT-0001918,Opportunity,OPP-00007,Phone Call,2022-06-25
ACT-0002557,Opportunity,OPP-00169,Task,2022-06-25
ACT-0000445,Lead,LEAD-00182,Email,2022-06-26
ACT-0000446,Lead,LEAD-00182,Task,2022-06-26
ACT-0000851,Lead,LEAD-00337,Phone Call,2022-06-26
ACT-0003444,Opportunity,OPP-00389,Task,2022-06-26
ACT-0003640,Opportunity,OPP-00439,Email,2022-06-26
ACT-0000416,Lead,LEAD-00169,Phone Call,2022-06-27
ACT-0000915,Lead,LEAD-00368,Email,2022-06-27
ACT-0002516,Opportunity,OPP-00159,Task,2022-06-27
ACT-0003272,Opportunity,OPP-00344,Email,2022-06-27
ACT-0003452,Opportunity,OPP-00390,Phone Call,2022-06-27
ACT-0000916,Lead,LEAD-00368,Phone Call,2022-06-28
ACT-0000447,Lead,LEAD-00182,Email,2022-06-29
ACT-0000999,Lead,LEAD-00407,Meeting,2022-06-29
ACT-0001917,Opportunity,OPP-00007,Phone Call,2022-06-29
ACT-0002866,Opportunity,OPP-00245,Meeting,2022-06-29
ACT-0003250,Opportunity,OPP-00340,Phone Call,2022-06-29
ACT-0003428,Opportunity,OPP-00386,Phone Call,2022-06-29
ACT-0000848,Lead,LEAD-00337,Phone Call,2022-06-30
ACT-0002367,Opportunity,OPP-00122,Email,2022-06-30
ACT-0002791,Opportunity,OPP-00228,Email,2022-06-30
ACT-0003148,Opportunity,OPP-00310,Phone Call,2022-06-30
ACT-0000092,Lead,LEAD-00037,Phone Call,2022-07-01
ACT-0000513,Lead,LEAD-00207,Task,2022-07-01
ACT-0000514,Lead,LEAD-00207,Email,2022-07-01
ACT-0003251,Opportunity,OPP-00340,Phone Call,2022-07-01
ACT-0003525,Opportunity,OPP-00409,Phone Call,2022-07-01
ACT-0000849,Lead,LEAD-00337,Email,2022-07-02
ACT-0000850,Lead,LEAD-00337,Email,2022-07-02
ACT-0001040,Lead,LEAD-00421,Phone Call,2022-07-02
ACT-0003367,Opportunity,OPP-00371,Phone Call,2022-07-02
ACT-0000184,Lead,LEAD-00071,Phone Call,2022-07-03
ACT-0002867,Opportunity,OPP-00245,Meeting,2022-07-04
ACT-0003446,Opportunity,OPP-00389,Phone Call,2022-07-04
ACT-0000103,Lead,LEAD-00041,Email,2022-07-05
ACT-0001230,Lead,LEAD-00497,Task,2022-07-05
ACT-0003249,Opportunity,OPP-00340,Meeting,2022-07-05
ACT-0000163,Lead,LEAD-00062,Meeting,2022-07-06
ACT-0001039,Lead,LEAD-00421,Task,2022-07-06
ACT-0001638,Lead,LEAD-00655,Task,2022-07-06
ACT-0001743,Lead,LEAD-00697,Phone Call,2022-07-06
ACT-0001746,Lead,LEAD-00697,Task,2022-07-06
ACT-0002795,Opportunity,OPP-00228,Phone Call,2022-07-06
ACT-0000624,Lead,LEAD-00250,Phone Call,2022-07-07
ACT-0001232,Lead,LEAD-00497,Email,2022-07-07
ACT-0001280,Lead,LEAD-00515,Phone Call,2022-07-07
ACT-0001621,Lead,LEAD-00649,Email,2022-07-07
ACT-0001637,Lead,LEAD-00655,Phone Call,2022-07-07
ACT-0000093,Lead,LEAD-00037,Phone Call,2022-07-08
ACT-0001038,Lead,LEAD-00421,Phone Call,2022-07-08
ACT-0002532,Opportunity,OPP-00163,Task,2022-07-08
ACT-0003526,Opportunity,OPP-00409,Phone Call,2022-07-08
ACT-0001636,Lead,LEAD-00655,Email,2022-07-09
ACT-0002709,Opportunity,OPP-00207,Task,2022-07-09
ACT-0002794,Opportunity,OPP-00228,Phone Call,2022-07-09
ACT-0002556,Opportunity,OPP-00169,Task,2022-07-10
ACT-0003528,Opportunity,OPP-00409,Email,2022-07-10
ACT-0003675,Opportunity,OPP-00446,Email,2022-07-10
ACT-0001041,Lead,LEAD-00421,Phone Call,2022-07-11
ACT-0001618,Lead,LEAD-00649,Task,2022-07-11
ACT-0001754,Lead,LEAD-00702,Email,2022-07-11
ACT-0001757,Lead,LEAD-00702,Phone Call,2022-07-11
ACT-0002131,Opportunity,OPP-00062,Email,2022-07-12
ACT-0001744,Lead,LEAD-00697,Email,2022-07-13
ACT-0002492,Opportunity,OPP-00153,Phone Call,2022-07-13
ACT-0002710,Opportunity,OPP-00207,Phone Call,2022-07-13
ACT-0003450,Opportunity,OPP-00390,Meeting,2022-07-13
ACT-0002706,Opportunity,OPP-00207,Phone Call,2022-07-14
ACT-0002708,Opportunity,OPP-00207,Phone Call,2022-07-14
ACT-0002793,Opportunity,OPP-00228,Phone Call,2022-07-14
ACT-0001305,Lead,LEAD-00524,Phone Call,2022-07-15
ACT-0001755,Lead,LEAD-00702,Meeting,2022-07-15
ACT-0002603,Opportunity,OPP-00181,Phone Call,2022-07-15
ACT-0003252,Opportunity,OPP-00340,Email,2022-07-15
ACT-0001548,Lead,LEAD-00620,Email,2022-07-16
ACT-0002533,Opportunity,OPP-00163,Email,2022-07-16
ACT-0002707,Opportunity,OPP-00207,Phone Call,2022-07-16
ACT-0003000,Opportunity,OPP-00278,Task,2022-07-17
ACT-0001358,Lead,LEAD-00545,Phone Call,2022-07-18
ACT-0001360,Lead,LEAD-00545,Phone Call,2022-07-18
ACT-0001492,Lead,LEAD-00593,Phone Call,2022-07-18
ACT-0001619,Lead,LEAD-00649,Meeting,2022-07-18
ACT-0001756,Lead,LEAD-00702,Email,2022-07-18
ACT-0002998,Opportunity,OPP-00278,Phone Call,2022-07-18
ACT-0003074,Opportunity,OPP-00294,Phone Call,2022-07-18
ACT-0003672,Opportunity,OPP-00446,Phone Call,2022-07-18
ACT-0001330,Lead,LEAD-00534,Task,2022-07-20
ACT-0001491,Lead,LEAD-00593,Phone Call,2022-07-20
ACT-0002127,Opportunity,OPP-00062,Phone Call,2022-07-20
ACT-0003037,Opportunity,OPP-00286,Email,2022-07-20
ACT-0003073,Opportunity,OPP-00294,Phone Call,2022-07-20
ACT-0003362,Opportunity,OPP-00370,Email,2022-07-20
ACT-0003493,Opportunity,OPP-00401,Meeting,2022-07-21
ACT-0003524,Opportunity,OPP-00409,Task,2022-07-21
ACT-0003676,Opportunity,OPP-00446,Email,2022-07-21
ACT-0001919,Opportunity,OPP-00007,Phone Call,2022-07-22
ACT-0002515,Opportunity,OPP-00159,Email,2022-07-22
ACT-0000199,Lead,LEAD-00079,Email,2022-07-23
ACT-0000200,Lead,LEAD-00079,Email,2022-07-23
ACT-0001620,Lead,LEAD-00649,Phone Call,2022-07-23
ACT-0002167,Opportunity,OPP-00071,Task,2022-07-23
ACT-0003363,Opportunity,OPP-00370,Phone Call,2022-07-23
ACT-0003451,Opportunity,OPP-00390,Phone Call,2022-07-23
ACT-0003639,Opportunity,OPP-00439,Email,2022-07-23
ACT-0001304,Lead,LEAD-00524,Email,2022-07-24
ACT-0001745,Lead,LEAD-00697,Task,2022-07-24
ACT-0002130,Opportunity,OPP-00062,Phone Call,2022-07-24
ACT-0003430,Opportunity,OPP-00386,Email,2022-07-24
ACT-0000104,Lead,LEAD-00042,Email,2022-07-25
ACT-0002808,Opportunity,OPP-00231,Phone Call,2022-07-25
ACT-0001372,Lead,LEAD-00549,Phone Call,2022-07-27
ACT-0002809,Opportunity,OPP-00231,Phone Call,2022-07-27
ACT-0002999,Opportunity,OPP-00278,Meeting,2022-07-27
ACT-0001007,Lead,LEAD-00410,Phone Call,2022-07-28
ACT-0001373,Lead,LEAD-00549,Phone Call,2022-07-28
ACT-0001531,Lead,LEAD-00610,Phone Call,2022-07-28
ACT-0003673,Opportunity,OPP-00446,Email,2022-07-28
ACT-0001006,Lead,LEAD-00410,Task,2022-07-29
ACT-0001359,Lead,LEAD-00545,Phone Call,2022-07-29
ACT-0002604,Opportunity,OPP-00181,Phone Call,2022-07-29
ACT-0003494,Opportunity,OPP-00401,Phone Call,2022-07-29
ACT-0000105,Lead,LEAD-00042,Email,2022-07-30
ACT-0002494,Opportunity,OPP-00153,Email,2022-07-30
ACT-0003365,Opportunity,OPP-00370,Task,2022-07-30
ACT-0000277,Lead,LEAD-00109,Meeting,2022-07-31
ACT-0000278,Lead,LEAD-00109,Phone Call,2022-07-31
ACT-0003147,Opportunity,OPP-00310,Email,2022-07-31
ACT-0000276,Lead,LEAD-00109,Email,2022-08-01
ACT-0001325,Lead,LEAD-00532,Phone Call,2022-08-01
ACT-0001541,Lead,LEAD-00615,Email,2022-08-01
ACT-0001540,Lead,LEAD-00615,Phone Call,2022-08-02
ACT-0003072,Opportunity,OPP-00294,Task,2022-08-02
ACT-0001326,Lead,LEAD-00532,Task,2022-08-03
ACT-0001357,Lead,LEAD-00545,Meeting,2022-08-03
ACT-0003427,Opportunity,OPP-00386,Email,2022-08-03
ACT-0003491,Opportunity,OPP-00401,Email,2022-08-03
ACT-0000106,Lead,LEAD-00042,Phone Call,2022-08-04
ACT-0000506,Lead,LEAD-00203,Phone Call,2022-08-04
ACT-0002168,Opportunity,OPP-00071,Meeting,2022-08-04
ACT-0003674,Opportunity,OPP-00446,Phone Call,2022-08-04
ACT-0000275,Lead,LEAD-00109,Phone Call,2022-08-05
ACT-0001371,Lead,LEAD-00549,Meeting,2022-08-05
ACT-0001374,Lead,LEAD-00549,Email,2022-08-05
ACT-0000911,Lead,LEAD-00366,Email,2022-08-06
ACT-0002886,Opportunity,OPP-00250,Meeting,2022-08-06
ACT-0001149,Lead,LEAD-00464,Task,2022-08-07
ACT-0003360,Opportunity,OPP-00370,Phone Call,2022-08-07
ACT-0000912,Lead,LEAD-00366,Task,2022-08-08
ACT-0002039,Opportunity,OPP-00041,Phone Call,2022-08-08
ACT-0002128,Opportunity,OPP-00062,Task,2022-08-08
ACT-0000493,Lead,LEAD-00197,Phone Call,2022-08-09
ACT-0000978,Lead,LEAD-00398,Phone Call,2022-08-09
ACT-0002129,Opportunity,OPP-00062,Phone Call,2022-08-09
ACT-0002166,Opportunity,OPP-00071,Phone Call,2022-08-09
ACT-0002705,Opportunity,OPP-00207,Email,2022-08-09
ACT-0002204,Opportunity,OPP-00079,Email,2022-08-10
ACT-0002207,Opportunity,OPP-00079,Email,2022-08-10
ACT-0003036,Opportunity,OPP-00286,Phone Call,2022-08-10
ACT-0001539,Lead,LEAD-00615,Phone Call,2022-08-11
ACT-0000305,Lead,LEAD-00121,Task,2022-08-12
ACT-0002126,Opportunity,OPP-00062,Phone Call,2022-08-13
ACT-0003035,Opportunity,OPP-00286,Email,2022-08-13
ACT-0003495,Opportunity,OPP-00401,Task,2022-08-13
ACT-0000507,Lead,LEAD-00203,Email,2022-08-14
ACT-0002609,Opportunity,OPP-00182,Phone Call,2022-08-15
ACT-0002887,Opportunity,OPP-00250,Email,2022-08-15
ACT-0001148,Lead,LEAD-00464,Phone Call,2022-08-16
ACT-0002040,Opportunity,OPP-00041,Email,2022-08-17
ACT-0003001,Opportunity,OPP-00278,Email,2022-08-17
ACT-0003002,Opportunity,OPP-00278,Task,2022-08-17
ACT-0002169,Opportunity,OPP-00071,Meeting,2022-08-18
ACT-0002366,Opportunity,OPP-00121,Email,2022-08-18
ACT-0002997,Opportunity,OPP-00278,Email,2022-08-18
ACT-0001147,Lead,LEAD-00464,Task,2022-08-19
ACT-0003477,Opportunity,OPP-00397,Email,2022-08-19
ACT-0000890,Lead,LEAD-00357,Meeting,2022-08-20
ACT-0002608,Opportunity,OPP-00182,Email,2022-08-20
ACT-0003071,Opportunity,OPP-00294,Phone Call,2022-08-20
ACT-0002205,Opportunity,OPP-00079,Email,2022-08-21
ACT-0000925,Lead,LEAD-00371,Meeting,2022-08-22
ACT-0002038,Opportunity,OPP-00041,Phone Call,2022-08-22
ACT-0002365,Opportunity,OPP-00121,Email,2022-08-22
ACT-0003530,Opportunity,OPP-00410,Task,2022-08-22
ACT-0000019,Lead,LEAD-00009,Email,2022-08-23
ACT-0000891,Lead,LEAD-00357,Email,2022-08-23
ACT-0003529,Opportunity,OPP-00410,Phone Call,2022-08-23
ACT-0002888,Opportunity,OPP-00250,Email,2022-08-24
ACT-0003201,Opportunity,OPP-00325,Email,2022-08-24
ACT-0000306,Lead,LEAD-00121,Email,2022-08-25
ACT-0000818,Lead,LEAD-00325,Email,2022-08-25
ACT-0002041,Opportunity,OPP-00041,Email,2022-08-25
ACT-0002606,Opportunity,OPP-00182,Email,2022-08-25
ACT-0002037,Opportunity,OPP-00041,Phone Call,2022-08-26
ACT-0003492,Opportunity,OPP-00401,Phone Call,2022-08-26
ACT-0000819,Lead,LEAD-00325,Task,2022-08-27
ACT-0000923,Lead,LEAD-00371,Email,2022-08-27
ACT-0000924,Lead,LEAD-00371,Task,2022-08-27
ACT-0003200,Opportunity,OPP-00325,Phone Call,2022-08-27
ACT-0000922,Lead,LEAD-00371,Task,2022-08-28
ACT-0002026,Opportunity,OPP-00037,Meeting,2022-08-28
ACT-0003361,Opportunity,OPP-00370,Phone Call,2022-08-28
ACT-0003364,Opportunity,OPP-00370,Email,2022-08-28
ACT-0000752,Lead,LEAD-00299,Phone Call,2022-08-29
ACT-0000018,Lead,LEAD-00009,Email,2022-08-30
ACT-0003075,Opportunity,OPP-00294,Email,2022-08-30
ACT-0001627,Lead,LEAD-00651,Task,2022-09-01
ACT-0000017,Lead,LEAD-00009,Email,2022-09-02
ACT-0001410,Lead,LEAD-00564,Email,2022-09-02
ACT-0002208,Opportunity,OPP-00079,Task,2022-09-02
ACT-0000698,Lead,LEAD-00278,Phone Call,2022-09-03
ACT-0000893,Lead,LEAD-00357,Task,2022-09-04
ACT-0002206,Opportunity,OPP-00079,Task,2022-09-04
ACT-0000892,Lead,LEAD-00357,Meeting,2022-09-05
ACT-0001412,Lead,LEAD-00564,Email,2022-09-05
ACT-0001625,Lead,LEAD-00651,Meeting,2022-09-05
ACT-0003144,Opportunity,OPP-00309,Phone Call,2022-09-05
ACT-0003198,Opportunity,OPP-00325,Email,2022-09-05
ACT-0000695,Lead,LEAD-00278,Phone Call,2022-09-06
ACT-0001518,Lead,LEAD-00604,Phone Call,2022-09-07
ACT-0002025,Opportunity,OPP-00037,Email,2022-09-07
ACT-0000696,Lead,LEAD-00278,Phone Call,2022-09-08
ACT-0001519,Lead,LEAD-00604,Task,2022-09-09
ACT-0003142,Opportunity,OPP-00309,Meeting,2022-09-09
ACT-0001411,Lead,LEAD-00564,Email,2022-09-10
ACT-0000565,Lead,LEAD-00225,Email,2022-09-11
ACT-0000566,Lead,LEAD-00225,Phone Call,2022-09-11
ACT-0000697,Lead,LEAD-00278,Phone Call,2022-09-11
ACT-0000753,Lead,LEAD-00299,Phone Call,2022-09-11
ACT-0001926,Opportunity,OPP-00009,Email,2022-09-11
ACT-0002607,Opportunity,OPP-00182,Phone Call,2022-09-11
ACT-0003478,Opportunity,OPP-00397,Email,2022-09-11
ACT-0003484,Opportunity,OPP-00399,Task,2022-09-11
ACT-0001624,Lead,LEAD-00651,Phone Call,2022-09-12
ACT-0000336,Lead,LEAD-00135,Phone Call,2022-09-13
ACT-0001570,Lead,LEAD-00632,Phone Call,2022-09-13
ACT-0003145,Opportunity,OPP-00309,Phone Call,2022-09-13
ACT-0000564,Lead,LEAD-00225,Phone Call,2022-09-14
ACT-0001626,Lead,LEAD-00651,Email,2022-09-14
ACT-0000905,Lead,LEAD-00363,Task,2022-09-15
ACT-0003202,Opportunity,OPP-00325,Task,2022-09-15
ACT-0000563,Lead,LEAD-00225,Email,2022-09-16
ACT-0000906,Lead,LEAD-00363,Phone Call,2022-09-16
ACT-0000904,Lead,LEAD-00363,Phone Call,2022-09-17
ACT-0001925,Opportunity,OPP-00009,Phone Call,2022-09-17
ACT-0002043,Opportunity,OPP-00042,Email,2022-09-17
ACT-0003141,Opportunity,OPP-00309,Email,2022-09-17
ACT-0001520,Lead,LEAD-00604,Meeting,2022-09-18
ACT-0002042,Opportunity,OPP-00042,Meeting,2022-09-18
ACT-0003146,Opportunity,OPP-00309,Email,2022-09-18
ACT-0001825,Lead,LEAD-00730,Meeting,2022-09-19
ACT-0001871,Lead,LEAD-00749,Email,2022-09-20
ACT-0000429,Lead,LEAD-00176,Meeting,2022-09-21
ACT-0001079,Lead,LEAD-00435,Task,2022-09-21
ACT-0003199,Opportunity,OPP-00325,Meeting,2022-09-21
ACT-0003409,Opportunity,OPP-00382,Meeting,2022-09-22
ACT-0003486,Opportunity,OPP-00399,Meeting,2022-09-22
ACT-0000430,Lead,LEAD-00176,Phone Call,2022-09-23
ACT-0000798,Lead,LEAD-00317,Email,2022-09-23
ACT-0002417,Opportunity,OPP-00135,Task,2022-09-23
ACT-0002418,Opportunity,OPP-00135,Email,2022-09-24
ACT-0002693,Opportunity,OPP-00203,Meeting,2022-09-24
ACT-0003485,Opportunity,OPP-00399,Phone Call,2022-09-24
ACT-0000799,Lead,LEAD-00317,Task,2022-09-25
ACT-0003118,Opportunity,OPP-00304,Email,2022-09-25
ACT-0001210,Lead,LEAD-00489,Email,2022-09-26
ACT-0002364,Opportunity,OPP-00121,Meeting,2022-09-26
ACT-0002670,Opportunity,OPP-00197,Email,2022-09-26
ACT-0002691,Opportunity,OPP-00203,Task,2022-09-26
ACT-0001924,Opportunity,OPP-00009,Email,2022-09-28
ACT-0002692,Opportunity,OPP-00203,Task,2022-09-28
ACT-0003499,Opportunity,OPP-00403,Phone Call,2022-09-28
ACT-0001927,Opportunity,OPP-00009,Phone Call,2022-09-29
ACT-0001826,Lead,LEAD-00730,Phone Call,2022-09-30
ACT-0003026,Opportunity,OPP-00284,Phone Call,2022-09-30
ACT-0003119,Opportunity,OPP-00304,Task,2022-09-30
ACT-0003024,Opportunity,OPP-00284,Meeting,2022-10-01
ACT-0001923,Opportunity,OPP-00009,Phone Call,2022-10-02
ACT-0002780,Opportunity,OPP-00225,Task,2022-10-03
ACT-0000428,Lead,LEAD-00176,Email,2022-10-04
ACT-0001828,Lead,LEAD-00732,Phone Call,2022-10-04
ACT-0003411,Opportunity,OPP-00382,Phone Call,2022-10-04
ACT-0001212,Lead,LEAD-00489,Email,2022-10-05
ACT-0001209,Lead,LEAD-00489,Email,2022-10-06
ACT-0001211,Lead,LEAD-00489,Task,2022-10-06
ACT-0003467,Opportunity,OPP-00394,Phone Call,2022-10-06
ACT-0003498,Opportunity,OPP-00403,Phone Call,2022-10-06
ACT-0002044,Opportunity,OPP-00042,Meeting,2022-10-08
ACT-0003028,Opportunity,OPP-00284,Meeting,2022-10-08
ACT-0003408,Opportunity,OPP-00382,Phone Call,2022-10-08
ACT-0000310,Lead,LEAD-00124,Task,2022-10-09
ACT-0003500,Opportunity,OPP-00403,Phone Call,2022-10-09
ACT-0000797,Lead,LEAD-00317,Phone Call,2022-10-10
ACT-0000946,Lead,LEAD-00381,Meeting,2022-10-11
ACT-0001005,Lead,LEAD-00409,Phone Call,2022-10-12
ACT-0003143,Opportunity,OPP-00309,Phone Call,2022-10-12
ACT-0003410,Opportunity,OPP-00382,Task,2022-10-12
ACT-0002671,Opportunity,OPP-00197,Email,2022-10-13
ACT-0002672,Opportunity,OPP-00197,Email,2022-10-13
ACT-0003117,Opportunity,OPP-00304,Phone Call,2022-10-13
ACT-0003210,Opportunity,OPP-00328,Email,2022-10-14
ACT-0000767,Lead,LEAD-00305,Task,2022-10-16
ACT-0001488,Lead,LEAD-00591,Phone Call,2022-10-16
ACT-0002420,Opportunity,OPP-00135,Email,2022-10-16
ACT-0003713,Opportunity,OPP-00455,Meeting,2022-10-18
ACT-0002371,Opportunity,OPP-00124,Email,2022-10-19
ACT-0003116,Opportunity,OPP-00304,Email,2022-10-19
ACT-0003711,Opportunity,OPP-00455,Phone Call,2022-10-19
ACT-0000138,Lead,LEAD-00053,Email,2022-10-20
ACT-0002318,Opportunity,OPP-00109,Meeting,2022-10-20
ACT-0002419,Opportunity,OPP-00135,Email,2022-10-20
ACT-0003027,Opportunity,OPP-00284,Phone Call,2022-10-20
ACT-0003710,Opportunity,OPP-00455,Meeting,2022-10-20
ACT-0001489,Lead,LEAD-00591,Task,2022-10-21
ACT-0000102,Lead,LEAD-00040,Meeting,2022-10-22
ACT-0000139,Lead,LEAD-00053,Meeting,2022-10-22
ACT-0000766,Lead,LEAD-00305,Email,2022-10-22
ACT-0003412,Opportunity,OPP-00382,Phone Call,2022-10-22
ACT-0003469,Opportunity,OPP-00394,Email,2022-10-22
ACT-0003714,Opportunity,OPP-00455,Phone Call,2022-10-22
ACT-0003209,Opportunity,OPP-00328,Task,2022-10-23
ACT-0000043,Lead,LEAD-00019,Phone Call,2022-10-24
ACT-0000101,Lead,LEAD-00040,Phone Call,2022-10-24
ACT-0000805,Lead,LEAD-00319,Phone Call,2022-10-24
ACT-0002779,Opportunity,OPP-00225,Email,2022-10-24
ACT-0000804,Lead,LEAD-00319,Task,2022-10-25
ACT-0000976,Lead,LEAD-00397,Phone Call,2022-10-25
ACT-0001004,Lead,LEAD-00409,Phone Call,2022-10-25
ACT-0003135,Opportunity,OPP-00307,Phone Call,2022-10-25
ACT-0002778,Opportunity,OPP-00225,Phone Call,2022-10-26
ACT-0000764,Lead,LEAD-00305,Phone Call,2022-10-27
ACT-0003465,Opportunity,OPP-00394,Phone Call,2022-10-27
ACT-0000042,Lead,LEAD-00019,Phone Call,2022-10-28
ACT-0000100,Lead,LEAD-00040,Phone Call,2022-10-28
ACT-0000806,Lead,LEAD-00319,Phone Call,2022-10-28
ACT-0000977,Lead,LEAD-00397,Phone Call,2022-10-28
ACT-0002319,Opportunity,OPP-00109,Email,2022-10-28
ACT-0002586,Opportunity,OPP-00176,Email,2022-10-28
ACT-0003712,Opportunity,OPP-00455,Phone Call,2022-10-28
ACT-0003029,Opportunity,OPP-00284,Email,2022-10-29
ACT-0000099,Lead,LEAD-00040,Phone Call,2022-10-30
ACT-0003133,Opportunity,OPP-00307,Phone Call,2022-10-30
ACT-0002317,Opportunity,OPP-00109,Phone Call,2022-10-31
ACT-0000140,Lead,LEAD-00053,Email,2022-11-01
ACT-0002316,Opportunity,OPP-00109,Phone Call,2022-11-01
ACT-0003466,Opportunity,OPP-00394,Email,2022-11-01
ACT-0003468,Opportunity,OPP-00394,Phone Call,2022-11-01
ACT-0000765,Lead,LEAD-00305,Email,2022-11-02
ACT-0000975,Lead,LEAD-00397,Email,2022-11-02
ACT-0003391,Opportunity,OPP-00377,Task,2022-11-02
ACT-0000005,Lead,LEAD-00002,Email,2022-11-04
ACT-0001283,Lead,LEAD-00516,Meeting,2022-11-04
ACT-0003132,Opportunity,OPP-00307,Phone Call,2022-11-04
ACT-0003390,Opportunity,OPP-00377,Email,2022-11-04
ACT-0003389,Opportunity,OPP-00377,Email,2022-11-05
ACT-0003392,Opportunity,OPP-00377,Email,2022-11-05
ACT-0001284,Lead,LEAD-00516,Email,2022-11-07
ACT-0001349,Lead,LEAD-00542,Meeting,2022-11-07
ACT-0001725,Lead,LEAD-00689,Phone Call,2022-11-07
ACT-0002035,Opportunity,OPP-00040,Phone Call,2022-11-07
ACT-0000754,Lead,LEAD-00300,Phone Call,2022-11-08
ACT-0001723,Lead,LEAD-00689,Email,2022-11-08
ACT-0002033,Opportunity,OPP-00040,Task,2022-11-08
ACT-0002372,Opportunity,OPP-00124,Email,2022-11-10
ACT-0003394,Opportunity,OPP-00377,Phone Call,2022-11-10
ACT-0000755,Lead,LEAD-00300,Email,2022-11-11
ACT-0001957,Opportunity,OPP-00019,Phone Call,2022-11-11
ACT-0003025,Opportunity,OPP-00284,Phone Call,2022-11-11
ACT-0003134,Opportunity,OPP-00307,Email,2022-11-11
ACT-0002587,Opportunity,OPP-00176,Task,2022-11-12
ACT-0000187,Lead,LEAD-00072,Meeting,2022-11-13
ACT-0001281,Lead,LEAD-00516,Phone Call,2022-11-13
ACT-0000859,Lead,LEAD-00342,Email,2022-11-14
ACT-0001193,Lead,LEAD-00483,Task,2022-11-14
ACT-0001405,Lead,LEAD-00561,Meeting,2022-11-14
ACT-0001282,Lead,LEAD-00516,Phone Call,2022-11-15
ACT-0001354,Lead,LEAD-00544,Meeting,2022-11-15
ACT-0003131,Opportunity,OPP-00307,Phone Call,2022-11-15
ACT-0001724,Lead,LEAD-00689,Phone Call,2022-11-16
ACT-0002034,Opportunity,OPP-00040,Meeting,2022-11-16
ACT-0001125,Lead,LEAD-00454,Email,2022-11-17
ACT-0000034,Lead,LEAD-00014,Task,2022-11-19
ACT-0001134,Lead,LEAD-00457,Phone Call,2022-11-19
ACT-0002374,Opportunity,OPP-00124,Email,2022-11-20
ACT-0001192,Lead,LEAD-00483,Phone Call,2022-11-21
ACT-0000124,Lead,LEAD-00048,Email,2022-11-22
ACT-0002373,Opportunity,OPP-00124,Task,2022-11-22
ACT-0000121,Lead,LEAD-00048,Email,2022-11-23
ACT-0000035,Lead,LEAD-00014,Email,2022-11-24
ACT-0003211,Opportunity,OPP-00328,Phone Call,2022-11-24
ACT-0000049,Lead,LEAD-00021,Meeting,2022-11-25
ACT-0000122,Lead,LEAD-00048,Phone Call,2022-11-25
ACT-0000123,Lead,LEAD-00048,Task,2022-11-25
ACT-0001132,Lead,LEAD-00457,Task,2022-11-25
ACT-0001355,Lead,LEAD-00544,Task,2022-11-26
ACT-0000234,Lead,LEAD-00094,Email,2022-11-27
ACT-0000337,Lead,LEAD-00136,Email,2022-11-27
ACT-0001331,Lead,LEAD-00535,Phone Call,2022-11-27
ACT-0000233,Lead,LEAD-00094,Phone Call,2022-11-28
ACT-0002090,Opportunity,OPP-00053,Task,2022-11-29
ACT-0000551,Lead,LEAD-00222,Task,2022-11-30
ACT-0001131,Lead,LEAD-00457,Phone Call,2022-12-01
ACT-0002171,Opportunity,OPP-00072,Email,2022-12-01
ACT-0002585,Opportunity,OPP-00176,Phone Call,2022-12-01
ACT-0000048,Lead,LEAD-00021,Email,2022-12-02
ACT-0000553,Lead,LEAD-00222,Task,2022-12-02
ACT-0000847,Lead,LEAD-00336,Task,2022-12-02
ACT-0001333,Lead,LEAD-00535,Task,2022-12-03
ACT-0002170,Opportunity,OPP-00072,Meeting,2022-12-03
ACT-0003277,Opportunity,OPP-00345,Email,2022-12-03
ACT-0000033,Lead,LEAD-00014,Email,2022-12-04
ACT-0000845,Lead,LEAD-00336,Phone Call,2022-12-04
ACT-0001133,Lead,LEAD-00457,Email,2022-12-04
ACT-0001356,Lead,LEAD-00544,Meeting,2022-12-04
ACT-0002584,Opportunity,OPP-00176,Phone Call,2022-12-04
ACT-0000047,Lead,LEAD-00021,Phone Call,2022-12-05
ACT-0000627,Lead,LEAD-00252,Email,2022-12-05
ACT-0000552,Lead,LEAD-00222,Meeting,2022-12-06
ACT-0000626,Lead,LEAD-00252,Phone Call,2022-12-06
ACT-0001214,Lead,LEAD-00491,Email,2022-12-06
ACT-0001332,Lead,LEAD-00535,Phone Call,2022-12-06
ACT-0001334,Lead,LEAD-00535,Email,2022-12-06
ACT-0002984,Opportunity,OPP-00275,Email,2022-12-06
ACT-0000628,Lead,LEAD-00252,Meeting,2022-12-07
ACT-0000584,Lead,LEAD-00234,Task,2022-12-08
ACT-0001958,Opportunity,OPP-00019,Phone Call,2022-12-08
ACT-0000156,Lead,LEAD-00059,Phone Call,2022-12-09
ACT-0000554,Lead,LEAD-00222,Task,2022-12-09
ACT-0000846,Lead,LEAD-00336,Meeting,2022-12-09
ACT-0002093,Opportunity,OPP-00053,Phone Call,2022-12-09
ACT-0002423,Opportunity,OPP-00136,Phone Call,2022-12-09
ACT-0002988,Opportunity,OPP-00275,Email,2022-12-09
ACT-0003275,Opportunity,OPP-00345,Phone Call,2022-12-09
ACT-0000583,Lead,LEAD-00234,Meeting,2022-12-10
ACT-0002263,Opportunity,OPP-00094,Phone Call,2022-12-10
ACT-0002552,Opportunity,OPP-00168,Task,2022-12-10
ACT-0000414,Lead,LEAD-00168,Email,2022-12-11
ACT-0001857,Lead,LEAD-00744,Phone Call,2022-12-11
ACT-0002265,Opportunity,OPP-00094,Phone Call,2022-12-11
ACT-0003393,Opportunity,OPP-00377,Phone Call,2022-12-11
ACT-0000154,Lead,LEAD-00059,Email,2022-12-12
ACT-0002767,Opportunity,OPP-00222,Email,2022-12-12
ACT-0001441,Lead,LEAD-00573,Email,2022-12-13
ACT-0001858,Lead,LEAD-00744,Phone Call,2022-12-13
ACT-0000634,Lead,LEAD-00254,Task,2022-12-14
ACT-0002766,Opportunity,OPP-00222,Phone Call,2022-12-14
ACT-0002986,Opportunity,OPP-00275,Email,2022-12-14
ACT-0001538,Lead,LEAD-00614,Phone Call,2022-12-15
ACT-0002091,Opportunity,OPP-00053,Task,2022-12-15
ACT-0003273,Opportunity,OPP-00345,Email,2022-12-15
ACT-0001965,Opportunity,OPP-00021,Phone Call,2022-12-16
ACT-0002894,Opportunity,OPP-00252,Email,2022-12-17
ACT-0002985,Opportunity,OPP-00275,Meeting,2022-12-17
ACT-0000633,Lead,LEAD-00254,Phone Call,2022-12-18
ACT-0001440,Lead,LEAD-00573,Phone Call,2022-12-18
ACT-0001859,Lead,LEAD-00744,Phone Call,2022-12-18
ACT-0002036,Opportunity,OPP-00040,Email,2022-12-18
ACT-0002261,Opportunity,OPP-00094,Task,2022-12-18
ACT-0001439,Lead,LEAD-00573,Meeting,2022-12-20
ACT-0002266,Opportunity,OPP-00094,Phone Call,2022-12-20
ACT-0000585,Lead,LEAD-00234,Email,2022-12-21
ACT-0002987,Opportunity,OPP-00275,Email,2022-12-21
ACT-0000153,Lead,LEAD-00059,Meeting,2022-12-22
ACT-0001860,Lead,LEAD-00744,Phone Call,2022-12-22
ACT-0002264,Opportunity,OPP-00094,Phone Call,2022-12-22
ACT-0000155,Lead,LEAD-00059,Meeting,2022-12-23
ACT-0001718,Lead,LEAD-00687,Email,2022-12-23
ACT-0002983,Opportunity,OPP-00275,Email,2022-12-25
ACT-0001760,Lead,LEAD-00704,Phone Call,2022-12-26
ACT-0002903,Opportunity,OPP-00254,Phone Call,2022-12-26
ACT-0001761,Lead,LEAD-00704,Meeting,2022-12-27
ACT-0003274,Opportunity,OPP-00345,Meeting,2022-12-27
ACT-0000914,Lead,LEAD-00367,Phone Call,2022-12-28
ACT-0000962,Lead,LEAD-00391,Phone Call,2022-12-28
ACT-0003276,Opportunity,OPP-00345,Email,2022-12-28
ACT-0002262,Opportunity,OPP-00094,Phone Call,2022-12-29
ACT-0002768,Opportunity,OPP-00222,Task,2022-12-30
ACT-0000913,Lead,LEAD-00367,Email,2022-12-31
ACT-0000963,Lead,LEAD-00391,Email,2022-12-31
ACT-0000606,Lead,LEAD-00243,Email,2023-01-01
ACT-0003851,Case,CASE-020176,Email,2023-01-01
ACT-0003853,Case,CASE-020177,Phone Call,2023-01-01
ACT-0003857,Case,CASE-020184,Email,2023-01-01
ACT-0003863,Case,CASE-053483,Phone Call,2023-01-01
ACT-0003864,Case,CASE-058821,Email,2023-01-01
ACT-0003868,Case,CASE-059522,Email,2023-01-01
ACT-0003870,Case,CASE-061657,Email,2023-01-01
ACT-0003871,Case,CASE-061657,Phone Call,2023-01-01
ACT-0003873,Case,CASE-061830,Phone Call,2023-01-01
ACT-0003875,Case,CASE-062714,Email,2023-01-01
ACT-0003876,Case,CASE-063002,Phone Call,2023-01-01
ACT-0003880,Case,CASE-064714,Email,2023-01-01
ACT-0003883,Case,CASE-065582,Phone Call,2023-01-01
ACT-0002092,Opportunity,OPP-00053,Email,2023-01-02
ACT-0002732,Opportunity,OPP-00213,Email,2023-01-02
ACT-0003852,Case,CASE-020177,Phone Call,2023-01-02
ACT-0003856,Case,CASE-020181,Phone Call,2023-01-02
ACT-0003858,Case,CASE-020186,Email,2023-01-02
ACT-0003865,Case,CASE-058821,Email,2023-01-02
ACT-0003866,Case,CASE-058838,Email,2023-01-02
ACT-0003867,Case,CASE-059094,Phone Call,2023-01-02
ACT-0003872,Case,CASE-061830,Email,2023-01-02
ACT-0003881,Case,CASE-065078,Email,2023-01-02
ACT-0003887,Case,CASE-000011,Phone Call,2023-01-02
ACT-0003893,Case,CASE-020170,Email,2023-01-02
ACT-0003896,Case,CASE-020182,Phone Call,2023-01-02
ACT-0003897,Case,CASE-020183,Phone Call,2023-01-02
ACT-0003902,Case,CASE-020195,Phone Call,2023-01-02
ACT-0003906,Case,CASE-020207,Email,2023-01-02
ACT-0003907,Case,CASE-020209,Email,2023-01-02
ACT-0003915,Case,CASE-060041,Phone Call,2023-01-02
ACT-0003917,Case,CASE-060457,Phone Call,2023-01-02
ACT-0003918,Case,CASE-062300,Phone Call,2023-01-02
ACT-0000605,Lead,LEAD-00243,Phone Call,2023-01-03
ACT-0001648,Lead,LEAD-00659,Phone Call,2023-01-03
ACT-0002089,Opportunity,OPP-00053,Phone Call,2023-01-03
ACT-0002421,Opportunity,OPP-00136,Phone Call,2023-01-03
ACT-0002553,Opportunity,OPP-00168,Meeting,2023-01-03
ACT-0002734,Opportunity,OPP-00213,Phone Call,2023-01-03
ACT-0002735,Opportunity,OPP-00213,Phone Call,2023-01-03
ACT-0002896,Opportunity,OPP-00252,Email,2023-01-03
ACT-0003850,Case,CASE-020172,Phone Call,2023-01-03
ACT-0003854,Case,CASE-020178,Phone Call,2023-01-03
ACT-0003855,Case,CASE-020179,Phone Call,2023-01-03
ACT-0003859,Case,CASE-020186,Phone Call,2023-01-03
ACT-0003860,Case,CASE-020189,Email,2023-01-03
ACT-0003861,Case,CASE-053482,Email,2023-01-03
ACT-0003862,Case,CASE-053483,Phone Call,2023-01-03
ACT-0003869,Case,CASE-059522,Email,2023-01-03
ACT-0003874,Case,CASE-062714,Email,2023-01-03
ACT-0003877,Case,CASE-063376,Email,2023-01-03
ACT-0003878,Case,CASE-063748,Email,2023-01-03
ACT-0003879,Case,CASE-064678,Email,2023-01-03
ACT-0003882,Case,CASE-065078,Phone Call,2023-01-03
ACT-0003884,Case,CASE-000005,Email,2023-01-03
ACT-0003885,Case,CASE-000007,Phone Call,2023-01-03
ACT-0003888,Case,CASE-000012,Phone Call,2023-01-03
ACT-0003889,Case,CASE-000012,Email,2023-01-03
ACT-0003898,Case,CASE-020183,Email,2023-01-03
ACT-0003900,Case,CASE-020193,Phone Call,2023-01-03
ACT-0003904,Case,CASE-020202,Phone Call,2023-01-03
ACT-0003908,Case,CASE-053481,Email,2023-01-03
ACT-0003912,Case,CASE-058158,Email,2023-01-03
ACT-0003919,Case,CASE-062300,Email,2023-01-03
ACT-0003923,Case,CASE-063223,Phone Call,2023-01-03
ACT-0003925,Case,CASE-064267,Phone Call,2023-01-03
ACT-0003928,Case,CASE-000008,Phone Call,2023-01-03
ACT-0003930,Case,CASE-000010,Phone Call,2023-01-03
ACT-0003932,Case,CASE-000017,Phone Call,2023-01-03
ACT-0003933,Case,CASE-000023,Phone Call,2023-01-03
ACT-0003937,Case,CASE-000029,Phone Call,2023-01-03
ACT-0003940,Case,CASE-020168,Phone Call,2023-01-03
ACT-0003943,Case,CASE-020174,Phone Call,2023-01-03
ACT-0003948,Case,CASE-020185,Email,2023-01-03
ACT-0003951,Case,CASE-020194,Phone Call,2023-01-03
ACT-0003953,Case,CASE-020196,Email,2023-01-03
ACT-0003962,Case,CASE-020213,Phone Call,2023-01-03
ACT-0003971,Case,CASE-020220,Phone Call,2023-01-03
ACT-0003972,Case,CASE-020220,Phone Call,2023-01-03
ACT-0003973,Case,CASE-020225,Email,2023-01-03
ACT-0003979,Case,CASE-046501,Email,2023-01-03
ACT-0003980,Case,CASE-053486,Email,2023-01-03
ACT-0003982,Case,CASE-057978,Phone Call,2023-01-03
ACT-0003983,Case,CASE-061214,Phone Call,2023-01-03
ACT-0003989,Case,CASE-063099,Phone Call,2023-01-03
ACT-0000183,Lead,LEAD-00070,Email,2023-01-04
ACT-0000528,Lead,LEAD-00213,Phone Call,2023-01-04
ACT-0003886,Case,CASE-000007,Email,2023-01-04
ACT-0003890,Case,CASE-000013,Phone Call,2023-01-04
ACT-0003891,Case,CASE-020169,Phone Call,2023-01-04
ACT-0003892,Case,CASE-020170,Email,2023-01-04
ACT-0003894,Case,CASE-020173,Email,2023-01-04
ACT-0003895,Case,CASE-020173,Phone Call,2023-01-04
ACT-0003899,Case,CASE-020188,Email,2023-01-04
ACT-0003901,Case,CASE-020193,Phone Call,2023-01-04
ACT-0003903,Case,CASE-020202,Phone Call,2023-01-04
ACT-0003905,Case,CASE-020204,Phone Call,2023-01-04
ACT-0003909,Case,CASE-053481,Email,2023-01-04
ACT-0003910,Case,CASE-057377,Phone Call,2023-01-04
ACT-0003911,Case,CASE-057741,Email,2023-01-04
ACT-0003913,Case,CASE-058158,Phone Call,2023-01-04
ACT-0003914,Case,CASE-059105,Email,2023-01-04
ACT-0003916,Case,CASE-060041,Email,2023-01-04
ACT-0003920,Case,CASE-062905,Email,2023-01-04
ACT-0003921,Case,CASE-062905,Email,2023-01-04
ACT-0003922,Case,CASE-063223,Phone Call,2023-01-04
ACT-0003924,Case,CASE-064267,Email,2023-01-04
ACT-0003927,Case,CASE-000002,Email,2023-01-04
ACT-0003929,Case,CASE-000010,Phone Call,2023-01-04
ACT-0003936,Case,CASE-000029,Phone Call,2023-01-04
ACT-0003938,Case,CASE-020166,Phone Call,2023-01-04
ACT-0003941,Case,CASE-020171,Phone Call,2023-01-04
ACT-0003942,Case,CASE-020171,Phone Call,2023-01-04
ACT-0003946,Case,CASE-020180,Phone Call,2023-01-04
ACT-0003949,Case,CASE-020185,Phone Call,2023-01-04
ACT-0003956,Case,CASE-020198,Phone Call,2023-01-04
ACT-0003958,Case,CASE-020200,Email,2023-01-04
ACT-0003960,Case,CASE-020203,Email,2023-01-04
ACT-0003961,Case,CASE-020205,Email,2023-01-04
ACT-0003963,Case,CASE-020213,Email,2023-01-04
ACT-0003965,Case,CASE-020214,Phone Call,2023-01-04
ACT-0003966,Case,CASE-020216,Email,2023-01-04
ACT-0003970,Case,CASE-020219,Phone Call,2023-01-04
ACT-0003975,Case,CASE-020226,Email,2023-01-04
ACT-0003976,Case,CASE-020227,Email,2023-01-04
ACT-0003978,Case,CASE-046498,Phone Call,2023-01-04
ACT-0003981,Case,CASE-053487,Email,2023-01-04
ACT-0003985,Case,CASE-061532,Phone Call,2023-01-04
ACT-0003986,Case,CASE-061806,Phone Call,2023-01-04
ACT-0003987,Case,CASE-061806,Email,2023-01-04
ACT-0003991,Case,CASE-063426,Email,2023-01-04
ACT-0003998,Case,CASE-000003,Email,2023-01-04
ACT-0004000,Case,CASE-000014,Phone Call,2023-01-04
ACT-0004002,Case,CASE-000025,Email,2023-01-04
ACT-0004004,Case,CASE-000028,Phone Call,2023-01-04
ACT-0004008,Case,CASE-000037,Phone Call,2023-01-04
ACT-0004016,Case,CASE-020190,Email,2023-01-04
ACT-0004021,Case,CASE-020206,Email,2023-01-04
ACT-0004023,Case,CASE-020210,Email,2023-01-04
ACT-0004024,Case,CASE-020210,Phone Call,2023-01-04
ACT-0004026,Case,CASE-020212,Phone Call,2023-01-04
ACT-0004027,Case,CASE-020212,Phone Call,2023-01-04
ACT-0004029,Case,CASE-020223,Phone Call,2023-01-04
ACT-0004031,Case,CASE-020228,Email,2023-01-04
ACT-0004046,Case,CASE-020250,Email,2023-01-04
ACT-0004059,Case,CASE-053489,Phone Call,2023-01-04
ACT-0004061,Case,CASE-058217,Email,2023-01-04
ACT-0004065,Case,CASE-059551,Email,2023-01-04
ACT-0004066,Case,CASE-059551,Email,2023-01-04
ACT-0004067,Case,CASE-061368,Phone Call,2023-01-04
ACT-0004069,Case,CASE-061524,Phone Call,2023-01-04
ACT-0004075,Case,CASE-064093,Email,2023-01-04
ACT-0004077,Case,CASE-065340,Email,2023-01-04
ACT-0003278,Opportunity,OPP-00346,Email,2023-01-05
ACT-0003926,Case,CASE-000002,Email,2023-01-05
ACT-0003931,Case,CASE-000016,Phone Call,2023-01-05
ACT-0003934,Case,CASE-000024,Email,2023-01-05
ACT-0003935,Case,CASE-000024,Phone Call,2023-01-05
ACT-0003939,Case,CASE-020167,Email,2023-01-05
ACT-0003944,Case,CASE-020175,Phone Call,2023-01-05
ACT-0003945,Case,CASE-020175,Phone Call,2023-01-05
ACT-0003947,Case,CASE-020180,Phone Call,2023-01-05
ACT-0003950,Case,CASE-020187,Phone Call,2023-01-05
ACT-0003952,Case,CASE-020194,Email,2023-01-05
ACT-0003954,Case,CASE-020196,Email,2023-01-05
ACT-0003955,Case,CASE-020197,Email,2023-01-05
ACT-0003957,Case,CASE-020200,Phone Call,2023-01-05
ACT-0003959,Case,CASE-020201,Phone Call,2023-01-05
ACT-0003964,Case,CASE-020214,Email,2023-01-05
ACT-0003967,Case,CASE-020216,Email,2023-01-05
ACT-0003968,Case,CASE-020217,Phone Call,2023-01-05
ACT-0003969,Case,CASE-020219,Phone Call,2023-01-05
ACT-0003974,Case,CASE-020225,Email,2023-01-05
ACT-0003977,Case,CASE-020229,Phone Call,2023-01-05
ACT-0003984,Case,CASE-061214,Email,2023-01-05
ACT-0003988,Case,CASE-063099,Phone Call,2023-01-05
ACT-0003990,Case,CASE-063426,Email,2023-01-05
ACT-0003992,Case,CASE-063680,Phone Call,2023-01-05
ACT-0003993,Case,CASE-063680,Email,2023-01-05
ACT-0003994,Case,CASE-064549,Email,2023-01-05
ACT-0003995,Case,CASE-064719,Phone Call,2023-01-05
ACT-0003996,Case,CASE-064719,Email,2023-01-05
ACT-0003999,Case,CASE-000006,Email,2023-01-05
ACT-0004001,Case,CASE-000015,Email,2023-01-05
ACT-0004005,Case,CASE-000028,Email,2023-01-05
ACT-0004006,Case,CASE-000030,Email,2023-01-05
ACT-0004009,Case,CASE-000037,Phone Call,2023-01-05
ACT-0004010,Case,CASE-000038,Email,2023-01-05
ACT-0004011,Case,CASE-000039,Phone Call,2023-01-05
ACT-0004014,Case,CASE-000047,Phone Call,2023-01-05
ACT-0004015,Case,CASE-020190,Email,2023-01-05
ACT-0004017,Case,CASE-020191,Email,2023-01-05
ACT-0004018,Case,CASE-020192,Email,2023-01-05
ACT-0004019,Case,CASE-020199,Phone Call,2023-01-05
ACT-0004028,Case,CASE-020223,Email,2023-01-05
ACT-0004035,Case,CASE-020234,Phone Call,2023-01-05
ACT-0004036,Case,CASE-020237,Phone Call,2023-01-05
ACT-0004038,Case,CASE-020241,Phone Call,2023-01-05
ACT-0004041,Case,CASE-020244,Phone Call,2023-01-05
ACT-0004042,Case,CASE-020247,Email,2023-01-05
ACT-0004048,Case,CASE-020256,Email,2023-01-05
ACT-0004051,Case,CASE-020262,Email,2023-01-05
ACT-0004052,Case,CASE-020264,Email,2023-01-05
ACT-0004053,Case,CASE-020265,Phone Call,2023-01-05
ACT-0004054,Case,CASE-046500,Phone Call,2023-01-05
ACT-0004057,Case,CASE-053485,Phone Call,2023-01-05
ACT-0004058,Case,CASE-053485,Email,2023-01-05
ACT-0004064,Case,CASE-059104,Email,2023-01-05
ACT-0004074,Case,CASE-064093,Phone Call,2023-01-05
ACT-0004076,Case,CASE-065340,Email,2023-01-05
ACT-0004080,Case,CASE-000009,Email,2023-01-05
ACT-0004083,Case,CASE-000019,Email,2023-01-05
ACT-0004088,Case,CASE-000031,Phone Call,2023-01-05
ACT-0004090,Case,CASE-000046,Phone Call,2023-01-05
ACT-0004093,Case,CASE-000049,Phone Call,2023-01-05
ACT-0004098,Case,CASE-000059,Phone Call,2023-01-05
ACT-0004104,Case,CASE-020215,Phone Call,2023-01-05
ACT-0004107,Case,CASE-020218,Phone Call,2023-01-05
ACT-0004113,Case,CASE-020232,Email,2023-01-05
ACT-0004114,Case,CASE-020235,Email,2023-01-05
ACT-0004122,Case,CASE-020253,Phone Call,2023-01-05
ACT-0004123,Case,CASE-020255,Phone Call,2023-01-05
ACT-0004131,Case,CASE-020268,Email,2023-01-05
ACT-0004135,Case,CASE-020276,Phone Call,2023-01-05
ACT-0004137,Case,CASE-020282,Email,2023-01-05
ACT-0004146,Case,CASE-057252,Phone Call,2023-01-05
ACT-0004149,Case,CASE-059133,Phone Call,2023-01-05
ACT-0004157,Case,CASE-064215,Email,2023-01-05
ACT-0002422,Opportunity,OPP-00136,Phone Call,2023-01-06
ACT-0002904,Opportunity,OPP-00254,Phone Call,2023-01-06
ACT-0003997,Case,CASE-000003,Phone Call,2023-01-06
ACT-0004003,Case,CASE-000025,Email,2023-01-06
ACT-0004007,Case,CASE-000035,Phone Call,2023-01-06
ACT-0004012,Case,CASE-000039,Phone Call,2023-01-06
ACT-0004013,Case,CASE-000043,Phone Call,2023-01-06
ACT-0004020,Case,CASE-020199,Phone Call,2023-01-06
ACT-0004022,Case,CASE-020208,Phone Call,2023-01-06
ACT-0004025,Case,CASE-020211,Email,2023-01-06
ACT-0004030,Case,CASE-020224,Phone Call,2023-01-06
ACT-0004032,Case,CASE-020231,Email,2023-01-06
ACT-0004033,Case,CASE-020233,Phone Call,2023-01-06
ACT-0004034,Case,CASE-020233,Phone Call,2023-01-06
ACT-0004037,Case,CASE-020241,Phone Call,2023-01-06
ACT-0004039,Case,CASE-020242,Phone Call,2023-01-06
ACT-0004040,Case,CASE-020244,Email,2023-01-06
ACT-0004043,Case,CASE-020247,Phone Call,2023-01-06
ACT-0004044,Case,CASE-020249,Email,2023-01-06
ACT-0004045,Case,CASE-020249,Phone Call,2023-01-06
ACT-0004047,Case,CASE-020254,Email,2023-01-06
ACT-0004049,Case,CASE-020258,Phone Call,2023-01-06
ACT-0004050,Case,CASE-020262,Email,2023-01-06
ACT-0004055,Case,CASE-046507,Email,2023-01-06
ACT-0004056,Case,CASE-053484,Phone Call,2023-01-06
ACT-0004060,Case,CASE-053489,Email,2023-01-06
ACT-0004062,Case,CASE-058217,Phone Call,2023-01-06
ACT-0004063,Case,CASE-059085,Phone Call,2023-01-06
ACT-0004068,Case,CASE-061368,Phone Call,2023-01-06
ACT-0004070,Case,CASE-062793,Email,2023-01-06
ACT-0004071,Case,CASE-062987,Phone Call,2023-01-06
ACT-0004072,Case,CASE-062987,Phone Call,2023-01-06
ACT-0004073,Case,CASE-064074,Phone Call,2023-01-06
ACT-0004079,Case,CASE-000004,Phone Call,2023-01-06
ACT-0004081,Case,CASE-000009,Email,2023-01-06
ACT-0004084,Case,CASE-000021,Phone Call,2023-01-06
ACT-0004085,Case,CASE-000021,Email,2023-01-06
ACT-0004086,Case,CASE-000026,Phone Call,2023-01-06
ACT-0004092,Case,CASE-000048,Phone Call,2023-01-06
ACT-0004094,Case,CASE-000049,Email,2023-01-06
ACT-0004095,Case,CASE-000050,Phone Call,2023-01-06
ACT-0004096,Case,CASE-000053,Email,2023-01-06
ACT-0004097,Case,CASE-000056,Email,2023-01-06
ACT-0004099,Case,CASE-000059,Email,2023-01-06
ACT-0004101,Case,CASE-000070,Phone Call,2023-01-06
ACT-0004102,Case,CASE-000070,Phone Call,2023-01-06
ACT-0004105,Case,CASE-020215,Phone Call,2023-01-06
ACT-0004108,Case,CASE-020221,Phone Call,2023-01-06
ACT-0004111,Case,CASE-020230,Phone Call,2023-01-06
ACT-0004112,Case,CASE-020232,Email,2023-01-06
ACT-0004115,Case,CASE-020236,Email,2023-01-06
ACT-0004116,Case,CASE-020236,Email,2023-01-06
ACT-0004117,Case,CASE-020239,Email,2023-01-06
ACT-0004118,Case,CASE-020239,Phone Call,2023-01-06
ACT-0004120,Case,CASE-020245,Phone Call,2023-01-06
ACT-0004121,Case,CASE-020245,Phone Call,2023-01-06
ACT-0004124,Case,CASE-020257,Email,2023-01-06
ACT-0004125,Case,CASE-020257,Phone Call,2023-01-06
ACT-0004133,Case,CASE-020271,Email,2023-01-06
ACT-0004134,Case,CASE-020275,Email,2023-01-06
ACT-0004136,Case,CASE-020276,Email,2023-01-06
ACT-0004138,Case,CASE-020282,Phone Call,2023-01-06
ACT-0004139,Case,CASE-020288,Email,2023-01-06
ACT-0004140,Case,CASE-020288,Email,2023-01-06
ACT-0004143,Case,CASE-046503,Email,2023-01-06
ACT-0004147,Case,CASE-058548,Phone Call,2023-01-06
ACT-0004151,Case,CASE-061188,Phone Call,2023-01-06
ACT-0004152,Case,CASE-062471,Phone Call,2023-01-06
ACT-0004153,Case,CASE-062471,Email,2023-01-06
ACT-0004154,Case,CASE-064000,Phone Call,2023-01-06
ACT-0004156,Case,CASE-064215,Email,2023-01-06
ACT-0004160,Case,CASE-000020,Email,2023-01-06
ACT-0004163,Case,CASE-000042,Phone Call,2023-01-06
ACT-0004166,Case,CASE-000054,Phone Call,2023-01-06
ACT-0004168,Case,CASE-000062,Phone Call,2023-01-06
ACT-0004169,Case,CASE-000062,Phone Call,2023-01-06
ACT-0004174,Case,CASE-000069,Phone Call,2023-01-06
ACT-0004183,Case,CASE-020248,Phone Call,2023-01-06
ACT-0004186,Case,CASE-020252,Phone Call,2023-01-06
ACT-0004189,Case,CASE-020277,Phone Call,2023-01-06
ACT-0004199,Case,CASE-020290,Phone Call,2023-01-06
ACT-0004205,Case,CASE-020298,Email,2023-01-06
ACT-0004206,Case,CASE-020299,Email,2023-01-06
ACT-0004210,Case,CASE-020309,Email,2023-01-06
ACT-0004211,Case,CASE-046496,Email,2023-01-06
ACT-0004212,Case,CASE-046496,Email,2023-01-06
ACT-0004213,Case,CASE-046497,Phone Call,2023-01-06
ACT-0004218,Case,CASE-046520,Phone Call,2023-01-06
ACT-0004219,Case,CASE-046521,Phone Call,2023-01-06
ACT-0004222,Case,CASE-053488,Email,2023-01-06
ACT-0004225,Case,CASE-053493,Email,2023-01-06
ACT-0004227,Case,CASE-053494,Phone Call,2023-01-06
ACT-0004228,Case,CASE-057310,Email,2023-01-06
ACT-0004231,Case,CASE-057525,Email,2023-01-06
ACT-0004234,Case,CASE-058241,Email,2023-01-06
ACT-0004235,Case,CASE-058241,Email,2023-01-06
ACT-0004238,Case,CASE-060656,Email,2023-01-06
ACT-0004239,Case,CASE-061403,Email,2023-01-06
ACT-0004241,Case,CASE-062397,Phone Call,2023-01-06
ACT-0004244,Case,CASE-064414,Email,2023-01-06
ACT-0004245,Case,CASE-065144,Email,2023-01-06
ACT-0004246,Case,CASE-065144,Email,2023-01-06
ACT-0004248,Case,CASE-065205,Email,2023-01-06
ACT-0004249,Case,CASE-065576,Email,2023-01-06
ACT-0000182,Lead,LEAD-00070,Email,2023-01-07
ACT-0000603,Lead,LEAD-00243,Email,2023-01-07
ACT-0002895,Opportunity,OPP-00252,Email,2023-01-07
ACT-0002898,Opportunity,OPP-00252,Email,2023-01-07
ACT-0002902,Opportunity,OPP-00254,Task,2023-01-07
ACT-0004078,Case,CASE-000001,Email,2023-01-07
ACT-0004082,Case,CASE-000019,Phone Call,2023-01-07
ACT-0004087,Case,CASE-000027,Phone Call,2023-01-07
ACT-0004089,Case,CASE-000034,Email,2023-01-07
ACT-0004091,Case,CASE-000048,Phone Call,2023-01-07
ACT-0004100,Case,CASE-000066,Phone Call,2023-01-07
ACT-0004103,Case,CASE-000074,Email,2023-01-07
ACT-0004106,Case,CASE-020218,Email,2023-01-07
ACT-0004109,Case,CASE-020222,Email,2023-01-07
ACT-0004110,Case,CASE-020230,Phone Call,2023-01-07
ACT-0004119,Case,CASE-020240,Phone Call,2023-01-07
ACT-0004126,Case,CASE-020259,Phone Call,2023-01-07
ACT-0004127,Case,CASE-020259,Phone Call,2023-01-07
ACT-0004128,Case,CASE-020261,Phone Call,2023-01-07
ACT-0004129,Case,CASE-020263,Email,2023-01-07
ACT-0004130,Case,CASE-020267,Phone Call,2023-01-07
ACT-0004132,Case,CASE-020270,Phone Call,2023-01-07
ACT-0004141,Case,CASE-020292,Email,2023-01-07
ACT-0004142,Case,CASE-020292,Phone Call,2023-01-07
ACT-0004144,Case,CASE-046503,Email,2023-01-07
ACT-0004145,Case,CASE-057252,Email,2023-01-07
ACT-0004148,Case,CASE-059133,Phone Call,2023-01-07
ACT-0004150,Case,CASE-059457,Phone Call,2023-01-07
ACT-0004155,Case,CASE-064000,Email,2023-01-07
ACT-0004158,Case,CASE-000018,Phone Call,2023-01-07
ACT-0004159,Case,CASE-000020,Phone Call,2023-01-07
ACT-0004161,Case,CASE-000022,Email,2023-01-07
ACT-0004165,Case,CASE-000045,Phone Call,2023-01-07
ACT-0004167,Case,CASE-000054,Phone Call,2023-01-07
ACT-0004172,Case,CASE-000064,Phone Call,2023-01-07
ACT-0004175,Case,CASE-000080,Email,2023-01-07
ACT-0004188,Case,CASE-020277,Phone Call,2023-01-07
ACT-0004191,Case,CASE-020283,Phone Call,2023-01-07
ACT-0004192,Case,CASE-020283,Email,2023-01-07
ACT-0004193,Case,CASE-020284,Email,2023-01-07
ACT-0004194,Case,CASE-020284,Email,2023-01-07
ACT-0004200,Case,CASE-020290,Email,2023-01-07
ACT-0004201,Case,CASE-020291,Phone Call,2023-01-07
ACT-0004204,Case,CASE-020298,Email,2023-01-07
ACT-0004207,Case,CASE-020299,Phone Call,2023-01-07
ACT-0004214,Case,CASE-046515,Email,2023-01-07
ACT-0004215,Case,CASE-046515,Phone Call,2023-01-07
ACT-0004216,Case,CASE-046517,Phone Call,2023-01-07
ACT-0004217,Case,CASE-046520,Phone Call,2023-01-07
ACT-0004221,Case,CASE-046525,Phone Call,2023-01-07
ACT-0004230,Case,CASE-057439,Phone Call,2023-01-07
ACT-0004233,Case,CASE-058212,Phone Call,2023-01-07
ACT-0004236,Case,CASE-060370,Email,2023-01-07
ACT-0004243,Case,CASE-064237,Phone Call,2023-01-07
ACT-0004247,Case,CASE-065205,Email,2023-01-07
ACT-0004250,Case,CASE-065576,Phone Call,2023-01-07
ACT-0004256,Case,CASE-000041,Phone Call,2023-01-07
ACT-0004257,Case,CASE-000044,Email,2023-01-07
ACT-0004264,Case,CASE-000067,Email,2023-01-07
ACT-0004269,Case,CASE-000075,Email,2023-01-07
ACT-0004270,Case,CASE-000076,Phone Call,2023-01-07
ACT-0004272,Case,CASE-000078,Phone Call,2023-01-07
ACT-0004281,Case,CASE-000098,Phone Call,2023-01-07
ACT-0004282,Case,CASE-000098,Phone Call,2023-01-07
ACT-0004284,Case,CASE-020269,Phone Call,2023-01-07
ACT-0004285,Case,CASE-020269,Phone Call,2023-01-07
ACT-0004287,Case,CASE-020273,Email,2023-01-07
ACT-0004288,Case,CASE-020273,Phone Call,2023-01-07
ACT-0004293,Case,CASE-020280,Email,2023-01-07
ACT-0004296,Case,CASE-020289,Email,2023-01-07
ACT-0004297,Case,CASE-020289,Phone Call,2023-01-07
ACT-0004298,Case,CASE-020294,Email,2023-01-07
ACT-0004299,Case,CASE-020294,Email,2023-01-07
ACT-0004303,Case,CASE-020304,Phone Call,2023-01-07
ACT-0004309,Case,CASE-020312,Phone Call,2023-01-07
ACT-0004311,Case,CASE-020324,Email,2023-01-07
ACT-0004314,Case,CASE-046516,Phone Call,2023-01-07
ACT-0004316,Case,CASE-046523,Phone Call,2023-01-07
ACT-0004319,Case,CASE-046529,Email,2023-01-07
ACT-0004328,Case,CASE-057227,Phone Call,2023-01-07
ACT-0004334,Case,CASE-059968,Phone Call,2023-01-07
ACT-0004335,Case,CASE-059968,Phone Call,2023-01-07
ACT-0004336,Case,CASE-060514,Phone Call,2023-01-07
ACT-0004340,Case,CASE-060888,Email,2023-01-07
ACT-0004342,Case,CASE-061832,Email,2023-01-07
ACT-0001647,Lead,LEAD-00659,Task,2023-01-08
ACT-0002424,Opportunity,OPP-00136,Phone Call,2023-01-08
ACT-0002901,Opportunity,OPP-00254,Email,2023-01-08
ACT-0003765,Opportunity,OPP-00469,Phone Call,2023-01-08
ACT-0004162,Case,CASE-000022,Phone Call,2023-01-08
ACT-0004164,Case,CASE-000042,Phone Call,2023-01-08
ACT-0004170,Case,CASE-000063,Email,2023-01-08
ACT-0004171,Case,CASE-000064,Email,2023-01-08
ACT-0004173,Case,CASE-000069,Phone Call,2023-01-08
ACT-0004176,Case,CASE-000093,Phone Call,2023-01-08
ACT-0004177,Case,CASE-020238,Phone Call,2023-01-08
ACT-0004178,Case,CASE-020238,Phone Call,2023-01-08
ACT-0004179,Case,CASE-020243,Email,2023-01-08
ACT-0004180,Case,CASE-020246,Email,2023-01-08
ACT-0004181,Case,CASE-020246,Email,2023-01-08
ACT-0004182,Case,CASE-020248,Email,2023-01-08
ACT-0004184,Case,CASE-020251,Phone Call,2023-01-08
ACT-0004185,Case,CASE-020251,Phone Call,2023-01-08
ACT-0004187,Case,CASE-020260,Phone Call,2023-01-08
ACT-0004190,Case,CASE-020278,Phone Call,2023-01-08
ACT-0004195,Case,CASE-020285,Email,2023-01-08
ACT-0004196,Case,CASE-020285,Email,2023-01-08
ACT-0004197,Case,CASE-020286,Phone Call,2023-01-08
ACT-0004198,Case,CASE-020287,Email,2023-01-08
ACT-0004202,Case,CASE-020293,Phone Call,2023-01-08
ACT-0004203,Case,CASE-020293,Phone Call,2023-01-08
ACT-0004208,Case,CASE-020306,Phone Call,2023-01-08
ACT-0004209,Case,CASE-020306,Email,2023-01-08
ACT-0004220,Case,CASE-046525,Email,2023-01-08
ACT-0004223,Case,CASE-053490,Email,2023-01-08
ACT-0004224,Case,CASE-053493,Phone Call,2023-01-08
ACT-0004226,Case,CASE-053494,Email,2023-01-08
ACT-0004229,Case,CASE-057310,Email,2023-01-08
ACT-0004232,Case,CASE-058212,Phone Call,2023-01-08
ACT-0004237,Case,CASE-060602,Phone Call,2023-01-08
ACT-0004240,Case,CASE-062127,Phone Call,2023-01-08
ACT-0004242,Case,CASE-062397,Email,2023-01-08
ACT-0004251,Case,CASE-000032,Email,2023-01-08
ACT-0004255,Case,CASE-000040,Phone Call,2023-01-08
ACT-0004258,Case,CASE-000051,Phone Call,2023-01-08
ACT-0004259,Case,CASE-000055,Phone Call,2023-01-08
ACT-0004261,Case,CASE-000060,Email,2023-01-08
ACT-0004262,Case,CASE-000065,Phone Call,2023-01-08
ACT-0004265,Case,CASE-000067,Phone Call,2023-01-08
ACT-0004266,Case,CASE-000071,Phone Call,2023-01-08
ACT-0004267,Case,CASE-000071,Phone Call,2023-01-08
ACT-0004273,Case,CASE-000082,Email,2023-01-08
ACT-0004274,Case,CASE-000082,Phone Call,2023-01-08
ACT-0004275,Case,CASE-000085,Email,2023-01-08
ACT-0004279,Case,CASE-000090,Email,2023-01-08
ACT-0004283,Case,CASE-020266,Email,2023-01-08
ACT-0004286,Case,CASE-020272,Email,2023-01-08
ACT-0004289,Case,CASE-020274,Phone Call,2023-01-08
ACT-0004291,Case,CASE-020279,Phone Call,2023-01-08
ACT-0004301,Case,CASE-020297,Email,2023-01-08
ACT-0004307,Case,CASE-020311,Phone Call,2023-01-08
ACT-0004310,Case,CASE-020324,Email,2023-01-08
ACT-0004313,Case,CASE-046512,Email,2023-01-08
ACT-0004318,Case,CASE-046524,Phone Call,2023-01-08
ACT-0004324,Case,CASE-057056,Email,2023-01-08
ACT-0004325,Case,CASE-057221,Email,2023-01-08
ACT-0004326,Case,CASE-057221,Phone Call,2023-01-08
ACT-0004329,Case,CASE-058289,Email,2023-01-08
ACT-0004332,Case,CASE-058471,Email,2023-01-08
ACT-0004337,Case,CASE-060514,Phone Call,2023-01-08
ACT-0004343,Case,CASE-064836,Phone Call,2023-01-08
ACT-0004344,Case,CASE-065062,Email,2023-01-08
ACT-0004350,Case,CASE-000057,Email,2023-01-08
ACT-0004353,Case,CASE-000061,Email,2023-01-08
ACT-0004354,Case,CASE-000061,Email,2023-01-08
ACT-0004359,Case,CASE-000086,Phone Call,2023-01-08
ACT-0004360,Case,CASE-000086,Email,2023-01-08
ACT-0004362,Case,CASE-000088,Email,2023-01-08
ACT-0004371,Case,CASE-000101,Email,2023-01-08
ACT-0004372,Case,CASE-000105,Phone Call,2023-01-08
ACT-0004376,Case,CASE-000114,Phone Call,2023-01-08
ACT-0004380,Case,CASE-020300,Phone Call,2023-01-08
ACT-0004381,Case,CASE-020302,Email,2023-01-08
ACT-0004382,Case,CASE-020302,Email,2023-01-08
ACT-0004387,Case,CASE-020308,Phone Call,2023-01-08
ACT-0004388,Case,CASE-020313,Email,2023-01-08
ACT-0004391,Case,CASE-020314,Email,2023-01-08
ACT-0004396,Case,CASE-020321,Phone Call,2023-01-08
ACT-0004397,Case,CASE-020322,Phone Call,2023-01-08
ACT-0004401,Case,CASE-020327,Phone Call,2023-01-08
ACT-0004402,Case,CASE-020331,Phone Call,2023-01-08
ACT-0004405,Case,CASE-020334,Email,2023-01-08
ACT-0004406,Case,CASE-020343,Email,2023-01-08
ACT-0004411,Case,CASE-046504,Phone Call,2023-01-08
ACT-0004413,Case,CASE-046533,Phone Call,2023-01-08
ACT-0004414,Case,CASE-046533,Phone Call,2023-01-08
ACT-0004417,Case,CASE-053492,Phone Call,2023-01-08
ACT-0004428,Case,CASE-062405,Phone Call,2023-01-08
ACT-0004431,Case,CASE-064268,Phone Call,2023-01-08
ACT-0004433,Case,CASE-065339,Email,2023-01-08
ACT-0004434,Case,CASE-065339,Email,2023-01-08
ACT-0000604,Lead,LEAD-00243,Phone Call,2023-01-09
ACT-0001649,Lead,LEAD-00660,Task,2023-01-09
ACT-0002094,Opportunity,OPP-00053,Task,2023-01-09
ACT-0004252,Case,CASE-000033,Phone Call,2023-01-09
ACT-0004253,Case,CASE-000033,Phone Call,2023-01-09
ACT-0004254,Case,CASE-000036,Phone Call,2023-01-09
ACT-0004260,Case,CASE-000055,Phone Call,2023-01-09
ACT-0004263,Case,CASE-000065,Phone Call,2023-01-09
ACT-0004268,Case,CASE-000072,Phone Call,2023-01-09
ACT-0004271,Case,CASE-000077,Email,2023-01-09
ACT-0004276,Case,CASE-000087,Email,2023-01-09
ACT-0004277,Case,CASE-000087,Phone Call,2023-01-09
ACT-0004278,Case,CASE-000090,Phone Call,2023-01-09
ACT-0004280,Case,CASE-000094,Phone Call,2023-01-09
ACT-0004290,Case,CASE-020274,Email,2023-01-09
ACT-0004292,Case,CASE-020279,Phone Call,2023-01-09
ACT-0004294,Case,CASE-020281,Phone Call,2023-01-09
ACT-0004295,Case,CASE-020281,Phone Call,2023-01-09
ACT-0004300,Case,CASE-020295,Email,2023-01-09
ACT-0004302,Case,CASE-020301,Email,2023-01-09
ACT-0004304,Case,CASE-020307,Phone Call,2023-01-09
ACT-0004305,Case,CASE-020310,Phone Call,2023-01-09
ACT-0004306,Case,CASE-020311,Email,2023-01-09
ACT-0004308,Case,CASE-020312,Phone Call,2023-01-09
ACT-0004312,Case,CASE-046506,Email,2023-01-09
ACT-0004315,Case,CASE-046519,Phone Call,2023-01-09
ACT-0004317,Case,CASE-046524,Phone Call,2023-01-09
ACT-0004320,Case,CASE-046529,Phone Call,2023-01-09
ACT-0004321,Case,CASE-053496,Email,2023-01-09
ACT-0004322,Case,CASE-053496,Email,2023-01-09
ACT-0004323,Case,CASE-057056,Phone Call,2023-01-09
ACT-0004327,Case,CASE-057227,Phone Call,2023-01-09
ACT-0004330,Case,CASE-058289,Phone Call,2023-01-09
ACT-0004331,Case,CASE-058471,Email,2023-01-09
ACT-0004333,Case,CASE-059853,Email,2023-01-09
ACT-0004338,Case,CASE-060554,Email,2023-01-09
ACT-0004339,Case,CASE-060888,Email,2023-01-09
ACT-0004341,Case,CASE-061832,Phone Call,2023-01-09
ACT-0004345,Case,CASE-065062,Email,2023-01-09
ACT-0004346,Case,CASE-065165,Phone Call,2023-01-09
ACT-0004347,Case,CASE-065165,Phone Call,2023-01-09
ACT-0004348,Case,CASE-000052,Email,2023-01-09
ACT-0004352,Case,CASE-000058,Phone Call,2023-01-09
ACT-0004356,Case,CASE-000073,Phone Call,2023-01-09
ACT-0004357,Case,CASE-000079,Email,2023-01-09
ACT-0004358,Case,CASE-000081,Email,2023-01-09
ACT-0004363,Case,CASE-000092,Phone Call,2023-01-09
ACT-0004366,Case,CASE-000095,Phone Call,2023-01-09
ACT-0004369,Case,CASE-000100,Phone Call,2023-01-09
ACT-0004370,Case,CASE-000100,Phone Call,2023-01-09
ACT-0004373,Case,CASE-000107,Phone Call,2023-01-09
ACT-0004374,Case,CASE-000109,Phone Call,2023-01-09
ACT-0004375,Case,CASE-000109,Phone Call,2023-01-09
ACT-0004379,Case,CASE-020296,Email,2023-01-09
ACT-0004384,Case,CASE-020305,Email,2023-01-09
ACT-0004386,Case,CASE-020308,Email,2023-01-09
ACT-0004390,Case,CASE-020314,Phone Call,2023-01-09
ACT-0004392,Case,CASE-020317,Email,2023-01-09
ACT-0004398,Case,CASE-020325,Phone Call,2023-01-09
ACT-0004399,Case,CASE-020325,Email,2023-01-09
ACT-0004403,Case,CASE-020331,Email,2023-01-09
ACT-0004407,Case,CASE-020343,Email,2023-01-09
ACT-0004410,Case,CASE-046504,Email,2023-01-09
ACT-0004412,Case,CASE-046509,Phone Call,2023-01-09
ACT-0004415,Case,CASE-053491,Phone Call,2023-01-09
ACT-0004416,Case,CASE-053491,Phone Call,2023-01-09
ACT-0004419,Case,CASE-058487,Phone Call,2023-01-09
ACT-0004421,Case,CASE-059647,Phone Call,2023-01-09
ACT-0004422,Case,CASE-059810,Email,2023-01-09
ACT-0004424,Case,CASE-061252,Phone Call,2023-01-09
ACT-0004430,Case,CASE-063710,Phone Call,2023-01-09
ACT-0004432,Case,CASE-064462,Email,2023-01-09
ACT-0004438,Case,CASE-000084,Email,2023-01-09
ACT-0004441,Case,CASE-000091,Email,2023-01-09
ACT-0004444,Case,CASE-000104,Phone Call,2023-01-09
ACT-0004445,Case,CASE-000104,Phone Call,2023-01-09
ACT-0004450,Case,CASE-020315,Email,2023-01-09
ACT-0004451,Case,CASE-020316,Phone Call,2023-01-09
ACT-0004454,Case,CASE-020320,Phone Call,2023-01-09
ACT-0004455,Case,CASE-020320,Email,2023-01-09
ACT-0004460,Case,CASE-020329,Phone Call,2023-01-09
ACT-0004462,Case,CASE-020332,Phone Call,2023-01-09
ACT-0004468,Case,CASE-020345,Phone Call,2023-01-09
ACT-0004484,Case,CASE-046539,Email,2023-01-09
ACT-0004491,Case,CASE-058062,Phone Call,2023-01-09
ACT-0004492,Case,CASE-058834,Email,2023-01-09
ACT-0004493,Case,CASE-058834,Phone Call,2023-01-09
ACT-0004497,Case,CASE-061541,Email,2023-01-09
ACT-0004498,Case,CASE-062118,Email,2023-01-09
ACT-0004499,Case,CASE-062710,Phone Call,2023-01-09
ACT-0004501,Case,CASE-064097,Phone Call,2023-01-09
ACT-0004502,Case,CASE-064097,Phone Call,2023-01-09
ACT-0004503,Case,CASE-064948,Email,2023-01-09
ACT-0004504,Case,CASE-064948,Phone Call,2023-01-09
ACT-0001963,Opportunity,OPP-00021,Email,2023-01-10
ACT-0003591,Opportunity,OPP-00428,Task,2023-01-10
ACT-0004349,Case,CASE-000052,Phone Call,2023-01-10
ACT-0004351,Case,CASE-000058,Phone Call,2023-01-10
ACT-0004355,Case,CASE-000068,Phone Call,2023-01-10
ACT-0004361,Case,CASE-000088,Email,2023-01-10
ACT-0004364,Case,CASE-000092,Email,2023-01-10
ACT-0004365,Case,CASE-000095,Phone Call,2023-01-10
ACT-0004367,Case,CASE-000099,Phone Call,2023-01-10
ACT-0004368,Case,CASE-000099,Phone Call,2023-01-10
ACT-0004377,Case,CASE-000114,Phone Call,2023-01-10
ACT-0004378,Case,CASE-020296,Email,2023-01-10
ACT-0004383,Case,CASE-020303,Phone Call,2023-01-10
ACT-0004385,Case,CASE-020305,Email,2023-01-10
ACT-0004389,Case,CASE-020313,Phone Call,2023-01-10
ACT-0004393,Case,CASE-020317,Phone Call,2023-01-10
ACT-0004394,Case,CASE-020318,Email,2023-01-10
ACT-0004395,Case,CASE-020321,Email,2023-01-10
ACT-0004400,Case,CASE-020326,Email,2023-01-10
ACT-0004404,Case,CASE-020334,Phone Call,2023-01-10
ACT-0004408,Case,CASE-020347,Email,2023-01-10
ACT-0004409,Case,CASE-046502,Phone Call,2023-01-10
ACT-0004418,Case,CASE-058092,Phone Call,2023-01-10
ACT-0004420,Case,CASE-059467,Phone Call,2023-01-10
ACT-0004423,Case,CASE-061045,Phone Call,2023-01-10
ACT-0004425,Case,CASE-061252,Phone Call,2023-01-10
ACT-0004426,Case,CASE-061877,Phone Call,2023-01-10
ACT-0004427,Case,CASE-061877,Phone Call,2023-01-10
ACT-0004429,Case,CASE-063123,Phone Call,2023-01-10
ACT-0004435,Case,CASE-000083,Email,2023-01-10
ACT-0004437,Case,CASE-000084,Email,2023-01-10
ACT-0004440,Case,CASE-000089,Email,2023-01-10
ACT-0004443,Case,CASE-000103,Email,2023-01-10
ACT-0004448,Case,CASE-000120,Phone Call,2023-01-10
ACT-0004452,Case,CASE-020316,Email,2023-01-10
ACT-0004453,Case,CASE-020319,Phone Call,2023-01-10
ACT-0004459,Case,CASE-020329,Phone Call,2023-01-10
ACT-0004463,Case,CASE-020333,Phone Call,2023-01-10
ACT-0004466,Case,CASE-020340,Phone Call,2023-01-10
ACT-0004467,Case,CASE-020345,Email,2023-01-10
ACT-0004469,Case,CASE-020353,Email,2023-01-10
ACT-0004473,Case,CASE-020360,Email,2023-01-10
ACT-0004474,Case,CASE-020363,Phone Call,2023-01-10
ACT-0004475,Case,CASE-020366,Phone Call,2023-01-10
ACT-0004476,Case,CASE-020366,Phone Call,2023-01-10
ACT-0004481,Case,CASE-046511,Phone Call,2023-01-10
ACT-0004482,Case,CASE-046528,Phone Call,2023-01-10
ACT-0004483,Case,CASE-046528,Phone Call,2023-01-10
ACT-0004490,Case,CASE-058062,Phone Call,2023-01-10
ACT-0004494,Case,CASE-059413,Phone Call,2023-01-10
ACT-0004496,Case,CASE-061541,Email,2023-01-10
ACT-0004500,Case,CASE-062710,Email,2023-01-10
ACT-0004505,Case,CASE-065239,Phone Call,2023-01-10
ACT-0004506,Case,CASE-000096,Phone Call,2023-01-10
ACT-0004509,Case,CASE-000097,Phone Call,2023-01-10
ACT-0004510,Case,CASE-000102,Email,2023-01-10
ACT-0004512,Case,CASE-000115,Phone Call,2023-01-10
ACT-0004513,Case,CASE-000116,Email,2023-01-10
ACT-0004515,Case,CASE-000124,Email,2023-01-10
ACT-0004516,Case,CASE-000133,Email,2023-01-10
ACT-0004518,Case,CASE-000134,Phone Call,2023-01-10
ACT-0004520,Case,CASE-000138,Email,2023-01-10
ACT-0004524,Case,CASE-000151,Phone Call,2023-01-10
ACT-0004526,Case,CASE-020335,Phone Call,2023-01-10
ACT-0004534,Case,CASE-020341,Email,2023-01-10
ACT-0004540,Case,CASE-020348,Email,2023-01-10
ACT-0004549,Case,CASE-020362,Phone Call,2023-01-10
ACT-0004552,Case,CASE-020373,Phone Call,2023-01-10
ACT-0004557,Case,CASE-020389,Email,2023-01-10
ACT-0004565,Case,CASE-046495,Email,2023-01-10
ACT-0004567,Case,CASE-046534,Email,2023-01-10
ACT-0004569,Case,CASE-046538,Phone Call,2023-01-10
ACT-0004570,Case,CASE-046538,Email,2023-01-10
ACT-0004573,Case,CASE-046547,Phone Call,2023-01-10
ACT-0004575,Case,CASE-053503,Email,2023-01-10
ACT-0004581,Case,CASE-058126,Phone Call,2023-01-10
ACT-0004582,Case,CASE-058126,Phone Call,2023-01-10
ACT-0004583,Case,CASE-059112,Phone Call,2023-01-10
ACT-0004586,Case,CASE-060676,Email,2023-01-10
ACT-0004589,Case,CASE-060996,Email,2023-01-10
ACT-0004601,Case,CASE-064872,Phone Call,2023-01-10
ACT-0004602,Case,CASE-065200,Phone Call,2023-01-10
ACT-0001895,Opportunity,OPP-00002,Email,2023-01-11
ACT-0001966,Opportunity,OPP-00021,Phone Call,2023-01-11
ACT-0002554,Opportunity,OPP-00168,Phone Call,2023-01-11
ACT-0003279,Opportunity,OPP-00346,Meeting,2023-01-11
ACT-0003593,Opportunity,OPP-00428,Task,2023-01-11
ACT-0004436,Case,CASE-000083,Phone Call,2023-01-11
ACT-0004439,Case,CASE-000089,Email,2023-01-11
ACT-0004442,Case,CASE-000091,Email,2023-01-11
ACT-0004446,Case,CASE-000112,Email,2023-01-11
ACT-0004447,Case,CASE-000112,Email,2023-01-11
ACT-0004449,Case,CASE-000120,Email,2023-01-11
ACT-0004456,Case,CASE-020323,Email,2023-01-11
ACT-0004457,Case,CASE-020323,Email,2023-01-11
ACT-0004458,Case,CASE-020328,Email,2023-01-11
ACT-0004461,Case,CASE-020330,Email,2023-01-11
ACT-0004464,Case,CASE-020333,Phone Call,2023-01-11
ACT-0004465,Case,CASE-020340,Email,2023-01-11
ACT-0004470,Case,CASE-020355,Phone Call,2023-01-11
ACT-0004471,Case,CASE-020359,Email,2023-01-11
ACT-0004472,Case,CASE-020360,Phone Call,2023-01-11
ACT-0004477,Case,CASE-020369,Email,2023-01-11
ACT-0004478,Case,CASE-046499,Phone Call,2023-01-11
ACT-0004479,Case,CASE-046508,Phone Call,2023-01-11
ACT-0004480,Case,CASE-046508,Email,2023-01-11
ACT-0004485,Case,CASE-046539,Phone Call,2023-01-11
ACT-0004486,Case,CASE-053495,Phone Call,2023-01-11
ACT-0004487,Case,CASE-053495,Email,2023-01-11
ACT-0004488,Case,CASE-053497,Email,2023-01-11
ACT-0004489,Case,CASE-053497,Phone Call,2023-01-11
ACT-0004495,Case,CASE-060005,Phone Call,2023-01-11
ACT-0004508,Case,CASE-000097,Email,2023-01-11
ACT-0004511,Case,CASE-000106,Phone Call,2023-01-11
ACT-0004517,Case,CASE-000133,Phone Call,2023-01-11
ACT-0004523,Case,CASE-000146,Phone Call,2023-01-11
ACT-0004527,Case,CASE-020335,Email,2023-01-11
ACT-0004528,Case,CASE-020336,Email,2023-01-11
ACT-0004529,Case,CASE-020337,Phone Call,2023-01-11
ACT-0004530,Case,CASE-020337,Phone Call,2023-01-11
ACT-0004531,Case,CASE-020338,Email,2023-01-11
ACT-0004532,Case,CASE-020339,Email,2023-01-11
ACT-0004535,Case,CASE-020342,Phone Call,2023-01-11
ACT-0004538,Case,CASE-020346,Email,2023-01-11
ACT-0004539,Case,CASE-020346,Email,2023-01-11
ACT-0004542,Case,CASE-020349,Phone Call,2023-01-11
ACT-0004543,Case,CASE-020351,Phone Call,2023-01-11
ACT-0004546,Case,CASE-020356,Phone Call,2023-01-11
ACT-0004550,Case,CASE-020364,Email,2023-01-11
ACT-0004560,Case,CASE-020394,Phone Call,2023-01-11
ACT-0004562,Case,CASE-020396,Phone Call,2023-01-11
ACT-0004563,Case,CASE-020397,Email,2023-01-11
ACT-0004564,Case,CASE-020397,Phone Call,2023-01-11
ACT-0004568,Case,CASE-046534,Email,2023-01-11
ACT-0004571,Case,CASE-046545,Phone Call,2023-01-11
ACT-0004574,Case,CASE-053500,Email,2023-01-11
ACT-0004580,Case,CASE-057390,Email,2023-01-11
ACT-0004588,Case,CASE-060849,Phone Call,2023-01-11
ACT-0004592,Case,CASE-061621,Email,2023-01-11
ACT-0004593,Case,CASE-061936,Phone Call,2023-01-11
ACT-0004595,Case,CASE-062682,Phone Call,2023-01-11
ACT-0004596,Case,CASE-063546,Phone Call,2023-01-11
ACT-0004597,Case,CASE-063546,Phone Call,2023-01-11
ACT-0004599,Case,CASE-063910,Phone Call,2023-01-11
ACT-0004600,Case,CASE-063910,Phone Call,2023-01-11
ACT-0004607,Case,CASE-000113,Phone Call,2023-01-11
ACT-0004612,Case,CASE-000123,Phone Call,2023-01-11
ACT-0004616,Case,CASE-000128,Phone Call,2023-01-11
ACT-0004619,Case,CASE-000132,Phone Call,2023-01-11
ACT-0004625,Case,CASE-000141,Email,2023-01-11
ACT-0004629,Case,CASE-000144,Phone Call,2023-01-11
ACT-0004630,Case,CASE-000145,Email,2023-01-11
ACT-0004632,Case,CASE-000157,Phone Call,2023-01-11
ACT-0004633,Case,CASE-020350,Phone Call,2023-01-11
ACT-0004635,Case,CASE-020357,Email,2023-01-11
ACT-0004636,Case,CASE-020357,Phone Call,2023-01-11
ACT-0004640,Case,CASE-020367,Email,2023-01-11
ACT-0004644,Case,CASE-020372,Email,2023-01-11
ACT-0004646,Case,CASE-020374,Phone Call,2023-01-11
ACT-0004648,Case,CASE-020376,Email,2023-01-11
ACT-0004651,Case,CASE-020377,Email,2023-01-11
ACT-0004656,Case,CASE-020382,Email,2023-01-11
ACT-0004661,Case,CASE-020393,Phone Call,2023-01-11
ACT-0004662,Case,CASE-020393,Phone Call,2023-01-11
ACT-0004665,Case,CASE-020403,Phone Call,2023-01-11
ACT-0004669,Case,CASE-020414,Phone Call,2023-01-11
ACT-0004673,Case,CASE-020417,Phone Call,2023-01-11
ACT-0004683,Case,CASE-053498,Phone Call,2023-01-11
ACT-0004685,Case,CASE-057120,Email,2023-01-11
ACT-0004686,Case,CASE-057120,Phone Call,2023-01-11
ACT-0004689,Case,CASE-058625,Email,2023-01-11
ACT-0004691,Case,CASE-060547,Email,2023-01-11
ACT-0004697,Case,CASE-063955,Phone Call,2023-01-11
ACT-0004698,Case,CASE-063955,Email,2023-01-11
ACT-0004699,Case,CASE-065132,Email,2023-01-11
ACT-0002769,Opportunity,OPP-00222,Task,2023-01-12
ACT-0002897,Opportunity,OPP-00252,Phone Call,2023-01-12
ACT-0004507,Case,CASE-000096,Email,2023-01-12
ACT-0004514,Case,CASE-000116,Phone Call,2023-01-12
ACT-0004519,Case,CASE-000138,Phone Call,2023-01-12
ACT-0004521,Case,CASE-000139,Email,2023-01-12
ACT-0004522,Case,CASE-000146,Phone Call,2023-01-12
ACT-0004525,Case,CASE-000151,Email,2023-01-12
ACT-0004533,Case,CASE-020341,Phone Call,2023-01-12
ACT-0004536,Case,CASE-020342,Phone Call,2023-01-12
ACT-0004537,Case,CASE-020344,Email,2023-01-12
ACT-0004541,Case,CASE-020349,Email,2023-01-12
ACT-0004544,Case,CASE-020352,Phone Call,2023-01-12
ACT-0004545,Case,CASE-020354,Email,2023-01-12
ACT-0004547,Case,CASE-020356,Email,2023-01-12
ACT-0004548,Case,CASE-020361,Email,2023-01-12
ACT-0004551,Case,CASE-020371,Phone Call,2023-01-12
ACT-0004553,Case,CASE-020384,Phone Call,2023-01-12
ACT-0004554,Case,CASE-020387,Email,2023-01-12
ACT-0004555,Case,CASE-020388,Phone Call,2023-01-12
ACT-0004556,Case,CASE-020388,Phone Call,2023-01-12
ACT-0004558,Case,CASE-020390,Phone Call,2023-01-12
ACT-0004559,Case,CASE-020394,Phone Call,2023-01-12
ACT-0004561,Case,CASE-020396,Email,2023-01-12
ACT-0004566,Case,CASE-046495,Phone Call,2023-01-12
ACT-0004572,Case,CASE-046545,Email,2023-01-12
ACT-0004576,Case,CASE-053504,Phone Call,2023-01-12
ACT-0004577,Case,CASE-053504,Phone Call,2023-01-12
ACT-0004578,Case,CASE-057152,Email,2023-01-12
ACT-0004579,Case,CASE-057152,Email,2023-01-12
ACT-0004584,Case,CASE-060567,Email,2023-01-12
ACT-0004585,Case,CASE-060676,Email,2023-01-12
ACT-0004587,Case,CASE-060803,Phone Call,2023-01-12
ACT-0004590,Case,CASE-060996,Phone Call,2023-01-12
ACT-0004591,Case,CASE-061621,Phone Call,2023-01-12
ACT-0004594,Case,CASE-061936,Email,2023-01-12
ACT-0004598,Case,CASE-063771,Email,2023-01-12
ACT-0004604,Case,CASE-000110,Email,2023-01-12
ACT-0004606,Case,CASE-000113,Phone Call,2023-01-12
ACT-0004610,Case,CASE-000118,Phone Call,2023-01-12
ACT-0004611,Case,CASE-000121,Phone Call,2023-01-12
ACT-0004613,Case,CASE-000125,Phone Call,2023-01-12
ACT-0004614,Case,CASE-000126,Phone Call,2023-01-12
ACT-0004620,Case,CASE-000132,Phone Call,2023-01-12
ACT-0004621,Case,CASE-000136,Email,2023-01-12
ACT-0004627,Case,CASE-000143,Email,2023-01-12
ACT-0004637,Case,CASE-020358,Phone Call,2023-01-12
ACT-0004639,Case,CASE-020365,Email,2023-01-12
ACT-0004642,Case,CASE-020368,Phone Call,2023-01-12
ACT-0004653,Case,CASE-020379,Email,2023-01-12
ACT-0004655,Case,CASE-020381,Phone Call,2023-01-12
ACT-0004664,Case,CASE-020403,Email,2023-01-12
ACT-0004666,Case,CASE-020411,Phone Call,2023-01-12
ACT-0004668,Case,CASE-020412,Phone Call,2023-01-12
ACT-0004671,Case,CASE-020416,Email,2023-01-12
ACT-0004674,Case,CASE-020417,Phone Call,2023-01-12
ACT-0004677,Case,CASE-046510,Phone Call,2023-01-12
ACT-0004680,Case,CASE-046546,Email,2023-01-12
ACT-0004682,Case,CASE-046549,Email,2023-01-12
ACT-0004688,Case,CASE-058505,Phone Call,2023-01-12
ACT-0004693,Case,CASE-062209,Email,2023-01-12
ACT-0004694,Case,CASE-062209,Phone Call,2023-01-12
ACT-0004695,Case,CASE-062992,Email,2023-01-12
ACT-0004701,Case,CASE-065163,Email,2023-01-12
ACT-0004706,Case,CASE-000131,Phone Call,2023-01-12
ACT-0004707,Case,CASE-000131,Email,2023-01-12
ACT-0004710,Case,CASE-000148,Email,2023-01-12
ACT-0004714,Case,CASE-000153,Phone Call,2023-01-12
ACT-0004716,Case,CASE-000154,Phone Call,2023-01-12
ACT-0004717,Case,CASE-000154,Phone Call,2023-01-12
ACT-0004724,Case,CASE-000166,Phone Call,2023-01-12
ACT-0004729,Case,CASE-000170,Email,2023-01-12
ACT-0004730,Case,CASE-000172,Email,2023-01-12
ACT-0004731,Case,CASE-000176,Email,2023-01-12
ACT-0004732,Case,CASE-000179,Email,2023-01-12
ACT-0004733,Case,CASE-000182,Email,2023-01-12
ACT-0004734,Case,CASE-000182,Email,2023-01-12
ACT-0004735,Case,CASE-020391,Email,2023-01-12
ACT-0004736,Case,CASE-020391,Phone Call,2023-01-12
ACT-0004737,Case,CASE-020395,Email,2023-01-12
ACT-0004738,Case,CASE-020395,Phone Call,2023-01-12
ACT-0004739,Case,CASE-020398,Phone Call,2023-01-12
ACT-0004743,Case,CASE-020405,Phone Call,2023-01-12
ACT-0004751,Case,CASE-020419,Phone Call,2023-01-12
ACT-0004759,Case,CASE-020435,Email,2023-01-12
ACT-0004762,Case,CASE-020437,Phone Call,2023-01-12
ACT-0004763,Case,CASE-020438,Email,2023-01-12
ACT-0004764,Case,CASE-020439,Email,2023-01-12
ACT-0004768,Case,CASE-046514,Phone Call,2023-01-12
ACT-0004771,Case,CASE-046543,Email,2023-01-12
ACT-0004780,Case,CASE-058029,Phone Call,2023-01-12
ACT-0004781,Case,CASE-059398,Email,2023-01-12
ACT-0004784,Case,CASE-060082,Phone Call,2023-01-12
ACT-0004787,Case,CASE-062729,Email,2023-01-12
ACT-0004788,Case,CASE-062729,Phone Call,2023-01-12
ACT-0004789,Case,CASE-063671,Email,2023-01-12
ACT-0004791,Case,CASE-063772,Email,2023-01-12
ACT-0004792,Case,CASE-064641,Phone Call,2023-01-12
ACT-0004794,Case,CASE-065610,Phone Call,2023-01-12
ACT-0000013,Lead,LEAD-00006,Email,2023-01-13
ACT-0000332,Lead,LEAD-00133,Phone Call,2023-01-13
ACT-0000600,Lead,LEAD-00242,Meeting,2023-01-13
ACT-0000875,Lead,LEAD-00351,Email,2023-01-13
ACT-0004603,Case,CASE-000108,Phone Call,2023-01-13
ACT-0004605,Case,CASE-000111,Phone Call,2023-01-13
ACT-0004608,Case,CASE-000117,Email,2023-01-13
ACT-0004609,Case,CASE-000118,Phone Call,2023-01-13
ACT-0004615,Case,CASE-000127,Phone Call,2023-01-13
ACT-0004617,Case,CASE-000130,Phone Call,2023-01-13
ACT-0004618,Case,CASE-000130,Email,2023-01-13
ACT-0004622,Case,CASE-000136,Phone Call,2023-01-13
ACT-0004623,Case,CASE-000137,Email,2023-01-13
ACT-0004624,Case,CASE-000137,Email,2023-01-13
ACT-0004626,Case,CASE-000142,Phone Call,2023-01-13
ACT-0004628,Case,CASE-000143,Phone Call,2023-01-13
ACT-0004631,Case,CASE-000156,Phone Call,2023-01-13
ACT-0004634,Case,CASE-020350,Email,2023-01-13
ACT-0004638,Case,CASE-020365,Phone Call,2023-01-13
ACT-0004641,Case,CASE-020367,Phone Call,2023-01-13
ACT-0004643,Case,CASE-020370,Email,2023-01-13
ACT-0004645,Case,CASE-020374,Phone Call,2023-01-13
ACT-0004647,Case,CASE-020375,Phone Call,2023-01-13
ACT-0004649,Case,CASE-020376,Phone Call,2023-01-13
ACT-0004650,Case,CASE-020377,Email,2023-01-13
ACT-0004652,Case,CASE-020378,Email,2023-01-13
ACT-0004654,Case,CASE-020380,Phone Call,2023-01-13
ACT-0004657,Case,CASE-020383,Phone Call,2023-01-13
ACT-0004658,Case,CASE-020385,Phone Call,2023-01-13
ACT-0004659,Case,CASE-020386,Email,2023-01-13
ACT-0004660,Case,CASE-020392,Email,2023-01-13
ACT-0004663,Case,CASE-020401,Email,2023-01-13
ACT-0004667,Case,CASE-020411,Phone Call,2023-01-13
ACT-0004670,Case,CASE-020414,Phone Call,2023-01-13
ACT-0004672,Case,CASE-020416,Phone Call,2023-01-13
ACT-0004675,Case,CASE-046505,Phone Call,2023-01-13
ACT-0004676,Case,CASE-046510,Phone Call,2023-01-13
ACT-0004678,Case,CASE-046518,Phone Call,2023-01-13
ACT-0004679,Case,CASE-046532,Email,2023-01-13
ACT-0004681,Case,CASE-046546,Phone Call,2023-01-13
ACT-0004684,Case,CASE-053507,Phone Call,2023-01-13
ACT-0004687,Case,CASE-058505,Phone Call,2023-01-13
ACT-0004690,Case,CASE-059623,Phone Call,2023-01-13
ACT-0004692,Case,CASE-060547,Phone Call,2023-01-13
ACT-0004696,Case,CASE-063603,Phone Call,2023-01-13
ACT-0004700,Case,CASE-065132,Phone Call,2023-01-13
ACT-0004702,Case,CASE-065163,Phone Call,2023-01-13
ACT-0004703,Case,CASE-000119,Phone Call,2023-01-13
ACT-0004704,Case,CASE-000122,Phone Call,2023-01-13
ACT-0004705,Case,CASE-000129,Email,2023-01-13
ACT-0004711,Case,CASE-000150,Phone Call,2023-01-13
ACT-0004713,Case,CASE-000152,Phone Call,2023-01-13
ACT-0004715,Case,CASE-000153,Phone Call,2023-01-13
ACT-0004721,Case,CASE-000163,Email,2023-01-13
ACT-0004725,Case,CASE-000167,Email,2023-01-13
ACT-0004728,Case,CASE-000170,Email,2023-01-13
ACT-0004741,Case,CASE-020399,Email,2023-01-13
ACT-0004742,Case,CASE-020400,Phone Call,2023-01-13
ACT-0004745,Case,CASE-020406,Phone Call,2023-01-13
ACT-0004746,Case,CASE-020407,Phone Call,2023-01-13
ACT-0004747,Case,CASE-020408,Email,2023-01-13
ACT-0004750,Case,CASE-020415,Phone Call,2023-01-13
ACT-0004752,Case,CASE-020420,Email,2023-01-13
ACT-0004756,Case,CASE-020431,Phone Call,2023-01-13
ACT-0004760,Case,CASE-020435,Email,2023-01-13
ACT-0004761,Case,CASE-020437,Email,2023-01-13
ACT-0004767,Case,CASE-046514,Email,2023-01-13
ACT-0004772,Case,CASE-053499,Email,2023-01-13
ACT-0004773,Case,CASE-053501,Email,2023-01-13
ACT-0004774,Case,CASE-053505,Phone Call,2023-01-13
ACT-0004775,Case,CASE-053505,Phone Call,2023-01-13
ACT-0004778,Case,CASE-057817,Phone Call,2023-01-13
ACT-0004782,Case,CASE-059398,Email,2023-01-13
ACT-0004783,Case,CASE-059531,Phone Call,2023-01-13
ACT-0004790,Case,CASE-063671,Phone Call,2023-01-13
ACT-0004793,Case,CASE-065610,Phone Call,2023-01-13
ACT-0004797,Case,CASE-000149,Email,2023-01-13
ACT-0004798,Case,CASE-000155,Email,2023-01-13
ACT-0004812,Case,CASE-000192,Phone Call,2023-01-13
ACT-0004813,Case,CASE-000192,Email,2023-01-13
ACT-0004815,Case,CASE-000199,Phone Call,2023-01-13
ACT-0004819,Case,CASE-000209,Email,2023-01-13
ACT-0004821,Case,CASE-020402,Phone Call,2023-01-13
ACT-0004832,Case,CASE-020424,Email,2023-01-13
ACT-0004836,Case,CASE-020429,Email,2023-01-13
ACT-0004841,Case,CASE-020440,Phone Call,2023-01-13
ACT-0004843,Case,CASE-020450,Phone Call,2023-01-13
ACT-0004844,Case,CASE-020450,Phone Call,2023-01-13
ACT-0004850,Case,CASE-020461,Email,2023-01-13
ACT-0004853,Case,CASE-046526,Phone Call,2023-01-13
ACT-0004858,Case,CASE-053510,Phone Call,2023-01-13
ACT-0004859,Case,CASE-053510,Email,2023-01-13
ACT-0004863,Case,CASE-059445,Phone Call,2023-01-13
ACT-0004870,Case,CASE-061718,Phone Call,2023-01-13
ACT-0004873,Case,CASE-063924,Email,2023-01-13
ACT-0004874,Case,CASE-063924,Phone Call,2023-01-13
ACT-0004875,Case,CASE-064047,Phone Call,2023-01-13
ACT-0004876,Case,CASE-064456,Phone Call,2023-01-13
ACT-0004878,Case,CASE-064887,Email,2023-01-13
ACT-0000334,Lead,LEAD-00133,Phone Call,2023-01-14
ACT-0000602,Lead,LEAD-00242,Email,2023-01-14
ACT-0000880,Lead,LEAD-00353,Phone Call,2023-01-14
ACT-0001650,Lead,LEAD-00660,Phone Call,2023-01-14
ACT-0002065,Opportunity,OPP-00048,Phone Call,2023-01-14
ACT-0002733,Opportunity,OPP-00213,Meeting,2023-01-14
ACT-0003594,Opportunity,OPP-00428,Phone Call,2023-01-14
ACT-0004708,Case,CASE-000135,Email,2023-01-14
ACT-0004709,Case,CASE-000140,Email,2023-01-14
ACT-0004712,Case,CASE-000152,Email,2023-01-14
ACT-0004718,Case,CASE-000159,Phone Call,2023-01-14
ACT-0004719,Case,CASE-000159,Phone Call,2023-01-14
ACT-0004720,Case,CASE-000162,Phone Call,2023-01-14
ACT-0004722,Case,CASE-000164,Email,2023-01-14
ACT-0004723,Case,CASE-000166,Email,2023-01-14
ACT-0004726,Case,CASE-000167,Email,2023-01-14
ACT-0004727,Case,CASE-000169,Phone Call,2023-01-14
ACT-0004740,Case,CASE-020398,Email,2023-01-14
ACT-0004744,Case,CASE-020406,Email,2023-01-14
ACT-0004748,Case,CASE-020413,Phone Call,2023-01-14
ACT-0004749,Case,CASE-020413,Phone Call,2023-01-14
ACT-0004753,Case,CASE-020421,Email,2023-01-14
ACT-0004754,Case,CASE-020421,Email,2023-01-14
ACT-0004755,Case,CASE-020427,Email,2023-01-14
ACT-0004757,Case,CASE-020432,Email,2023-01-14
ACT-0004758,Case,CASE-020433,Phone Call,2023-01-14
ACT-0004765,Case,CASE-046513,Email,2023-01-14
ACT-0004766,Case,CASE-046513,Phone Call,2023-01-14
ACT-0004769,Case,CASE-046522,Email,2023-01-14
ACT-0004770,Case,CASE-046543,Email,2023-01-14
ACT-0004776,Case,CASE-053508,Email,2023-01-14
ACT-0004777,Case,CASE-053508,Email,2023-01-14
ACT-0004779,Case,CASE-057817,Phone Call,2023-01-14
ACT-0004785,Case,CASE-060713,Phone Call,2023-01-14
ACT-0004786,Case,CASE-061271,Email,2023-01-14
ACT-0004799,Case,CASE-000160,Email,2023-01-14
ACT-0004800,Case,CASE-000161,Phone Call,2023-01-14
ACT-0004801,Case,CASE-000161,Phone Call,2023-01-14
ACT-0004802,Case,CASE-000165,Phone Call,2023-01-14
ACT-0004803,Case,CASE-000165,Phone Call,2023-01-14
ACT-0004807,Case,CASE-000178,Phone Call,2023-01-14
ACT-0004809,Case,CASE-000190,Phone Call,2023-01-14
ACT-0004810,Case,CASE-000190,Phone Call,2023-01-14
ACT-0004814,Case,CASE-000195,Email,2023-01-14
ACT-0004817,Case,CASE-000201,Email,2023-01-14
ACT-0004818,Case,CASE-000202,Phone Call,2023-01-14
ACT-0004820,Case,CASE-000209,Email,2023-01-14
ACT-0004825,Case,CASE-020410,Email,2023-01-14
ACT-0004829,Case,CASE-020422,Phone Call,2023-01-14
ACT-0004830,Case,CASE-020422,Phone Call,2023-01-14
ACT-0004831,Case,CASE-020424,Phone Call,2023-01-14
ACT-0004833,Case,CASE-020425,Phone Call,2023-01-14
ACT-0004840,Case,CASE-020436,Phone Call,2023-01-14
ACT-0004845,Case,CASE-020454,Phone Call,2023-01-14
ACT-0004846,Case,CASE-020456,Email,2023-01-14
ACT-0004847,Case,CASE-020457,Email,2023-01-14
ACT-0004848,Case,CASE-020457,Phone Call,2023-01-14
ACT-0004855,Case,CASE-046536,Email,2023-01-14
ACT-0004857,Case,CASE-053502,Email,2023-01-14
ACT-0004864,Case,CASE-060243,Email,2023-01-14
ACT-0004865,Case,CASE-060948,Email,2023-01-14
ACT-0004866,Case,CASE-061227,Phone Call,2023-01-14
ACT-0004867,Case,CASE-061260,Email,2023-01-14
ACT-0004869,Case,CASE-061307,Email,2023-01-14
ACT-0004879,Case,CASE-064887,Phone Call,2023-01-14
ACT-0004882,Case,CASE-000174,Email,2023-01-14
ACT-0004888,Case,CASE-000207,Email,2023-01-14
ACT-0004891,Case,CASE-000214,Phone Call,2023-01-14
ACT-0004896,Case,CASE-020426,Phone Call,2023-01-14
ACT-0004904,Case,CASE-020444,Phone Call,2023-01-14
ACT-0004905,Case,CASE-020448,Phone Call,2023-01-14
ACT-0004908,Case,CASE-020451,Email,2023-01-14
ACT-0004909,Case,CASE-020451,Phone Call,2023-01-14
ACT-0004912,Case,CASE-020455,Phone Call,2023-01-14
ACT-0004914,Case,CASE-020460,Email,2023-01-14
ACT-0004922,Case,CASE-020465,Phone Call,2023-01-14
ACT-0004925,Case,CASE-020476,Phone Call,2023-01-14
ACT-0004927,Case,CASE-020481,Phone Call,2023-01-14
ACT-0004928,Case,CASE-046527,Email,2023-01-14
ACT-0004933,Case,CASE-046552,Email,2023-01-14
ACT-0004935,Case,CASE-046561,Phone Call,2023-01-14
ACT-0004936,Case,CASE-046561,Email,2023-01-14
ACT-0004939,Case,CASE-057772,Email,2023-01-14
ACT-0004943,Case,CASE-060914,Phone Call,2023-01-14
ACT-0004944,Case,CASE-062038,Email,2023-01-14
ACT-0004945,Case,CASE-063327,Phone Call,2023-01-14
ACT-0004946,Case,CASE-063327,Email,2023-01-14
ACT-0004947,Case,CASE-064426,Phone Call,2023-01-14
ACT-0004948,Case,CASE-064426,Email,2023-01-14
ACT-0000012,Lead,LEAD-00006,Phone Call,2023-01-15
ACT-0004795,Case,CASE-000147,Phone Call,2023-01-15
ACT-0004796,Case,CASE-000147,Phone Call,2023-01-15
ACT-0004804,Case,CASE-000168,Email,2023-01-15
ACT-0004805,Case,CASE-000171,Phone Call,2023-01-15
ACT-0004806,Case,CASE-000173,Email,2023-01-15
ACT-0004808,Case,CASE-000181,Email,2023-01-15
ACT-0004811,Case,CASE-000191,Phone Call,2023-01-15
ACT-0004816,Case,CASE-000201,Phone Call,2023-01-15
ACT-0004822,Case,CASE-020402,Phone Call,2023-01-15
ACT-0004823,Case,CASE-020404,Email,2023-01-15
ACT-0004824,Case,CASE-020409,Phone Call,2023-01-15
ACT-0004826,Case,CASE-020410,Phone Call,2023-01-15
ACT-0004827,Case,CASE-020418,Phone Call,2023-01-15
ACT-0004828,Case,CASE-020418,Email,2023-01-15
ACT-0004834,Case,CASE-020428,Phone Call,2023-01-15
ACT-0004835,Case,CASE-020428,Email,2023-01-15
ACT-0004837,Case,CASE-020429,Email,2023-01-15
ACT-0004838,Case,CASE-020430,Email,2023-01-15
ACT-0004839,Case,CASE-020430,Email,2023-01-15
ACT-0004842,Case,CASE-020445,Phone Call,2023-01-15
ACT-0004849,Case,CASE-020458,Phone Call,2023-01-15
ACT-0004851,Case,CASE-020461,Email,2023-01-15
ACT-0004852,Case,CASE-046526,Email,2023-01-15
ACT-0004854,Case,CASE-046535,Phone Call,2023-01-15
ACT-0004856,Case,CASE-053502,Phone Call,2023-01-15
ACT-0004860,Case,CASE-057458,Phone Call,2023-01-15
ACT-0004861,Case,CASE-058100,Phone Call,2023-01-15
ACT-0004862,Case,CASE-058904,Email,2023-01-15
ACT-0004868,Case,CASE-061260,Email,2023-01-15
ACT-0004871,Case,CASE-062026,Email,2023-01-15
ACT-0004872,Case,CASE-062026,Email,2023-01-15
ACT-0004877,Case,CASE-064541,Phone Call,2023-01-15
ACT-0004881,Case,CASE-000158,Email,2023-01-15
ACT-0004883,Case,CASE-000196,Phone Call,2023-01-15
ACT-0004884,Case,CASE-000196,Phone Call,2023-01-15
ACT-0004885,Case,CASE-000197,Phone Call,2023-01-15
ACT-0004887,Case,CASE-000206,Email,2023-01-15
ACT-0004892,Case,CASE-000214,Email,2023-01-15
ACT-0004893,Case,CASE-000224,Phone Call,2023-01-15
ACT-0004894,Case,CASE-020423,Email,2023-01-15
ACT-0004895,Case,CASE-020426,Phone Call,2023-01-15
ACT-0004897,Case,CASE-020434,Email,2023-01-15
ACT-0004899,Case,CASE-020441,Email,2023-01-15
ACT-0004902,Case,CASE-020443,Email,2023-01-15
ACT-0004906,Case,CASE-020448,Email,2023-01-15
ACT-0004910,Case,CASE-020452,Email,2023-01-15
ACT-0004911,Case,CASE-020452,Email,2023-01-15
ACT-0004913,Case,CASE-020460,Phone Call,2023-01-15
ACT-0004915,Case,CASE-020462,Phone Call,2023-01-15
ACT-0004916,Case,CASE-020462,Phone Call,2023-01-15
ACT-0004917,Case,CASE-020463,Email,2023-01-15
ACT-0004919,Case,CASE-020464,Email,2023-01-15
ACT-0004920,Case,CASE-020464,Email,2023-01-15
ACT-0004923,Case,CASE-020470,Email,2023-01-15
ACT-0004924,Case,CASE-020470,Phone Call,2023-01-15
ACT-0004926,Case,CASE-020477,Phone Call,2023-01-15
ACT-0004930,Case,CASE-046540,Phone Call,2023-01-15
ACT-0004931,Case,CASE-046541,Phone Call,2023-01-15
ACT-0004937,Case,CASE-053506,Email,2023-01-15
ACT-0004938,Case,CASE-053511,Phone Call,2023-01-15
ACT-0004941,Case,CASE-060681,Email,2023-01-15
ACT-0004942,Case,CASE-060721,Email,2023-01-15
ACT-0004949,Case,CASE-064837,Phone Call,2023-01-15
ACT-0004950,Case,CASE-064837,Phone Call,2023-01-15
ACT-0004952,Case,CASE-000175,Phone Call,2023-01-15
ACT-0004957,Case,CASE-000183,Phone Call,2023-01-15
ACT-0004958,Case,CASE-000183,Email,2023-01-15
ACT-0004959,Case,CASE-000185,Phone Call,2023-01-15
ACT-0004964,Case,CASE-000194,Phone Call,2023-01-15
ACT-0004965,Case,CASE-000200,Email,2023-01-15
ACT-0004967,Case,CASE-000203,Phone Call,2023-01-15
ACT-0004968,Case,CASE-000204,Phone Call,2023-01-15
ACT-0004969,Case,CASE-000204,Phone Call,2023-01-15
ACT-0004974,Case,CASE-000223,Email,2023-01-15
ACT-0004975,Case,CASE-000223,Phone Call,2023-01-15
ACT-0004978,Case,CASE-000231,Email,2023-01-15
ACT-0004979,Case,CASE-000231,Phone Call,2023-01-15
ACT-0004982,Case,CASE-000247,Phone Call,2023-01-15
ACT-0004987,Case,CASE-000253,Email,2023-01-15
ACT-0004988,Case,CASE-020446,Phone Call,2023-01-15
ACT-0004989,Case,CASE-020447,Email,2023-01-15
ACT-0004990,Case,CASE-020453,Phone Call,2023-01-15
ACT-0004992,Case,CASE-020459,Phone Call,2023-01-15
ACT-0004996,Case,CASE-020471,Phone Call,2023-01-15
ACT-0005004,Case,CASE-020489,Email,2023-01-15
ACT-0005007,Case,CASE-020499,Email,2023-01-15
ACT-0005009,Case,CASE-020501,Phone Call,2023-01-15
ACT-0005010,Case,CASE-020502,Phone Call,2023-01-15
ACT-0005012,Case,CASE-020504,Phone Call,2023-01-15
ACT-0005014,Case,CASE-046530,Email,2023-01-15
ACT-0005028,Case,CASE-058311,Email,2023-01-15
ACT-0005029,Case,CASE-058826,Email,2023-01-15
ACT-0005033,Case,CASE-059997,Email,2023-01-15
ACT-0005035,Case,CASE-062009,Email,2023-01-15
ACT-0005036,Case,CASE-062047,Email,2023-01-15
ACT-0005039,Case,CASE-062718,Email,2023-01-15
ACT-0005041,Case,CASE-063297,Email,2023-01-15
ACT-0005042,Case,CASE-063939,Phone Call,2023-01-15
ACT-0005044,Case,CASE-064615,Phone Call,2023-01-15
ACT-0000011,Lead,LEAD-00006,Phone Call,2023-01-16
ACT-0003724,Opportunity,OPP-00458,Phone Call,2023-01-16
ACT-0003761,Opportunity,OPP-00468,Phone Call,2023-01-16
ACT-0004880,Case,CASE-000158,Email,2023-01-16
ACT-0004886,Case,CASE-000206,Phone Call,2023-01-16
ACT-0004889,Case,CASE-000208,Phone Call,2023-01-16
ACT-0004890,Case,CASE-000210,Phone Call,2023-01-16
ACT-0004898,Case,CASE-020441,Phone Call,2023-01-16
ACT-0004900,Case,CASE-020442,Phone Call,2023-01-16
ACT-0004901,Case,CASE-020442,Email,2023-01-16
ACT-0004903,Case,CASE-020444,Email,2023-01-16
ACT-0004907,Case,CASE-020449,Email,2023-01-16
ACT-0004918,Case,CASE-020463,Phone Call,2023-01-16
ACT-0004921,Case,CASE-020465,Email,2023-01-16
ACT-0004929,Case,CASE-046537,Phone Call,2023-01-16
ACT-0004932,Case,CASE-046544,Phone Call,2023-01-16
ACT-0004934,Case,CASE-046552,Email,2023-01-16
ACT-0004940,Case,CASE-060379,Email,2023-01-16
ACT-0004951,Case,CASE-000175,Phone Call,2023-01-16
ACT-0004954,Case,CASE-000177,Phone Call,2023-01-16
ACT-0004956,Case,CASE-000180,Phone Call,2023-01-16
ACT-0004961,Case,CASE-000186,Phone Call,2023-01-16
ACT-0004963,Case,CASE-000194,Email,2023-01-16
ACT-0004970,Case,CASE-000212,Phone Call,2023-01-16
ACT-0004971,Case,CASE-000212,Phone Call,2023-01-16
ACT-0004976,Case,CASE-000226,Phone Call,2023-01-16
ACT-0004977,Case,CASE-000227,Phone Call,2023-01-16
ACT-0004983,Case,CASE-000247,Phone Call,2023-01-16
ACT-0004984,Case,CASE-000250,Phone Call,2023-01-16
ACT-0004986,Case,CASE-000253,Email,2023-01-16
ACT-0004991,Case,CASE-020459,Phone Call,2023-01-16
ACT-0004993,Case,CASE-020467,Email,2023-01-16
ACT-0004994,Case,CASE-020468,Phone Call,2023-01-16
ACT-0004995,Case,CASE-020469,Phone Call,2023-01-16
ACT-0004997,Case,CASE-020471,Email,2023-01-16
ACT-0005000,Case,CASE-020480,Phone Call,2023-01-16
ACT-0005003,Case,CASE-020484,Phone Call,2023-01-16
ACT-0005008,Case,CASE-020500,Email,2023-01-16
ACT-0005011,Case,CASE-020502,Phone Call,2023-01-16
ACT-0005013,Case,CASE-020504,Email,2023-01-16
ACT-0005016,Case,CASE-046531,Phone Call,2023-01-16
ACT-0005018,Case,CASE-046572,Email,2023-01-16
ACT-0005019,Case,CASE-046572,Email,2023-01-16
ACT-0005021,Case,CASE-053509,Email,2023-01-16
ACT-0005023,Case,CASE-053515,Phone Call,2023-01-16
ACT-0005025,Case,CASE-053518,Email,2023-01-16
ACT-0005032,Case,CASE-059760,Phone Call,2023-01-16
ACT-0005034,Case,CASE-060298,Email,2023-01-16
ACT-0005038,Case,CASE-062159,Email,2023-01-16
ACT-0005043,Case,CASE-064095,Phone Call,2023-01-16
ACT-0005046,Case,CASE-064938,Email,2023-01-16
ACT-0005052,Case,CASE-000193,Phone Call,2023-01-16
ACT-0005056,Case,CASE-000205,Phone Call,2023-01-16
ACT-0005060,Case,CASE-000220,Phone Call,2023-01-16
ACT-0005061,Case,CASE-000230,Email,2023-01-16
ACT-0005063,Case,CASE-000236,Email,2023-01-16
ACT-0005067,Case,CASE-000251,Phone Call,2023-01-16
ACT-0005070,Case,CASE-000259,Email,2023-01-16
ACT-0005072,Case,CASE-000261,Phone Call,2023-01-16
ACT-0005074,Case,CASE-000268,Phone Call,2023-01-16
ACT-0005077,Case,CASE-020473,Phone Call,2023-01-16
ACT-0005081,Case,CASE-020475,Email,2023-01-16
ACT-0005083,Case,CASE-020479,Phone Call,2023-01-16
ACT-0005088,Case,CASE-020488,Phone Call,2023-01-16
ACT-0005089,Case,CASE-020488,Email,2023-01-16
ACT-0005091,Case,CASE-020496,Email,2023-01-16
ACT-0005093,Case,CASE-020497,Email,2023-01-16
ACT-0005097,Case,CASE-020509,Phone Call,2023-01-16
ACT-0005098,Case,CASE-020509,Phone Call,2023-01-16
ACT-0005101,Case,CASE-020513,Phone Call,2023-01-16
ACT-0005103,Case,CASE-020515,Phone Call,2023-01-16
ACT-0005107,Case,CASE-020522,Phone Call,2023-01-16
ACT-0005109,Case,CASE-020523,Phone Call,2023-01-16
ACT-0005110,Case,CASE-046548,Email,2023-01-16
ACT-0005112,Case,CASE-046564,Phone Call,2023-01-16
ACT-0005124,Case,CASE-058060,Email,2023-01-16
ACT-0005125,Case,CASE-058376,Email,2023-01-16
ACT-0005128,Case,CASE-060597,Phone Call,2023-01-16
ACT-0005130,Case,CASE-060786,Phone Call,2023-01-16
ACT-0005131,Case,CASE-060786,Phone Call,2023-01-16
ACT-0005134,Case,CASE-061195,Email,2023-01-16
ACT-0000151,Lead,LEAD-00057,Meeting,2023-01-17
ACT-0001646,Lead,LEAD-00659,Phone Call,2023-01-17
ACT-0001964,Opportunity,OPP-00021,Phone Call,2023-01-17
ACT-0001967,Opportunity,OPP-00021,Email,2023-01-17
ACT-0004953,Case,CASE-000177,Phone Call,2023-01-17
ACT-0004955,Case,CASE-000180,Phone Call,2023-01-17
ACT-0004960,Case,CASE-000185,Email,2023-01-17
ACT-0004962,Case,CASE-000189,Email,2023-01-17
ACT-0004966,Case,CASE-000200,Email,2023-01-17
ACT-0004972,Case,CASE-000213,Phone Call,2023-01-17
ACT-0004973,Case,CASE-000217,Email,2023-01-17
ACT-0004980,Case,CASE-000243,Phone Call,2023-01-17
ACT-0004981,Case,CASE-000243,Phone Call,2023-01-17
ACT-0004985,Case,CASE-000250,Email,2023-01-17
ACT-0004998,Case,CASE-020472,Phone Call,2023-01-17
ACT-0004999,Case,CASE-020478,Phone Call,2023-01-17
ACT-0005001,Case,CASE-020483,Email,2023-01-17
ACT-0005002,Case,CASE-020483,Phone Call,2023-01-17
ACT-0005005,Case,CASE-020490,Phone Call,2023-01-17
ACT-0005006,Case,CASE-020499,Phone Call,2023-01-17
ACT-0005015,Case,CASE-046530,Phone Call,2023-01-17
ACT-0005017,Case,CASE-046542,Email,2023-01-17
ACT-0005020,Case,CASE-053509,Phone Call,2023-01-17
ACT-0005022,Case,CASE-053512,Phone Call,2023-01-17
ACT-0005024,Case,CASE-053517,Phone Call,2023-01-17
ACT-0005026,Case,CASE-057632,Email,2023-01-17
ACT-0005027,Case,CASE-058311,Email,2023-01-17
ACT-0005030,Case,CASE-058826,Email,2023-01-17
ACT-0005031,Case,CASE-059760,Email,2023-01-17
ACT-0005037,Case,CASE-062047,Email,2023-01-17
ACT-0005040,Case,CASE-063297,Email,2023-01-17
ACT-0005045,Case,CASE-064882,Phone Call,2023-01-17
ACT-0005047,Case,CASE-000184,Email,2023-01-17
ACT-0005048,Case,CASE-000184,Phone Call,2023-01-17
ACT-0005049,Case,CASE-000187,Phone Call,2023-01-17
ACT-0005051,Case,CASE-000188,Phone Call,2023-01-17
ACT-0005057,Case,CASE-000216,Email,2023-01-17
ACT-0005071,Case,CASE-000261,Email,2023-01-17
ACT-0005075,Case,CASE-000272,Phone Call,2023-01-17
ACT-0005078,Case,CASE-020473,Phone Call,2023-01-17
ACT-0005085,Case,CASE-020486,Email,2023-01-17
ACT-0005086,Case,CASE-020487,Phone Call,2023-01-17
ACT-0005087,Case,CASE-020487,Email,2023-01-17
ACT-0005090,Case,CASE-020491,Email,2023-01-17
ACT-0005096,Case,CASE-020508,Email,2023-01-17
ACT-0005100,Case,CASE-020511,Email,2023-01-17
ACT-0005104,Case,CASE-020518,Email,2023-01-17
ACT-0005113,Case,CASE-046564,Email,2023-01-17
ACT-0005115,Case,CASE-053513,Phone Call,2023-01-17
ACT-0005118,Case,CASE-053521,Phone Call,2023-01-17
ACT-0005119,Case,CASE-053521,Email,2023-01-17
ACT-0005123,Case,CASE-058060,Email,2023-01-17
ACT-0005127,Case,CASE-060246,Email,2023-01-17
ACT-0005133,Case,CASE-061195,Email,2023-01-17
ACT-0005135,Case,CASE-061925,Phone Call,2023-01-17
ACT-0005136,Case,CASE-061928,Phone Call,2023-01-17
ACT-0005137,Case,CASE-062774,Phone Call,2023-01-17
ACT-0005139,Case,CASE-063353,Email,2023-01-17
ACT-0005140,Case,CASE-064105,Phone Call,2023-01-17
ACT-0005142,Case,CASE-000211,Email,2023-01-17
ACT-0005151,Case,CASE-000237,Phone Call,2023-01-17
ACT-0005152,Case,CASE-000237,Phone Call,2023-01-17
ACT-0005155,Case,CASE-000241,Email,2023-01-17
ACT-0005157,Case,CASE-000246,Email,2023-01-17
ACT-0005160,Case,CASE-000266,Email,2023-01-17
ACT-0005166,Case,CASE-000277,Email,2023-01-17
ACT-0005168,Case,CASE-000281,Phone Call,2023-01-17
ACT-0005172,Case,CASE-020485,Email,2023-01-17
ACT-0005175,Case,CASE-020493,Phone Call,2023-01-17
ACT-0005176,Case,CASE-020493,Phone Call,2023-01-17
ACT-0005178,Case,CASE-020495,Phone Call,2023-01-17
ACT-0005180,Case,CASE-020503,Phone Call,2023-01-17
ACT-0005182,Case,CASE-020507,Phone Call,2023-01-17
ACT-0005186,Case,CASE-020512,Phone Call,2023-01-17
ACT-0005194,Case,CASE-020532,Phone Call,2023-01-17
ACT-0005195,Case,CASE-020534,Email,2023-01-17
ACT-0005196,Case,CASE-020535,Phone Call,2023-01-17
ACT-0005203,Case,CASE-020550,Email,2023-01-17
ACT-0005204,Case,CASE-020551,Phone Call,2023-01-17
ACT-0005206,Case,CASE-020552,Phone Call,2023-01-17
ACT-0005209,Case,CASE-046550,Phone Call,2023-01-17
ACT-0005211,Case,CASE-046554,Phone Call,2023-01-17
ACT-0005216,Case,CASE-046562,Email,2023-01-17
ACT-0005218,Case,CASE-058770,Email,2023-01-17
ACT-0005227,Case,CASE-061326,Email,2023-01-17
ACT-0005229,Case,CASE-061998,Email,2023-01-17
ACT-0005230,Case,CASE-061998,Email,2023-01-17
ACT-0005234,Case,CASE-063747,Email,2023-01-17
ACT-0005237,Case,CASE-064582,Phone Call,2023-01-17
ACT-0000060,Lead,LEAD-00026,Phone Call,2023-01-18
ACT-0001943,Opportunity,OPP-00014,Task,2023-01-18
ACT-0002066,Opportunity,OPP-00048,Task,2023-01-18
ACT-0003592,Opportunity,OPP-00428,Email,2023-01-18
ACT-0005050,Case,CASE-000187,Phone Call,2023-01-18
ACT-0005053,Case,CASE-000193,Phone Call,2023-01-18
ACT-0005054,Case,CASE-000198,Email,2023-01-18
ACT-0005055,Case,CASE-000205,Phone Call,2023-01-18
ACT-0005058,Case,CASE-000216,Phone Call,2023-01-18
ACT-0005059,Case,CASE-000218,Email,2023-01-18
ACT-0005062,Case,CASE-000235,Email,2023-01-18
ACT-0005064,Case,CASE-000238,Phone Call,2023-01-18
ACT-0005065,Case,CASE-000249,Phone Call,2023-01-18
ACT-0005066,Case,CASE-000249,Email,2023-01-18
ACT-0005068,Case,CASE-000252,Phone Call,2023-01-18
ACT-0005069,Case,CASE-000257,Phone Call,2023-01-18
ACT-0005073,Case,CASE-000264,Phone Call,2023-01-18
ACT-0005076,Case,CASE-020466,Phone Call,2023-01-18
ACT-0005079,Case,CASE-020474,Email,2023-01-18
ACT-0005080,Case,CASE-020474,Phone Call,2023-01-18
ACT-0005082,Case,CASE-020475,Email,2023-01-18
ACT-0005084,Case,CASE-020482,Email,2023-01-18
ACT-0005092,Case,CASE-020496,Phone Call,2023-01-18
ACT-0005094,Case,CASE-020497,Email,2023-01-18
ACT-0005095,Case,CASE-020506,Phone Call,2023-01-18
ACT-0005099,Case,CASE-020511,Phone Call,2023-01-18
ACT-0005102,Case,CASE-020515,Email,2023-01-18
ACT-0005105,Case,CASE-020520,Phone Call,2023-01-18
ACT-0005106,Case,CASE-020521,Email,2023-01-18
ACT-0005108,Case,CASE-020523,Phone Call,2023-01-18
ACT-0005111,Case,CASE-046558,Email,2023-01-18
ACT-0005114,Case,CASE-046570,Email,2023-01-18
ACT-0005116,Case,CASE-053514,Email,2023-01-18
ACT-0005117,Case,CASE-053516,Phone Call,2023-01-18
ACT-0005120,Case,CASE-057383,Email,2023-01-18
ACT-0005121,Case,CASE-057383,Email,2023-01-18
ACT-0005122,Case,CASE-058007,Phone Call,2023-01-18
ACT-0005126,Case,CASE-059327,Email,2023-01-18
ACT-0005129,Case,CASE-060597,Email,2023-01-18
ACT-0005132,Case,CASE-060826,Phone Call,2023-01-18
ACT-0005138,Case,CASE-062774,Phone Call,2023-01-18
ACT-0005141,Case,CASE-000211,Email,2023-01-18
ACT-0005144,Case,CASE-000215,Phone Call,2023-01-18
ACT-0005148,Case,CASE-000222,Email,2023-01-18
ACT-0005149,Case,CASE-000229,Email,2023-01-18
ACT-0005154,Case,CASE-000239,Email,2023-01-18
ACT-0005156,Case,CASE-000246,Phone Call,2023-01-18
ACT-0005162,Case,CASE-000269,Phone Call,2023-01-18
ACT-0005163,Case,CASE-000269,Phone Call,2023-01-18
ACT-0005165,Case,CASE-000277,Phone Call,2023-01-18
ACT-0005167,Case,CASE-000281,Phone Call,2023-01-18
ACT-0005169,Case,CASE-000284,Email,2023-01-18
ACT-0005173,Case,CASE-020492,Email,2023-01-18
ACT-0005183,Case,CASE-020510,Phone Call,2023-01-18
ACT-0005184,Case,CASE-020510,Phone Call,2023-01-18
ACT-0005185,Case,CASE-020512,Email,2023-01-18
ACT-0005188,Case,CASE-020517,Phone Call,2023-01-18
ACT-0005189,Case,CASE-020526,Phone Call,2023-01-18
ACT-0005193,Case,CASE-020531,Phone Call,2023-01-18
ACT-0005198,Case,CASE-020543,Email,2023-01-18
ACT-0005199,Case,CASE-020548,Email,2023-01-18
ACT-0005200,Case,CASE-020548,Email,2023-01-18
ACT-0005201,Case,CASE-020549,Phone Call,2023-01-18
ACT-0005202,Case,CASE-020550,Phone Call,2023-01-18
ACT-0005212,Case,CASE-046554,Email,2023-01-18
ACT-0005213,Case,CASE-046556,Email,2023-01-18
ACT-0005219,Case,CASE-059196,Phone Call,2023-01-18
ACT-0005221,Case,CASE-059606,Phone Call,2023-01-18
ACT-0005222,Case,CASE-059913,Phone Call,2023-01-18
ACT-0005223,Case,CASE-059913,Phone Call,2023-01-18
ACT-0005224,Case,CASE-060156,Email,2023-01-18
ACT-0005225,Case,CASE-060624,Phone Call,2023-01-18
ACT-0005228,Case,CASE-061641,Email,2023-01-18
ACT-0005233,Case,CASE-063365,Phone Call,2023-01-18
ACT-0005241,Case,CASE-000233,Phone Call,2023-01-18
ACT-0005245,Case,CASE-000242,Email,2023-01-18
ACT-0005250,Case,CASE-000254,Phone Call,2023-01-18
ACT-0005251,Case,CASE-000254,Email,2023-01-18
ACT-0005252,Case,CASE-000260,Phone Call,2023-01-18
ACT-0005253,Case,CASE-000260,Phone Call,2023-01-18
ACT-0005254,Case,CASE-000262,Phone Call,2023-01-18
ACT-0005256,Case,CASE-000267,Email,2023-01-18
ACT-0005258,Case,CASE-000276,Email,2023-01-18
ACT-0005278,Case,CASE-020527,Phone Call,2023-01-18
ACT-0005280,Case,CASE-020533,Phone Call,2023-01-18
ACT-0005281,Case,CASE-020538,Email,2023-01-18
ACT-0005284,Case,CASE-020540,Email,2023-01-18
ACT-0005287,Case,CASE-020542,Phone Call,2023-01-18
ACT-0005289,Case,CASE-020547,Email,2023-01-18
ACT-0005290,Case,CASE-020558,Email,2023-01-18
ACT-0005293,Case,CASE-020559,Email,2023-01-18
ACT-0005298,Case,CASE-020565,Phone Call,2023-01-18
ACT-0005299,Case,CASE-020566,Phone Call,2023-01-18
ACT-0005301,Case,CASE-020568,Email,2023-01-18
ACT-0005302,Case,CASE-020568,Phone Call,2023-01-18
ACT-0005306,Case,CASE-020573,Email,2023-01-18
ACT-0005308,Case,CASE-020574,Email,2023-01-18
ACT-0005309,Case,CASE-020575,Phone Call,2023-01-18
ACT-0005320,Case,CASE-046585,Email,2023-01-18
ACT-0005321,Case,CASE-053519,Email,2023-01-18
ACT-0005322,Case,CASE-053519,Phone Call,2023-01-18
ACT-0005323,Case,CASE-053520,Phone Call,2023-01-18
ACT-0005324,Case,CASE-053522,Email,2023-01-18
ACT-0005325,Case,CASE-053523,Phone Call,2023-01-18
ACT-0005328,Case,CASE-059414,Email,2023-01-18
ACT-0005334,Case,CASE-062223,Email,2023-01-18
ACT-0005335,Case,CASE-062223,Phone Call,2023-01-18
ACT-0005336,Case,CASE-062620,Email,2023-01-18
ACT-0005339,Case,CASE-064069,Email,2023-01-18
ACT-0005344,Case,CASE-065495,Phone Call,2023-01-18
ACT-0001962,Opportunity,OPP-00021,Phone Call,2023-01-19
ACT-0002765,Opportunity,OPP-00222,Task,2023-01-19
ACT-0005143,Case,CASE-000215,Phone Call,2023-01-19
ACT-0005145,Case,CASE-000219,Email,2023-01-19
ACT-0005146,Case,CASE-000221,Phone Call,2023-01-19
ACT-0005147,Case,CASE-000222,Email,2023-01-19
ACT-0005150,Case,CASE-000232,Phone Call,2023-01-19
ACT-0005153,Case,CASE-000239,Phone Call,2023-01-19
ACT-0005158,Case,CASE-000248,Phone Call,2023-01-19
ACT-0005159,Case,CASE-000256,Phone Call,2023-01-19
ACT-0005161,Case,CASE-000266,Phone Call,2023-01-19
ACT-0005164,Case,CASE-000271,Phone Call,2023-01-19
ACT-0005170,Case,CASE-000284,Email,2023-01-19
ACT-0005171,Case,CASE-020485,Phone Call,2023-01-19
ACT-0005174,Case,CASE-020492,Phone Call,2023-01-19
ACT-0005177,Case,CASE-020494,Email,2023-01-19
ACT-0005179,Case,CASE-020498,Phone Call,2023-01-19
ACT-0005181,Case,CASE-020505,Phone Call,2023-01-19
ACT-0005187,Case,CASE-020517,Phone Call,2023-01-19
ACT-0005190,Case,CASE-020526,Email,2023-01-19
ACT-0005191,Case,CASE-020529,Phone Call,2023-01-19
ACT-0005192,Case,CASE-020530,Phone Call,2023-01-19
ACT-0005197,Case,CASE-020537,Email,2023-01-19
ACT-0005205,Case,CASE-020552,Email,2023-01-19
ACT-0005207,Case,CASE-020553,Phone Call,2023-01-19
ACT-0005208,Case,CASE-046550,Phone Call,2023-01-19
ACT-0005210,Case,CASE-046551,Email,2023-01-19
ACT-0005214,Case,CASE-046556,Email,2023-01-19
ACT-0005215,Case,CASE-046562,Email,2023-01-19
ACT-0005217,Case,CASE-046571,Phone Call,2023-01-19
ACT-0005220,Case,CASE-059196,Email,2023-01-19
ACT-0005226,Case,CASE-061112,Phone Call,2023-01-19
ACT-0005231,Case,CASE-062488,Email,2023-01-19
ACT-0005232,Case,CASE-062488,Email,2023-01-19
ACT-0005235,Case,CASE-063900,Email,2023-01-19
ACT-0005236,Case,CASE-064250,Email,2023-01-19
ACT-0005238,Case,CASE-000225,Phone Call,2023-01-19
ACT-0005239,Case,CASE-000228,Phone Call,2023-01-19
ACT-0005240,Case,CASE-000233,Email,2023-01-19
ACT-0005242,Case,CASE-000234,Phone Call,2023-01-19
ACT-0005243,Case,CASE-000240,Phone Call,2023-01-19
ACT-0005246,Case,CASE-000242,Phone Call,2023-01-19
ACT-0005248,Case,CASE-000244,Phone Call,2023-01-19
ACT-0005249,Case,CASE-000245,Phone Call,2023-01-19
ACT-0005260,Case,CASE-000282,Phone Call,2023-01-19
ACT-0005261,Case,CASE-000283,Phone Call,2023-01-19
ACT-0005264,Case,CASE-000287,Phone Call,2023-01-19
ACT-0005265,Case,CASE-000287,Email,2023-01-19
ACT-0005266,Case,CASE-000291,Email,2023-01-19
ACT-0005267,Case,CASE-000297,Email,2023-01-19
ACT-0005270,Case,CASE-000299,Email,2023-01-19
ACT-0005272,Case,CASE-020516,Email,2023-01-19
ACT-0005276,Case,CASE-020525,Phone Call,2023-01-19
ACT-0005279,Case,CASE-020527,Phone Call,2023-01-19
ACT-0005285,Case,CASE-020541,Phone Call,2023-01-19
ACT-0005286,Case,CASE-020542,Phone Call,2023-01-19
ACT-0005294,Case,CASE-020561,Phone Call,2023-01-19
ACT-0005297,Case,CASE-020565,Phone Call,2023-01-19
ACT-0005303,Case,CASE-020571,Phone Call,2023-01-19
ACT-0005304,Case,CASE-020572,Phone Call,2023-01-19
ACT-0005310,Case,CASE-020575,Email,2023-01-19
ACT-0005311,Case,CASE-020583,Email,2023-01-19
ACT-0005312,Case,CASE-046555,Phone Call,2023-01-19
ACT-0005327,Case,CASE-059414,Email,2023-01-19
ACT-0005329,Case,CASE-060192,Phone Call,2023-01-19
ACT-0005331,Case,CASE-061397,Phone Call,2023-01-19
ACT-0005332,Case,CASE-061555,Phone Call,2023-01-19
ACT-0005333,Case,CASE-061555,Email,2023-01-19
ACT-0005337,Case,CASE-063929,Email,2023-01-19
ACT-0005340,Case,CASE-064069,Email,2023-01-19
ACT-0005348,Case,CASE-000265,Phone Call,2023-01-19
ACT-0005361,Case,CASE-000301,Phone Call,2023-01-19
ACT-0005371,Case,CASE-020524,Email,2023-01-19
ACT-0005373,Case,CASE-020528,Email,2023-01-19
ACT-0005380,Case,CASE-020554,Phone Call,2023-01-19
ACT-0005387,Case,CASE-020569,Phone Call,2023-01-19
ACT-0005389,Case,CASE-020570,Email,2023-01-19
ACT-0005390,Case,CASE-020576,Phone Call,2023-01-19
ACT-0005396,Case,CASE-020587,Phone Call,2023-01-19
ACT-0005402,Case,CASE-020602,Email,2023-01-19
ACT-0005403,Case,CASE-046553,Phone Call,2023-01-19
ACT-0005408,Case,CASE-046568,Phone Call,2023-01-19
ACT-0005409,Case,CASE-046569,Email,2023-01-19
ACT-0005410,Case,CASE-053525,Phone Call,2023-01-19
ACT-0005411,Case,CASE-053526,Email,2023-01-19
ACT-0005413,Case,CASE-057403,Email,2023-01-19
ACT-0005419,Case,CASE-061129,Phone Call,2023-01-19
ACT-0005421,Case,CASE-061650,Phone Call,2023-01-19
ACT-0005424,Case,CASE-062251,Phone Call,2023-01-19
ACT-0005427,Case,CASE-062421,Phone Call,2023-01-19
ACT-0000010,Lead,LEAD-00006,Meeting,2023-01-20
ACT-0003108,Opportunity,OPP-00302,Task,2023-01-20
ACT-0005244,Case,CASE-000240,Phone Call,2023-01-20
ACT-0005247,Case,CASE-000244,Phone Call,2023-01-20
ACT-0005255,Case,CASE-000263,Phone Call,2023-01-20
ACT-0005257,Case,CASE-000276,Phone Call,2023-01-20
ACT-0005259,Case,CASE-000282,Email,2023-01-20
ACT-0005262,Case,CASE-000283,Phone Call,2023-01-20
ACT-0005263,Case,CASE-000285,Phone Call,2023-01-20
ACT-0005268,Case,CASE-000297,Phone Call,2023-01-20
ACT-0005269,Case,CASE-000299,Phone Call,2023-01-20
ACT-0005271,Case,CASE-020514,Phone Call,2023-01-20
ACT-0005273,Case,CASE-020516,Phone Call,2023-01-20
ACT-0005274,Case,CASE-020519,Email,2023-01-20
ACT-0005275,Case,CASE-020519,Phone Call,2023-01-20
ACT-0005277,Case,CASE-020525,Phone Call,2023-01-20
ACT-0005282,Case,CASE-020538,Phone Call,2023-01-20
ACT-0005283,Case,CASE-020539,Email,2023-01-20
ACT-0005288,Case,CASE-020544,Phone Call,2023-01-20
ACT-0005291,Case,CASE-020558,Email,2023-01-20
ACT-0005292,Case,CASE-020559,Email,2023-01-20
ACT-0005295,Case,CASE-020563,Phone Call,2023-01-20
ACT-0005296,Case,CASE-020563,Phone Call,2023-01-20
ACT-0005300,Case,CASE-020566,Email,2023-01-20
ACT-0005305,Case,CASE-020572,Email,2023-01-20
ACT-0005307,Case,CASE-020574,Phone Call,2023-01-20
ACT-0005313,Case,CASE-046555,Phone Call,2023-01-20
ACT-0005314,Case,CASE-046563,Phone Call,2023-01-20
ACT-0005315,Case,CASE-046566,Phone Call,2023-01-20
ACT-0005316,Case,CASE-046566,Email,2023-01-20
ACT-0005317,Case,CASE-046574,Email,2023-01-20
ACT-0005318,Case,CASE-046574,Phone Call,2023-01-20
ACT-0005319,Case,CASE-046585,Phone Call,2023-01-20
ACT-0005326,Case,CASE-059362,Email,2023-01-20
ACT-0005330,Case,CASE-060192,Phone Call,2023-01-20
ACT-0005338,Case,CASE-063929,Phone Call,2023-01-20
ACT-0005341,Case,CASE-064200,Email,2023-01-20
ACT-0005342,Case,CASE-064200,Email,2023-01-20
ACT-0005343,Case,CASE-064874,Email,2023-01-20
ACT-0005345,Case,CASE-000255,Phone Call,2023-01-20
ACT-0005350,Case,CASE-000270,Phone Call,2023-01-20
ACT-0005351,Case,CASE-000273,Phone Call,2023-01-20
ACT-0005353,Case,CASE-000275,Email,2023-01-20
ACT-0005354,Case,CASE-000275,Phone Call,2023-01-20
ACT-0005355,Case,CASE-000278,Email,2023-01-20
ACT-0005357,Case,CASE-000288,Email,2023-01-20
ACT-0005358,Case,CASE-000288,Email,2023-01-20
ACT-0005360,Case,CASE-000301,Phone Call,2023-01-20
ACT-0005367,Case,CASE-000309,Email,2023-01-20
ACT-0005368,Case,CASE-000313,Phone Call,2023-01-20
ACT-0005369,Case,CASE-000315,Phone Call,2023-01-20
ACT-0005374,Case,CASE-020528,Phone Call,2023-01-20
ACT-0005375,Case,CASE-020536,Email,2023-01-20
ACT-0005377,Case,CASE-020545,Phone Call,2023-01-20
ACT-0005378,Case,CASE-020546,Phone Call,2023-01-20
ACT-0005379,Case,CASE-020554,Email,2023-01-20
ACT-0005381,Case,CASE-020556,Phone Call,2023-01-20
ACT-0005383,Case,CASE-020557,Email,2023-01-20
ACT-0005384,Case,CASE-020562,Phone Call,2023-01-20
ACT-0005385,Case,CASE-020562,Email,2023-01-20
ACT-0005388,Case,CASE-020569,Email,2023-01-20
ACT-0005392,Case,CASE-020577,Email,2023-01-20
ACT-0005393,Case,CASE-020578,Phone Call,2023-01-20
ACT-0005399,Case,CASE-020593,Phone Call,2023-01-20
ACT-0005401,Case,CASE-020602,Phone Call,2023-01-20
ACT-0005404,Case,CASE-046559,Phone Call,2023-01-20
ACT-0005406,Case,CASE-046565,Email,2023-01-20
ACT-0005407,Case,CASE-046565,Phone Call,2023-01-20
ACT-0005412,Case,CASE-053526,Phone Call,2023-01-20
ACT-0005417,Case,CASE-060518,Phone Call,2023-01-20
ACT-0005420,Case,CASE-061129,Email,2023-01-20
ACT-0005425,Case,CASE-062251,Phone Call,2023-01-20
ACT-0005430,Case,CASE-062929,Phone Call,2023-01-20
ACT-0005433,Case,CASE-064591,Phone Call,2023-01-20
ACT-0005436,Case,CASE-000274,Phone Call,2023-01-20
ACT-0005437,Case,CASE-000279,Phone Call,2023-01-20
ACT-0005438,Case,CASE-000279,Email,2023-01-20
ACT-0005443,Case,CASE-000294,Email,2023-01-20
ACT-0005452,Case,CASE-000329,Phone Call,2023-01-20
ACT-0005454,Case,CASE-020555,Email,2023-01-20
ACT-0005456,Case,CASE-020560,Phone Call,2023-01-20
ACT-0005457,Case,CASE-020560,Email,2023-01-20
ACT-0005460,Case,CASE-020579,Phone Call,2023-01-20
ACT-0005464,Case,CASE-020584,Email,2023-01-20
ACT-0005466,Case,CASE-020589,Email,2023-01-20
ACT-0005467,Case,CASE-020595,Email,2023-01-20
ACT-0005470,Case,CASE-020596,Email,2023-01-20
ACT-0005472,Case,CASE-020599,Phone Call,2023-01-20
ACT-0005473,Case,CASE-020600,Email,2023-01-20
ACT-0005474,Case,CASE-020600,Email,2023-01-20
ACT-0005475,Case,CASE-020601,Email,2023-01-20
ACT-0005476,Case,CASE-020610,Phone Call,2023-01-20
ACT-0005477,Case,CASE-020617,Email,2023-01-20
ACT-0005478,Case,CASE-020620,Email,2023-01-20
ACT-0005481,Case,CASE-020626,Phone Call,2023-01-20
ACT-0005483,Case,CASE-020627,Phone Call,2023-01-20
ACT-0005486,Case,CASE-046557,Email,2023-01-20
ACT-0005487,Case,CASE-046580,Email,2023-01-20
ACT-0005489,Case,CASE-046592,Phone Call,2023-01-20
ACT-0005490,Case,CASE-046601,Phone Call,2023-01-20
ACT-0005492,Case,CASE-053524,Email,2023-01-20
ACT-0005496,Case,CASE-057406,Phone Call,2023-01-20
ACT-0005498,Case,CASE-059238,Phone Call,2023-01-20
ACT-0005501,Case,CASE-062487,Email,2023-01-20
ACT-0005504,Case,CASE-063137,Phone Call,2023-01-20
ACT-0005506,Case,CASE-064668,Phone Call,2023-01-20
ACT-0000150,Lead,LEAD-00057,Phone Call,2023-01-21
ACT-0001142,Lead,LEAD-00462,Email,2023-01-21
ACT-0001145,Lead,LEAD-00462,Phone Call,2023-01-21
ACT-0002410,Opportunity,OPP-00133,Phone Call,2023-01-21
ACT-0005346,Case,CASE-000258,Phone Call,2023-01-21
ACT-0005347,Case,CASE-000265,Phone Call,2023-01-21
ACT-0005349,Case,CASE-000270,Email,2023-01-21
ACT-0005352,Case,CASE-000273,Email,2023-01-21
ACT-0005356,Case,CASE-000278,Email,2023-01-21
ACT-0005359,Case,CASE-000298,Email,2023-01-21
ACT-0005362,Case,CASE-000302,Phone Call,2023-01-21
ACT-0005363,Case,CASE-000302,Phone Call,2023-01-21
ACT-0005364,Case,CASE-000304,Email,2023-01-21
ACT-0005365,Case,CASE-000307,Phone Call,2023-01-21
ACT-0005366,Case,CASE-000309,Phone Call,2023-01-21
ACT-0005370,Case,CASE-000315,Phone Call,2023-01-21
ACT-0005372,Case,CASE-020524,Email,2023-01-21
ACT-0005376,Case,CASE-020545,Email,2023-01-21
ACT-0005382,Case,CASE-020556,Phone Call,2023-01-21
ACT-0005386,Case,CASE-020564,Email,2023-01-21
ACT-0005391,Case,CASE-020576,Phone Call,2023-01-21
ACT-0005394,Case,CASE-020578,Phone Call,2023-01-21
ACT-0005395,Case,CASE-020582,Phone Call,2023-01-21
ACT-0005397,Case,CASE-020587,Phone Call,2023-01-21
ACT-0005398,Case,CASE-020593,Phone Call,2023-01-21
ACT-0005400,Case,CASE-020598,Phone Call,2023-01-21
ACT-0005405,Case,CASE-046559,Phone Call,2023-01-21
ACT-0005414,Case,CASE-058800,Phone Call,2023-01-21
ACT-0005415,Case,CASE-059425,Email,2023-01-21
ACT-0005416,Case,CASE-060180,Email,2023-01-21
ACT-0005418,Case,CASE-061074,Phone Call,2023-01-21
ACT-0005422,Case,CASE-061650,Email,2023-01-21
ACT-0005423,Case,CASE-061684,Phone Call,2023-01-21
ACT-0005426,Case,CASE-062377,Email,2023-01-21
ACT-0005428,Case,CASE-062421,Email,2023-01-21
ACT-0005429,Case,CASE-062929,Email,2023-01-21
ACT-0005431,Case,CASE-064352,Email,2023-01-21
ACT-0005432,Case,CASE-064591,Phone Call,2023-01-21
ACT-0005434,Case,CASE-065514,Email,2023-01-21
ACT-0005435,Case,CASE-065514,Email,2023-01-21
ACT-0005446,Case,CASE-000310,Phone Call,2023-01-21
ACT-0005447,Case,CASE-000311,Phone Call,2023-01-21
ACT-0005449,Case,CASE-000319,Phone Call,2023-01-21
ACT-0005450,Case,CASE-000323,Phone Call,2023-01-21
ACT-0005461,Case,CASE-020580,Phone Call,2023-01-21
ACT-0005465,Case,CASE-020588,Phone Call,2023-01-21
ACT-0005471,Case,CASE-020599,Email,2023-01-21
ACT-0005480,Case,CASE-020622,Email,2023-01-21
ACT-0005491,Case,CASE-046601,Email,2023-01-21
ACT-0005493,Case,CASE-053527,Email,2023-01-21
ACT-0005500,Case,CASE-061425,Email,2023-01-21
ACT-0005503,Case,CASE-063137,Email,2023-01-21
ACT-0005507,Case,CASE-000286,Phone Call,2023-01-21
ACT-0005510,Case,CASE-000290,Phone Call,2023-01-21
ACT-0005511,Case,CASE-000293,Email,2023-01-21
ACT-0005512,Case,CASE-000295,Phone Call,2023-01-21
ACT-0005514,Case,CASE-000300,Phone Call,2023-01-21
ACT-0005518,Case,CASE-000312,Email,2023-01-21
ACT-0005521,Case,CASE-000316,Email,2023-01-21
ACT-0005523,Case,CASE-000320,Email,2023-01-21
ACT-0005524,Case,CASE-000321,Phone Call,2023-01-21
ACT-0005533,Case,CASE-000337,Email,2023-01-21
ACT-0005536,Case,CASE-000339,Phone Call,2023-01-21
ACT-0005540,Case,CASE-000349,Phone Call,2023-01-21
ACT-0005542,Case,CASE-000351,Phone Call,2023-01-21
ACT-0005543,Case,CASE-000351,Email,2023-01-21
ACT-0005544,Case,CASE-000352,Email,2023-01-21
ACT-0005545,Case,CASE-020585,Phone Call,2023-01-21
ACT-0005549,Case,CASE-020591,Phone Call,2023-01-21
ACT-0005554,Case,CASE-020594,Phone Call,2023-01-21
ACT-0005556,Case,CASE-020597,Phone Call,2023-01-21
ACT-0005557,Case,CASE-020603,Email,2023-01-21
ACT-0005560,Case,CASE-020607,Email,2023-01-21
ACT-0005561,Case,CASE-020611,Phone Call,2023-01-21
ACT-0005562,Case,CASE-020611,Email,2023-01-21
ACT-0005563,Case,CASE-020612,Phone Call,2023-01-21
ACT-0005567,Case,CASE-020614,Email,2023-01-21
ACT-0005570,Case,CASE-020623,Phone Call,2023-01-21
ACT-0005575,Case,CASE-020633,Phone Call,2023-01-21
ACT-0005576,Case,CASE-020634,Email,2023-01-21
ACT-0005581,Case,CASE-020639,Phone Call,2023-01-21
ACT-0005582,Case,CASE-020643,Phone Call,2023-01-21
ACT-0005585,Case,CASE-046560,Phone Call,2023-01-21
ACT-0005593,Case,CASE-046594,Phone Call,2023-01-21
ACT-0005598,Case,CASE-053535,Phone Call,2023-01-21
ACT-0005599,Case,CASE-053538,Phone Call,2023-01-21
ACT-0005600,Case,CASE-053538,Phone Call,2023-01-21
ACT-0005605,Case,CASE-057935,Phone Call,2023-01-21
ACT-0005613,Case,CASE-059516,Email,2023-01-21
ACT-0005614,Case,CASE-059995,Email,2023-01-21
ACT-0005617,Case,CASE-063238,Email,2023-01-21
ACT-0000331,Lead,LEAD-00133,Phone Call,2023-01-22
ACT-0000333,Lead,LEAD-00133,Phone Call,2023-01-22
ACT-0005439,Case,CASE-000280,Phone Call,2023-01-22
ACT-0005440,Case,CASE-000289,Email,2023-01-22
ACT-0005441,Case,CASE-000289,Email,2023-01-22
ACT-0005442,Case,CASE-000292,Email,2023-01-22
ACT-0005444,Case,CASE-000303,Email,2023-01-22
ACT-0005445,Case,CASE-000303,Phone Call,2023-01-22
ACT-0005448,Case,CASE-000319,Phone Call,2023-01-22
ACT-0005451,Case,CASE-000323,Email,2023-01-22
ACT-0005453,Case,CASE-000329,Phone Call,2023-01-22
ACT-0005455,Case,CASE-020555,Email,2023-01-22
ACT-0005458,Case,CASE-020567,Email,2023-01-22
ACT-0005459,Case,CASE-020579,Phone Call,2023-01-22
ACT-0005462,Case,CASE-020581,Phone Call,2023-01-22
ACT-0005463,Case,CASE-020584,Phone Call,2023-01-22
ACT-0005468,Case,CASE-020595,Email,2023-01-22
ACT-0005469,Case,CASE-020596,Email,2023-01-22
ACT-0005479,Case,CASE-020622,Phone Call,2023-01-22
ACT-0005482,Case,CASE-020627,Email,2023-01-22
ACT-0005484,Case,CASE-020630,Email,2023-01-22
ACT-0005485,Case,CASE-020631,Email,2023-01-22
ACT-0005488,Case,CASE-046580,Email,2023-01-22
ACT-0005494,Case,CASE-053530,Phone Call,2023-01-22
ACT-0005495,Case,CASE-053530,Email,2023-01-22
ACT-0005497,Case,CASE-059238,Phone Call,2023-01-22
ACT-0005499,Case,CASE-059490,Phone Call,2023-01-22
ACT-0005502,Case,CASE-062487,Phone Call,2023-01-22
ACT-0005505,Case,CASE-064090,Email,2023-01-22
ACT-0005508,Case,CASE-000286,Phone Call,2023-01-22
ACT-0005513,Case,CASE-000296,Phone Call,2023-01-22
ACT-0005516,Case,CASE-000306,Email,2023-01-22
ACT-0005517,Case,CASE-000306,Phone Call,2023-01-22
ACT-0005525,Case,CASE-000321,Phone Call,2023-01-22
ACT-0005526,Case,CASE-000322,Phone Call,2023-01-22
ACT-0005527,Case,CASE-000322,Phone Call,2023-01-22
ACT-0005529,Case,CASE-000327,Phone Call,2023-01-22
ACT-0005531,Case,CASE-000332,Email,2023-01-22
ACT-0005532,Case,CASE-000333,Email,2023-01-22
ACT-0005539,Case,CASE-000345,Email,2023-01-22
ACT-0005548,Case,CASE-020590,Phone Call,2023-01-22
ACT-0005550,Case,CASE-020591,Phone Call,2023-01-22
ACT-0005551,Case,CASE-020592,Email,2023-01-22
ACT-0005552,Case,CASE-020592,Phone Call,2023-01-22
ACT-0005555,Case,CASE-020597,Phone Call,2023-01-22
ACT-0005558,Case,CASE-020603,Phone Call,2023-01-22
ACT-0005559,Case,CASE-020606,Email,2023-01-22
ACT-0005568,Case,CASE-020618,Phone Call,2023-01-22
ACT-0005569,Case,CASE-020621,Phone Call,2023-01-22
ACT-0005571,Case,CASE-020624,Email,2023-01-22
ACT-0005573,Case,CASE-020632,Phone Call,2023-01-22
ACT-0005578,Case,CASE-020637,Email,2023-01-22
ACT-0005579,Case,CASE-020638,Email,2023-01-22
ACT-0005583,Case,CASE-020654,Email,2023-01-22
ACT-0005584,Case,CASE-020658,Phone Call,2023-01-22
ACT-0005587,Case,CASE-046567,Email,2023-01-22
ACT-0005595,Case,CASE-053529,Phone Call,2023-01-22
ACT-0005601,Case,CASE-057492,Email,2023-01-22
ACT-0005608,Case,CASE-058575,Phone Call,2023-01-22
ACT-0005612,Case,CASE-059516,Phone Call,2023-01-22
ACT-0005616,Case,CASE-063238,Email,2023-01-22
ACT-0005620,Case,CASE-000308,Email,2023-01-22
ACT-0005628,Case,CASE-000331,Phone Call,2023-01-22
ACT-0005630,Case,CASE-000334,Email,2023-01-22
ACT-0005632,Case,CASE-000335,Phone Call,2023-01-22
ACT-0005635,Case,CASE-000341,Phone Call,2023-01-22
ACT-0005639,Case,CASE-000362,Phone Call,2023-01-22
ACT-0005642,Case,CASE-000375,Email,2023-01-22
ACT-0005643,Case,CASE-020604,Phone Call,2023-01-22
ACT-0005647,Case,CASE-020609,Email,2023-01-22
ACT-0005648,Case,CASE-020609,Email,2023-01-22
ACT-0005651,Case,CASE-020616,Phone Call,2023-01-22
ACT-0005653,Case,CASE-020619,Phone Call,2023-01-22
ACT-0005654,Case,CASE-020628,Email,2023-01-22
ACT-0005656,Case,CASE-020629,Email,2023-01-22
ACT-0005657,Case,CASE-020635,Phone Call,2023-01-22
ACT-0005661,Case,CASE-020641,Phone Call,2023-01-22
ACT-0005664,Case,CASE-020647,Phone Call,2023-01-22
ACT-0005665,Case,CASE-020647,Phone Call,2023-01-22
ACT-0005666,Case,CASE-020651,Email,2023-01-22
ACT-0005668,Case,CASE-020657,Phone Call,2023-01-22
ACT-0005671,Case,CASE-020673,Phone Call,2023-01-22
ACT-0005672,Case,CASE-020673,Email,2023-01-22
ACT-0005673,Case,CASE-020674,Email,2023-01-22
ACT-0005677,Case,CASE-020680,Phone Call,2023-01-22
ACT-0005680,Case,CASE-046573,Email,2023-01-22
ACT-0005687,Case,CASE-046600,Phone Call,2023-01-22
ACT-0005688,Case,CASE-046602,Phone Call,2023-01-22
ACT-0005692,Case,CASE-046607,Phone Call,2023-01-22
ACT-0005696,Case,CASE-053533,Email,2023-01-22
ACT-0005699,Case,CASE-053534,Email,2023-01-22
ACT-0005706,Case,CASE-059645,Email,2023-01-22
ACT-0005707,Case,CASE-059645,Phone Call,2023-01-22
ACT-0005710,Case,CASE-059980,Phone Call,2023-01-22
ACT-0005715,Case,CASE-062326,Email,2023-01-22
ACT-0005717,Case,CASE-062483,Phone Call,2023-01-22
ACT-0005719,Case,CASE-063162,Email,2023-01-22
ACT-0005720,Case,CASE-063364,Phone Call,2023-01-22
ACT-0005724,Case,CASE-065713,Phone Call,2023-01-22
ACT-0001144,Lead,LEAD-00462,Email,2023-01-23
ACT-0003542,Opportunity,OPP-00414,Task,2023-01-23
ACT-0005509,Case,CASE-000290,Phone Call,2023-01-23
ACT-0005515,Case,CASE-000305,Email,2023-01-23
ACT-0005519,Case,CASE-000312,Phone Call,2023-01-23
ACT-0005520,Case,CASE-000314,Phone Call,2023-01-23
ACT-0005522,Case,CASE-000316,Email,2023-01-23
ACT-0005528,Case,CASE-000325,Email,2023-01-23
ACT-0005530,Case,CASE-000327,Phone Call,2023-01-23
ACT-0005534,Case,CASE-000337,Phone Call,2023-01-23
ACT-0005535,Case,CASE-000339,Phone Call,2023-01-23
ACT-0005537,Case,CASE-000342,Phone Call,2023-01-23
ACT-0005538,Case,CASE-000344,Phone Call,2023-01-23
ACT-0005541,Case,CASE-000349,Phone Call,2023-01-23
ACT-0005546,Case,CASE-020586,Email,2023-01-23
ACT-0005547,Case,CASE-020586,Phone Call,2023-01-23
ACT-0005553,Case,CASE-020594,Email,2023-01-23
ACT-0005564,Case,CASE-020613,Phone Call,2023-01-23
ACT-0005565,Case,CASE-020613,Phone Call,2023-01-23
ACT-0005566,Case,CASE-020614,Phone Call,2023-01-23
ACT-0005572,Case,CASE-020625,Phone Call,2023-01-23
ACT-0005574,Case,CASE-020632,Email,2023-01-23
ACT-0005577,Case,CASE-020634,Phone Call,2023-01-23
ACT-0005580,Case,CASE-020639,Phone Call,2023-01-23
ACT-0005586,Case,CASE-046560,Email,2023-01-23
ACT-0005588,Case,CASE-046567,Email,2023-01-23
ACT-0005589,Case,CASE-046577,Phone Call,2023-01-23
ACT-0005590,Case,CASE-046577,Email,2023-01-23
ACT-0005591,Case,CASE-046586,Email,2023-01-23
ACT-0005592,Case,CASE-046594,Phone Call,2023-01-23
ACT-0005594,Case,CASE-046606,Phone Call,2023-01-23
ACT-0005596,Case,CASE-053529,Phone Call,2023-01-23
ACT-0005597,Case,CASE-053531,Phone Call,2023-01-23
ACT-0005602,Case,CASE-057694,Email,2023-01-23
ACT-0005603,Case,CASE-057694,Phone Call,2023-01-23
ACT-0005604,Case,CASE-057935,Email,2023-01-23
ACT-0005606,Case,CASE-058479,Phone Call,2023-01-23
ACT-0005607,Case,CASE-058479,Email,2023-01-23
ACT-0005609,Case,CASE-058787,Phone Call,2023-01-23
ACT-0005610,Case,CASE-059210,Phone Call,2023-01-23
ACT-0005611,Case,CASE-059210,Phone Call,2023-01-23
ACT-0005615,Case,CASE-061549,Email,2023-01-23
ACT-0005618,Case,CASE-063864,Email,2023-01-23
ACT-0005619,Case,CASE-065017,Phone Call,2023-01-23
ACT-0005621,Case,CASE-000308,Phone Call,2023-01-23
ACT-0005623,Case,CASE-000317,Phone Call,2023-01-23
ACT-0005625,Case,CASE-000318,Phone Call,2023-01-23
ACT-0005626,Case,CASE-000326,Email,2023-01-23
ACT-0005629,Case,CASE-000331,Phone Call,2023-01-23
ACT-0005631,Case,CASE-000334,Phone Call,2023-01-23
ACT-0005633,Case,CASE-000336,Phone Call,2023-01-23
ACT-0005634,Case,CASE-000341,Phone Call,2023-01-23
ACT-0005636,Case,CASE-000348,Phone Call,2023-01-23
ACT-0005637,Case,CASE-000353,Phone Call,2023-01-23
ACT-0005640,Case,CASE-000374,Phone Call,2023-01-23
ACT-0005644,Case,CASE-020605,Phone Call,2023-01-23
ACT-0005646,Case,CASE-020608,Email,2023-01-23
ACT-0005649,Case,CASE-020615,Phone Call,2023-01-23
ACT-0005650,Case,CASE-020616,Phone Call,2023-01-23
ACT-0005652,Case,CASE-020619,Email,2023-01-23
ACT-0005655,Case,CASE-020629,Phone Call,2023-01-23
ACT-0005658,Case,CASE-020635,Phone Call,2023-01-23
ACT-0005660,Case,CASE-020636,Phone Call,2023-01-23
ACT-0005662,Case,CASE-020642,Email,2023-01-23
ACT-0005667,Case,CASE-020657,Phone Call,2023-01-23
ACT-0005669,Case,CASE-020664,Email,2023-01-23
ACT-0005670,Case,CASE-020664,Phone Call,2023-01-23
ACT-0005674,Case,CASE-020674,Phone Call,2023-01-23
ACT-0005675,Case,CASE-020676,Email,2023-01-23
ACT-0005676,Case,CASE-020676,Phone Call,2023-01-23
ACT-0005682,Case,CASE-046582,Email,2023-01-23
ACT-0005683,Case,CASE-046583,Phone Call,2023-01-23
ACT-0005684,Case,CASE-046587,Phone Call,2023-01-23
ACT-0005686,Case,CASE-046600,Phone Call,2023-01-23
ACT-0005690,Case,CASE-046604,Email,2023-01-23
ACT-0005691,Case,CASE-046605,Phone Call,2023-01-23
ACT-0005693,Case,CASE-046613,Phone Call,2023-01-23
ACT-0005695,Case,CASE-053528,Email,2023-01-23
ACT-0005698,Case,CASE-053534,Email,2023-01-23
ACT-0005702,Case,CASE-058388,Email,2023-01-23
ACT-0005703,Case,CASE-058388,Phone Call,2023-01-23
ACT-0005704,Case,CASE-058945,Phone Call,2023-01-23
ACT-0005708,Case,CASE-059707,Phone Call,2023-01-23
ACT-0005711,Case,CASE-060263,Phone Call,2023-01-23
ACT-0005712,Case,CASE-060303,Email,2023-01-23
ACT-0005713,Case,CASE-060303,Email,2023-01-23
ACT-0005714,Case,CASE-062326,Email,2023-01-23
ACT-0005718,Case,CASE-063162,Phone Call,2023-01-23
ACT-0005723,Case,CASE-065713,Phone Call,2023-01-23
ACT-0005726,Case,CASE-000328,Email,2023-01-23
ACT-0005729,Case,CASE-000343,Email,2023-01-23
ACT-0005738,Case,CASE-000357,Phone Call,2023-01-23
ACT-0005740,Case,CASE-000361,Email,2023-01-23
ACT-0005742,Case,CASE-000364,Phone Call,2023-01-23
ACT-0005744,Case,CASE-000373,Email,2023-01-23
ACT-0005745,Case,CASE-000376,Email,2023-01-23
ACT-0005747,Case,CASE-000378,Email,2023-01-23
ACT-0005752,Case,CASE-020640,Phone Call,2023-01-23
ACT-0005756,Case,CASE-020648,Phone Call,2023-01-23
ACT-0005760,Case,CASE-020652,Email,2023-01-23
ACT-0005761,Case,CASE-020653,Phone Call,2023-01-23
ACT-0005764,Case,CASE-020656,Email,2023-01-23
ACT-0005766,Case,CASE-020659,Email,2023-01-23
ACT-0005771,Case,CASE-020677,Email,2023-01-23
ACT-0005774,Case,CASE-020692,Phone Call,2023-01-23
ACT-0005776,Case,CASE-020694,Phone Call,2023-01-23
ACT-0005778,Case,CASE-020699,Phone Call,2023-01-23
ACT-0005783,Case,CASE-046581,Phone Call,2023-01-23
ACT-0005788,Case,CASE-046616,Phone Call,2023-01-23
ACT-0005790,Case,CASE-046617,Phone Call,2023-01-23
ACT-0005791,Case,CASE-053532,Phone Call,2023-01-23
ACT-0005800,Case,CASE-059654,Email,2023-01-23
ACT-0005802,Case,CASE-060479,Email,2023-01-23
ACT-0005804,Case,CASE-061505,Email,2023-01-23
ACT-0000059,Lead,LEAD-00026,Phone Call,2023-01-24
ACT-0000881,Lead,LEAD-00353,Email,2023-01-24
ACT-0002823,Opportunity,OPP-00234,Email,2023-01-24
ACT-0005622,Case,CASE-000317,Email,2023-01-24
ACT-0005624,Case,CASE-000318,Phone Call,2023-01-24
ACT-0005627,Case,CASE-000326,Phone Call,2023-01-24
ACT-0005638,Case,CASE-000362,Email,2023-01-24
ACT-0005641,Case,CASE-000375,Phone Call,2023-01-24
ACT-0005645,Case,CASE-020608,Email,2023-01-24
ACT-0005659,Case,CASE-020636,Email,2023-01-24
ACT-0005663,Case,CASE-020644,Phone Call,2023-01-24
ACT-0005678,Case,CASE-020682,Phone Call,2023-01-24
ACT-0005679,Case,CASE-020682,Phone Call,2023-01-24
ACT-0005681,Case,CASE-046582,Email,2023-01-24
ACT-0005685,Case,CASE-046588,Email,2023-01-24
ACT-0005689,Case,CASE-046603,Email,2023-01-24
ACT-0005694,Case,CASE-053528,Phone Call,2023-01-24
ACT-0005697,Case,CASE-053533,Email,2023-01-24
ACT-0005700,Case,CASE-053543,Phone Call,2023-01-24
ACT-0005701,Case,CASE-057932,Email,2023-01-24
ACT-0005705,Case,CASE-059034,Email,2023-01-24
ACT-0005709,Case,CASE-059980,Email,2023-01-24
ACT-0005716,Case,CASE-062483,Phone Call,2023-01-24
ACT-0005721,Case,CASE-064972,Email,2023-01-24
ACT-0005722,Case,CASE-064972,Phone Call,2023-01-24
ACT-0005730,Case,CASE-000343,Phone Call,2023-01-24
ACT-0005732,Case,CASE-000347,Phone Call,2023-01-24
ACT-0005733,Case,CASE-000350,Email,2023-01-24
ACT-0005737,Case,CASE-000357,Phone Call,2023-01-24
ACT-0005739,Case,CASE-000358,Phone Call,2023-01-24
ACT-0005750,Case,CASE-000388,Phone Call,2023-01-24
ACT-0005751,Case,CASE-000388,Email,2023-01-24
ACT-0005754,Case,CASE-020645,Phone Call,2023-01-24
ACT-0005762,Case,CASE-020655,Phone Call,2023-01-24
ACT-0005767,Case,CASE-020661,Phone Call,2023-01-24
ACT-0005768,Case,CASE-020663,Phone Call,2023-01-24
ACT-0005769,Case,CASE-020668,Phone Call,2023-01-24
ACT-0005770,Case,CASE-020670,Email,2023-01-24
ACT-0005781,Case,CASE-046576,Email,2023-01-24
ACT-0005782,Case,CASE-046576,Email,2023-01-24
ACT-0005784,Case,CASE-046591,Phone Call,2023-01-24
ACT-0005787,Case,CASE-046608,Phone Call,2023-01-24
ACT-0005794,Case,CASE-053540,Phone Call,2023-01-24
ACT-0005795,Case,CASE-053540,Phone Call,2023-01-24
ACT-0005797,Case,CASE-053544,Phone Call,2023-01-24
ACT-0005799,Case,CASE-059271,Phone Call,2023-01-24
ACT-0005803,Case,CASE-060479,Email,2023-01-24
ACT-0005815,Case,CASE-000371,Email,2023-01-24
ACT-0005819,Case,CASE-000400,Phone Call,2023-01-24
ACT-0005822,Case,CASE-020662,Email,2023-01-24
ACT-0005825,Case,CASE-020666,Phone Call,2023-01-24
ACT-0005828,Case,CASE-020671,Email,2023-01-24
ACT-0005834,Case,CASE-020681,Phone Call,2023-01-24
ACT-0005836,Case,CASE-020685,Phone Call,2023-01-24
ACT-0005839,Case,CASE-020686,Email,2023-01-24
ACT-0005840,Case,CASE-020690,Email,2023-01-24
ACT-0005841,Case,CASE-020690,Email,2023-01-24
ACT-0005846,Case,CASE-020708,Phone Call,2023-01-24
ACT-0005848,Case,CASE-020722,Phone Call,2023-01-24
ACT-0005849,Case,CASE-020722,Phone Call,2023-01-24
ACT-0005851,Case,CASE-020723,Phone Call,2023-01-24
ACT-0005857,Case,CASE-046599,Email,2023-01-24
ACT-0005858,Case,CASE-046620,Phone Call,2023-01-24
ACT-0005869,Case,CASE-058568,Phone Call,2023-01-24
ACT-0005874,Case,CASE-059060,Phone Call,2023-01-24
ACT-0005875,Case,CASE-059060,Phone Call,2023-01-24
ACT-0005878,Case,CASE-060545,Email,2023-01-24
ACT-0005879,Case,CASE-060706,Email,2023-01-24
ACT-0005889,Case,CASE-064968,Email,2023-01-24
ACT-0005891,Case,CASE-065358,Email,2023-01-24
ACT-0001893,Opportunity,OPP-00002,Task,2023-01-25
ACT-0002117,Opportunity,OPP-00059,Task,2023-01-25
ACT-0002856,Opportunity,OPP-00242,Email,2023-01-25
ACT-0005725,Case,CASE-000324,Phone Call,2023-01-25
ACT-0005727,Case,CASE-000330,Phone Call,2023-01-25
ACT-0005728,Case,CASE-000338,Email,2023-01-25
ACT-0005731,Case,CASE-000347,Phone Call,2023-01-25
ACT-0005734,Case,CASE-000350,Email,2023-01-25
ACT-0005735,Case,CASE-000354,Phone Call,2023-01-25
ACT-0005736,Case,CASE-000356,Phone Call,2023-01-25
ACT-0005741,Case,CASE-000363,Email,2023-01-25
ACT-0005743,Case,CASE-000373,Phone Call,2023-01-25
ACT-0005746,Case,CASE-000376,Email,2023-01-25
ACT-0005748,Case,CASE-000378,Email,2023-01-25
ACT-0005749,Case,CASE-000384,Phone Call,2023-01-25
ACT-0005753,Case,CASE-020640,Phone Call,2023-01-25
ACT-0005755,Case,CASE-020646,Email,2023-01-25
ACT-0005757,Case,CASE-020649,Email,2023-01-25
ACT-0005758,Case,CASE-020650,Email,2023-01-25
ACT-0005759,Case,CASE-020650,Email,2023-01-25
ACT-0005763,Case,CASE-020655,Email,2023-01-25
ACT-0005765,Case,CASE-020656,Phone Call,2023-01-25
ACT-0005772,Case,CASE-020684,Phone Call,2023-01-25
ACT-0005773,Case,CASE-020688,Email,2023-01-25
ACT-0005775,Case,CASE-020694,Email,2023-01-25
ACT-0005777,Case,CASE-020699,Email,2023-01-25
ACT-0005779,Case,CASE-020700,Email,2023-01-25
ACT-0005780,Case,CASE-020701,Phone Call,2023-01-25
ACT-0005785,Case,CASE-046591,Email,2023-01-25
ACT-0005786,Case,CASE-046608,Phone Call,2023-01-25
ACT-0005789,Case,CASE-046616,Phone Call,2023-01-25
ACT-0005792,Case,CASE-053537,Phone Call,2023-01-25
ACT-0005793,Case,CASE-053537,Phone Call,2023-01-25
ACT-0005796,Case,CASE-053544,Email,2023-01-25
ACT-0005798,Case,CASE-053546,Phone Call,2023-01-25
ACT-0005801,Case,CASE-059654,Phone Call,2023-01-25
ACT-0005805,Case,CASE-061505,Email,2023-01-25
ACT-0005807,Case,CASE-000340,Phone Call,2023-01-25
ACT-0005810,Case,CASE-000355,Phone Call,2023-01-25
ACT-0005812,Case,CASE-000366,Phone Call,2023-01-25
ACT-0005813,Case,CASE-000366,Email,2023-01-25
ACT-0005816,Case,CASE-000383,Phone Call,2023-01-25
ACT-0005817,Case,CASE-000393,Phone Call,2023-01-25
ACT-0005821,Case,CASE-020662,Email,2023-01-25
ACT-0005823,Case,CASE-020665,Phone Call,2023-01-25
ACT-0005824,Case,CASE-020666,Phone Call,2023-01-25
ACT-0005826,Case,CASE-020667,Phone Call,2023-01-25
ACT-0005827,Case,CASE-020669,Phone Call,2023-01-25
ACT-0005829,Case,CASE-020672,Phone Call,2023-01-25
ACT-0005830,Case,CASE-020675,Phone Call,2023-01-25
ACT-0005831,Case,CASE-020678,Email,2023-01-25
ACT-0005833,Case,CASE-020679,Email,2023-01-25
ACT-0005835,Case,CASE-020683,Email,2023-01-25
ACT-0005842,Case,CASE-020697,Email,2023-01-25
ACT-0005843,Case,CASE-020697,Phone Call,2023-01-25
ACT-0005847,Case,CASE-020720,Email,2023-01-25
ACT-0005850,Case,CASE-020723,Phone Call,2023-01-25
ACT-0005852,Case,CASE-020724,Email,2023-01-25
ACT-0005853,Case,CASE-020724,Email,2023-01-25
ACT-0005854,Case,CASE-046575,Email,2023-01-25
ACT-0005855,Case,CASE-046575,Email,2023-01-25
ACT-0005859,Case,CASE-046620,Phone Call,2023-01-25
ACT-0005860,Case,CASE-046621,Email,2023-01-25
ACT-0005863,Case,CASE-053539,Phone Call,2023-01-25
ACT-0005866,Case,CASE-058539,Email,2023-01-25
ACT-0005867,Case,CASE-058539,Phone Call,2023-01-25
ACT-0005873,Case,CASE-058668,Phone Call,2023-01-25
ACT-0005876,Case,CASE-059826,Phone Call,2023-01-25
ACT-0005885,Case,CASE-063332,Email,2023-01-25
ACT-0005886,Case,CASE-063870,Phone Call,2023-01-25
ACT-0005887,Case,CASE-064140,Phone Call,2023-01-25
ACT-0005894,Case,CASE-000365,Phone Call,2023-01-25
ACT-0005897,Case,CASE-000368,Phone Call,2023-01-25
ACT-0005898,Case,CASE-000368,Email,2023-01-25
ACT-0005901,Case,CASE-000370,Phone Call,2023-01-25
ACT-0005909,Case,CASE-000381,Phone Call,2023-01-25
ACT-0005911,Case,CASE-000385,Email,2023-01-25
ACT-0005915,Case,CASE-000390,Phone Call,2023-01-25
ACT-0005919,Case,CASE-000398,Email,2023-01-25
ACT-0005929,Case,CASE-000419,Email,2023-01-25
ACT-0005931,Case,CASE-020687,Email,2023-01-25
ACT-0005933,Case,CASE-020689,Phone Call,2023-01-25
ACT-0005934,Case,CASE-020691,Phone Call,2023-01-25
ACT-0005944,Case,CASE-020702,Phone Call,2023-01-25
ACT-0005945,Case,CASE-020703,Email,2023-01-25
ACT-0005947,Case,CASE-020704,Phone Call,2023-01-25
ACT-0005948,Case,CASE-020707,Phone Call,2023-01-25
ACT-0005949,Case,CASE-020710,Phone Call,2023-01-25
ACT-0005951,Case,CASE-020713,Phone Call,2023-01-25
ACT-0005956,Case,CASE-020717,Email,2023-01-25
ACT-0005957,Case,CASE-020717,Phone Call,2023-01-25
ACT-0005962,Case,CASE-020726,Email,2023-01-25
ACT-0005963,Case,CASE-020727,Phone Call,2023-01-25
ACT-0005981,Case,CASE-053545,Phone Call,2023-01-25
ACT-0005983,Case,CASE-053551,Email,2023-01-25
ACT-0005984,Case,CASE-053553,Email,2023-01-25
ACT-0005986,Case,CASE-053554,Phone Call,2023-01-25
ACT-0005988,Case,CASE-058073,Phone Call,2023-01-25
ACT-0005992,Case,CASE-059054,Email,2023-01-25
ACT-0005993,Case,CASE-059054,Phone Call,2023-01-25
ACT-0005997,Case,CASE-061581,Phone Call,2023-01-25
ACT-0005998,Case,CASE-062016,Email,2023-01-25
ACT-0006002,Case,CASE-062858,Email,2023-01-25
ACT-0006004,Case,CASE-063833,Phone Call,2023-01-25
ACT-0006008,Case,CASE-064701,Phone Call,2023-01-25
ACT-0006009,Case,CASE-065558,Phone Call,2023-01-25
ACT-0000149,Lead,LEAD-00057,Task,2023-01-26
ACT-0000601,Lead,LEAD-00242,Task,2023-01-26
ACT-0000789,Lead,LEAD-00314,Phone Call,2023-01-26
ACT-0001012,Lead,LEAD-00412,Phone Call,2023-01-26
ACT-0005806,Case,CASE-000340,Email,2023-01-26
ACT-0005808,Case,CASE-000346,Phone Call,2023-01-26
ACT-0005809,Case,CASE-000346,Phone Call,2023-01-26
ACT-0005811,Case,CASE-000359,Phone Call,2023-01-26
ACT-0005814,Case,CASE-000371,Email,2023-01-26
ACT-0005818,Case,CASE-000397,Phone Call,2023-01-26
ACT-0005820,Case,CASE-020660,Phone Call,2023-01-26
ACT-0005832,Case,CASE-020679,Phone Call,2023-01-26
ACT-0005837,Case,CASE-020685,Phone Call,2023-01-26
ACT-0005838,Case,CASE-020686,Phone Call,2023-01-26
ACT-0005844,Case,CASE-020705,Email,2023-01-26
ACT-0005845,Case,CASE-020705,Phone Call,2023-01-26
ACT-0005856,Case,CASE-046599,Email,2023-01-26
ACT-0005861,Case,CASE-053536,Email,2023-01-26
ACT-0005862,Case,CASE-053536,Phone Call,2023-01-26
ACT-0005864,Case,CASE-053539,Phone Call,2023-01-26
ACT-0005865,Case,CASE-057194,Phone Call,2023-01-26
ACT-0005868,Case,CASE-058568,Email,2023-01-26
ACT-0005870,Case,CASE-058629,Phone Call,2023-01-26
ACT-0005871,Case,CASE-058629,Phone Call,2023-01-26
ACT-0005872,Case,CASE-058668,Email,2023-01-26
ACT-0005877,Case,CASE-060394,Email,2023-01-26
ACT-0005880,Case,CASE-060706,Email,2023-01-26
ACT-0005881,Case,CASE-060911,Phone Call,2023-01-26
ACT-0005882,Case,CASE-062072,Phone Call,2023-01-26
ACT-0005883,Case,CASE-062072,Phone Call,2023-01-26
ACT-0005884,Case,CASE-063332,Email,2023-01-26
ACT-0005888,Case,CASE-064140,Phone Call,2023-01-26
ACT-0005890,Case,CASE-065358,Email,2023-01-26
ACT-0005893,Case,CASE-000360,Phone Call,2023-01-26
ACT-0005895,Case,CASE-000367,Phone Call,2023-01-26
ACT-0005896,Case,CASE-000367,Email,2023-01-26
ACT-0005899,Case,CASE-000369,Phone Call,2023-01-26
ACT-0005900,Case,CASE-000369,Email,2023-01-26
ACT-0005903,Case,CASE-000372,Email,2023-01-26
ACT-0005904,Case,CASE-000372,Phone Call,2023-01-26
ACT-0005906,Case,CASE-000377,Email,2023-01-26
ACT-0005908,Case,CASE-000379,Phone Call,2023-01-26
ACT-0005910,Case,CASE-000381,Phone Call,2023-01-26
ACT-0005912,Case,CASE-000385,Phone Call,2023-01-26
ACT-0005913,Case,CASE-000386,Phone Call,2023-01-26
ACT-0005916,Case,CASE-000390,Phone Call,2023-01-26
ACT-0005917,Case,CASE-000391,Email,2023-01-26
ACT-0005924,Case,CASE-000415,Email,2023-01-26
ACT-0005928,Case,CASE-000419,Phone Call,2023-01-26
ACT-0005935,Case,CASE-020693,Email,2023-01-26
ACT-0005937,Case,CASE-020695,Phone Call,2023-01-26
ACT-0005941,Case,CASE-020698,Email,2023-01-26
ACT-0005943,Case,CASE-020702,Phone Call,2023-01-26
ACT-0005946,Case,CASE-020703,Phone Call,2023-01-26
ACT-0005950,Case,CASE-020712,Email,2023-01-26
ACT-0005952,Case,CASE-020714,Phone Call,2023-01-26
ACT-0005953,Case,CASE-020714,Phone Call,2023-01-26
ACT-0005959,Case,CASE-020721,Phone Call,2023-01-26
ACT-0005961,Case,CASE-020726,Email,2023-01-26
ACT-0005964,Case,CASE-020729,Phone Call,2023-01-26
ACT-0005966,Case,CASE-046578,Email,2023-01-26
ACT-0005967,Case,CASE-046579,Email,2023-01-26
ACT-0005971,Case,CASE-046595,Phone Call,2023-01-26
ACT-0005972,Case,CASE-046598,Phone Call,2023-01-26
ACT-0005973,Case,CASE-046598,Email,2023-01-26
ACT-0005974,Case,CASE-046635,Phone Call,2023-01-26
ACT-0005978,Case,CASE-053542,Phone Call,2023-01-26
ACT-0005980,Case,CASE-053545,Email,2023-01-26
ACT-0005985,Case,CASE-053553,Phone Call,2023-01-26
ACT-0005987,Case,CASE-057610,Email,2023-01-26
ACT-0005990,Case,CASE-058623,Phone Call,2023-01-26
ACT-0005991,Case,CASE-058623,Phone Call,2023-01-26
ACT-0005995,Case,CASE-060551,Phone Call,2023-01-26
ACT-0005996,Case,CASE-061581,Phone Call,2023-01-26
ACT-0005999,Case,CASE-062079,Phone Call,2023-01-26
ACT-0006001,Case,CASE-062389,Email,2023-01-26
ACT-0006005,Case,CASE-064245,Email,2023-01-26
ACT-0006006,Case,CASE-064431,Phone Call,2023-01-26
ACT-0006016,Case,CASE-000392,Email,2023-01-26
ACT-0006018,Case,CASE-000396,Phone Call,2023-01-26
ACT-0006019,Case,CASE-000409,Email,2023-01-26
ACT-0006023,Case,CASE-000411,Email,2023-01-26
ACT-0006024,Case,CASE-000413,Email,2023-01-26
ACT-0006025,Case,CASE-000417,Phone Call,2023-01-26
ACT-0006026,Case,CASE-000417,Email,2023-01-26
ACT-0006028,Case,CASE-000424,Phone Call,2023-01-26
ACT-0006035,Case,CASE-000442,Email,2023-01-26
ACT-0006037,Case,CASE-020706,Email,2023-01-26
ACT-0006044,Case,CASE-020725,Phone Call,2023-01-26
ACT-0006048,Case,CASE-020732,Email,2023-01-26
ACT-0006053,Case,CASE-020740,Email,2023-01-26
ACT-0006054,Case,CASE-020741,Email,2023-01-26
ACT-0006056,Case,CASE-020742,Email,2023-01-26
ACT-0006062,Case,CASE-020753,Email,2023-01-26
ACT-0006066,Case,CASE-020757,Phone Call,2023-01-26
ACT-0006070,Case,CASE-020766,Phone Call,2023-01-26
ACT-0006071,Case,CASE-020770,Phone Call,2023-01-26
ACT-0006072,Case,CASE-020772,Phone Call,2023-01-26
ACT-0006073,Case,CASE-046584,Phone Call,2023-01-26
ACT-0006078,Case,CASE-046612,Email,2023-01-26
ACT-0006081,Case,CASE-046626,Email,2023-01-26
ACT-0006084,Case,CASE-053547,Phone Call,2023-01-26
ACT-0006091,Case,CASE-053559,Email,2023-01-26
ACT-0006094,Case,CASE-053562,Phone Call,2023-01-26
ACT-0006095,Case,CASE-057518,Email,2023-01-26
ACT-0006098,Case,CASE-059005,Phone Call,2023-01-26
ACT-0006100,Case,CASE-060186,Phone Call,2023-01-26
ACT-0006101,Case,CASE-060275,Phone Call,2023-01-26
ACT-0006107,Case,CASE-061469,Phone Call,2023-01-26
ACT-0006110,Case,CASE-063819,Email,2023-01-26
ACT-0006111,Case,CASE-063819,Phone Call,2023-01-26
ACT-0006113,Case,CASE-064793,Phone Call,2023-01-26
ACT-0006116,Case,CASE-065668,Email,2023-01-26
ACT-0002821,Opportunity,OPP-00234,Phone Call,2023-01-27
ACT-0002857,Opportunity,OPP-00242,Email,2023-01-27
ACT-0003766,Opportunity,OPP-00469,Phone Call,2023-01-27
ACT-0005892,Case,CASE-000360,Email,2023-01-27
ACT-0005902,Case,CASE-000370,Phone Call,2023-01-27
ACT-0005905,Case,CASE-000377,Email,2023-01-27
ACT-0005907,Case,CASE-000379,Email,2023-01-27
ACT-0005914,Case,CASE-000387,Phone Call,2023-01-27
ACT-0005918,Case,CASE-000398,Phone Call,2023-01-27
ACT-0005920,Case,CASE-000408,Email,2023-01-27
ACT-0005921,Case,CASE-000408,Phone Call,2023-01-27
ACT-0005922,Case,CASE-000412,Phone Call,2023-01-27
ACT-0005923,Case,CASE-000414,Phone Call,2023-01-27
ACT-0005925,Case,CASE-000415,Email,2023-01-27
ACT-0005926,Case,CASE-000416,Phone Call,2023-01-27
ACT-0005927,Case,CASE-000416,Email,2023-01-27
ACT-0005930,Case,CASE-000420,Phone Call,2023-01-27
ACT-0005932,Case,CASE-020687,Email,2023-01-27
ACT-0005936,Case,CASE-020693,Phone Call,2023-01-27
ACT-0005938,Case,CASE-020695,Phone Call,2023-01-27
ACT-0005939,Case,CASE-020696,Email,2023-01-27
ACT-0005940,Case,CASE-020696,Email,2023-01-27
ACT-0005942,Case,CASE-020698,Email,2023-01-27
ACT-0005954,Case,CASE-020716,Email,2023-01-27
ACT-0005955,Case,CASE-020716,Phone Call,2023-01-27
ACT-0005958,Case,CASE-020719,Phone Call,2023-01-27
ACT-0005960,Case,CASE-020721,Phone Call,2023-01-27
ACT-0005965,Case,CASE-020743,Phone Call,2023-01-27
ACT-0005968,Case,CASE-046593,Email,2023-01-27
ACT-0005969,Case,CASE-046593,Email,2023-01-27
ACT-0005970,Case,CASE-046595,Phone Call,2023-01-27
ACT-0005975,Case,CASE-046635,Email,2023-01-27
ACT-0005976,Case,CASE-053541,Phone Call,2023-01-27
ACT-0005977,Case,CASE-053541,Email,2023-01-27
ACT-0005979,Case,CASE-053542,Email,2023-01-27
ACT-0005982,Case,CASE-053551,Phone Call,2023-01-27
ACT-0005989,Case,CASE-058073,Phone Call,2023-01-27
ACT-0005994,Case,CASE-060551,Email,2023-01-27
ACT-0006000,Case,CASE-062389,Phone Call,2023-01-27
ACT-0006003,Case,CASE-063833,Phone Call,2023-01-27
ACT-0006007,Case,CASE-064431,Phone Call,2023-01-27
ACT-0006010,Case,CASE-000380,Phone Call,2023-01-27
ACT-0006011,Case,CASE-000380,Email,2023-01-27
ACT-0006017,Case,CASE-000396,Email,2023-01-27
ACT-0006020,Case,CASE-000410,Phone Call,2023-01-27
ACT-0006021,Case,CASE-000410,Phone Call,2023-01-27
ACT-0006027,Case,CASE-000423,Phone Call,2023-01-27
ACT-0006029,Case,CASE-000425,Phone Call,2023-01-27
ACT-0006030,Case,CASE-000425,Email,2023-01-27
ACT-0006031,Case,CASE-000429,Email,2023-01-27
ACT-0006034,Case,CASE-000434,Phone Call,2023-01-27
ACT-0006036,Case,CASE-000442,Email,2023-01-27
ACT-0006038,Case,CASE-020706,Phone Call,2023-01-27
ACT-0006040,Case,CASE-020711,Phone Call,2023-01-27
ACT-0006041,Case,CASE-020715,Phone Call,2023-01-27
ACT-0006045,Case,CASE-020725,Email,2023-01-27
ACT-0006046,Case,CASE-020730,Email,2023-01-27
ACT-0006049,Case,CASE-020732,Email,2023-01-27
ACT-0006050,Case,CASE-020733,Phone Call,2023-01-27
ACT-0006059,Case,CASE-020748,Email,2023-01-27
ACT-0006060,Case,CASE-020748,Email,2023-01-27
ACT-0006061,Case,CASE-020753,Email,2023-01-27
ACT-0006064,Case,CASE-020754,Email,2023-01-27
ACT-0006065,Case,CASE-020755,Email,2023-01-27
ACT-0006067,Case,CASE-020758,Phone Call,2023-01-27
ACT-0006068,Case,CASE-020758,Email,2023-01-27
ACT-0006069,Case,CASE-020766,Email,2023-01-27
ACT-0006074,Case,CASE-046589,Email,2023-01-27
ACT-0006076,Case,CASE-046590,Email,2023-01-27
ACT-0006077,Case,CASE-046612,Phone Call,2023-01-27
ACT-0006079,Case,CASE-046625,Phone Call,2023-01-27
ACT-0006080,Case,CASE-046625,Phone Call,2023-01-27
ACT-0006082,Case,CASE-046641,Phone Call,2023-01-27
ACT-0006086,Case,CASE-053550,Email,2023-01-27
ACT-0006089,Case,CASE-053558,Email,2023-01-27
ACT-0006090,Case,CASE-053558,Email,2023-01-27
ACT-0006092,Case,CASE-053561,Phone Call,2023-01-27
ACT-0006093,Case,CASE-053561,Phone Call,2023-01-27
ACT-0006103,Case,CASE-060840,Phone Call,2023-01-27
ACT-0006104,Case,CASE-060861,Phone Call,2023-01-27
ACT-0006108,Case,CASE-061487,Email,2023-01-27
ACT-0006109,Case,CASE-063219,Email,2023-01-27
ACT-0006112,Case,CASE-064793,Email,2023-01-27
ACT-0006114,Case,CASE-065293,Email,2023-01-27
ACT-0006115,Case,CASE-065552,Email,2023-01-27
ACT-0006120,Case,CASE-000395,Phone Call,2023-01-27
ACT-0006121,Case,CASE-000395,Phone Call,2023-01-27
ACT-0006122,Case,CASE-000399,Email,2023-01-27
ACT-0006130,Case,CASE-000407,Email,2023-01-27
ACT-0006133,Case,CASE-000431,Phone Call,2023-01-27
ACT-0006135,Case,CASE-000433,Email,2023-01-27
ACT-0006140,Case,CASE-000443,Email,2023-01-27
ACT-0006141,Case,CASE-000452,Email,2023-01-27
ACT-0006146,Case,CASE-000463,Email,2023-01-27
ACT-0006150,Case,CASE-020735,Email,2023-01-27
ACT-0006153,Case,CASE-020737,Phone Call,2023-01-27
ACT-0006154,Case,CASE-020738,Phone Call,2023-01-27
ACT-0006155,Case,CASE-020739,Email,2023-01-27
ACT-0006159,Case,CASE-020759,Phone Call,2023-01-27
ACT-0006166,Case,CASE-020769,Phone Call,2023-01-27
ACT-0006173,Case,CASE-020783,Phone Call,2023-01-27
ACT-0006176,Case,CASE-020790,Email,2023-01-27
ACT-0006179,Case,CASE-020800,Email,2023-01-27
ACT-0006180,Case,CASE-020802,Phone Call,2023-01-27
ACT-0006182,Case,CASE-046596,Phone Call,2023-01-27
ACT-0006184,Case,CASE-046611,Email,2023-01-27
ACT-0006185,Case,CASE-046611,Phone Call,2023-01-27
ACT-0006186,Case,CASE-046615,Phone Call,2023-01-27
ACT-0006189,Case,CASE-046622,Phone Call,2023-01-27
ACT-0006194,Case,CASE-053548,Email,2023-01-27
ACT-0006200,Case,CASE-053556,Phone Call,2023-01-27
ACT-0006205,Case,CASE-053566,Phone Call,2023-01-27
ACT-0006206,Case,CASE-057157,Email,2023-01-27
ACT-0006211,Case,CASE-059505,Email,2023-01-27
ACT-0006212,Case,CASE-059869,Phone Call,2023-01-27
ACT-0006214,Case,CASE-060166,Email,2023-01-27
ACT-0006215,Case,CASE-060213,Phone Call,2023-01-27
ACT-0006217,Case,CASE-060792,Phone Call,2023-01-27
ACT-0006218,Case,CASE-061065,Email,2023-01-27
ACT-0006223,Case,CASE-065141,Phone Call,2023-01-27
ACT-0001606,Lead,LEAD-00644,Email,2023-01-28
ACT-0001913,Opportunity,OPP-00006,Email,2023-01-28
ACT-0002118,Opportunity,OPP-00059,Email,2023-01-28
ACT-0002819,Opportunity,OPP-00234,Phone Call,2023-01-28
ACT-0006012,Case,CASE-000382,Phone Call,2023-01-28
ACT-0006013,Case,CASE-000382,Phone Call,2023-01-28
ACT-0006014,Case,CASE-000389,Email,2023-01-28
ACT-0006015,Case,CASE-000392,Phone Call,2023-01-28
ACT-0006022,Case,CASE-000411,Email,2023-01-28
ACT-0006032,Case,CASE-000430,Phone Call,2023-01-28
ACT-0006033,Case,CASE-000430,Phone Call,2023-01-28
ACT-0006039,Case,CASE-020709,Phone Call,2023-01-28
ACT-0006042,Case,CASE-020715,Phone Call,2023-01-28
ACT-0006043,Case,CASE-020718,Phone Call,2023-01-28
ACT-0006047,Case,CASE-020731,Email,2023-01-28
ACT-0006051,Case,CASE-020733,Phone Call,2023-01-28
ACT-0006052,Case,CASE-020740,Phone Call,2023-01-28
ACT-0006055,Case,CASE-020742,Email,2023-01-28
ACT-0006057,Case,CASE-020747,Email,2023-01-28
ACT-0006058,Case,CASE-020747,Phone Call,2023-01-28
ACT-0006063,Case,CASE-020754,Phone Call,2023-01-28
ACT-0006075,Case,CASE-046589,Email,2023-01-28
ACT-0006083,Case,CASE-046641,Phone Call,2023-01-28
ACT-0006085,Case,CASE-053547,Email,2023-01-28
ACT-0006087,Case,CASE-053552,Phone Call,2023-01-28
ACT-0006088,Case,CASE-053552,Email,2023-01-28
ACT-0006096,Case,CASE-058515,Phone Call,2023-01-28
ACT-0006097,Case,CASE-058515,Email,2023-01-28
ACT-0006099,Case,CASE-059005,Phone Call,2023-01-28
ACT-0006102,Case,CASE-060275,Email,2023-01-28
ACT-0006105,Case,CASE-060861,Phone Call,2023-01-28
ACT-0006106,Case,CASE-061469,Email,2023-01-28
ACT-0006117,Case,CASE-065668,Phone Call,2023-01-28
ACT-0006118,Case,CASE-000394,Email,2023-01-28
ACT-0006124,Case,CASE-000401,Phone Call,2023-01-28
ACT-0006125,Case,CASE-000401,Phone Call,2023-01-28
ACT-0006126,Case,CASE-000402,Email,2023-01-28
ACT-0006127,Case,CASE-000402,Email,2023-01-28
ACT-0006129,Case,CASE-000406,Email,2023-01-28
ACT-0006132,Case,CASE-000431,Email,2023-01-28
ACT-0006136,Case,CASE-000437,Phone Call,2023-01-28
ACT-0006139,Case,CASE-000443,Email,2023-01-28
ACT-0006143,Case,CASE-000454,Phone Call,2023-01-28
ACT-0006147,Case,CASE-020728,Phone Call,2023-01-28
ACT-0006151,Case,CASE-020735,Email,2023-01-28
ACT-0006152,Case,CASE-020736,Email,2023-01-28
ACT-0006156,Case,CASE-020750,Email,2023-01-28
ACT-0006157,Case,CASE-020752,Phone Call,2023-01-28
ACT-0006160,Case,CASE-020759,Phone Call,2023-01-28
ACT-0006164,Case,CASE-020768,Phone Call,2023-01-28
ACT-0006167,Case,CASE-020771,Phone Call,2023-01-28
ACT-0006169,Case,CASE-020774,Email,2023-01-28
ACT-0006174,Case,CASE-020789,Phone Call,2023-01-28
ACT-0006175,Case,CASE-020789,Phone Call,2023-01-28
ACT-0006178,Case,CASE-020800,Phone Call,2023-01-28
ACT-0006181,Case,CASE-020802,Phone Call,2023-01-28
ACT-0006188,Case,CASE-046622,Phone Call,2023-01-28
ACT-0006191,Case,CASE-046634,Phone Call,2023-01-28
ACT-0006192,Case,CASE-046643,Phone Call,2023-01-28
ACT-0006193,Case,CASE-046643,Email,2023-01-28
ACT-0006197,Case,CASE-053549,Phone Call,2023-01-28
ACT-0006198,Case,CASE-053555,Email,2023-01-28
ACT-0006199,Case,CASE-053556,Email,2023-01-28
ACT-0006203,Case,CASE-053565,Phone Call,2023-01-28
ACT-0006204,Case,CASE-053566,Email,2023-01-28
ACT-0006209,Case,CASE-058693,Phone Call,2023-01-28
ACT-0006213,Case,CASE-059869,Phone Call,2023-01-28
ACT-0006216,Case,CASE-060792,Phone Call,2023-01-28
ACT-0006221,Case,CASE-064167,Email,2023-01-28
ACT-0006226,Case,CASE-000404,Email,2023-01-28
ACT-0006227,Case,CASE-000418,Email,2023-01-28
ACT-0006242,Case,CASE-000462,Email,2023-01-28
ACT-0006244,Case,CASE-000466,Email,2023-01-28
ACT-0006245,Case,CASE-000469,Email,2023-01-28
ACT-0006247,Case,CASE-000474,Phone Call,2023-01-28
ACT-0006248,Case,CASE-000480,Phone Call,2023-01-28
ACT-0006252,Case,CASE-000487,Phone Call,2023-01-28
ACT-0006253,Case,CASE-020744,Email,2023-01-28
ACT-0006254,Case,CASE-020744,Phone Call,2023-01-28
ACT-0006256,Case,CASE-020745,Phone Call,2023-01-28
ACT-0006258,Case,CASE-020746,Email,2023-01-28
ACT-0006263,Case,CASE-020756,Phone Call,2023-01-28
ACT-0006265,Case,CASE-020760,Email,2023-01-28
ACT-0006266,Case,CASE-020761,Email,2023-01-28
ACT-0006269,Case,CASE-020764,Phone Call,2023-01-28
ACT-0006270,Case,CASE-020767,Email,2023-01-28
ACT-0006274,Case,CASE-020777,Phone Call,2023-01-28
ACT-0006275,Case,CASE-020779,Email,2023-01-28
ACT-0006276,Case,CASE-020779,Phone Call,2023-01-28
ACT-0006280,Case,CASE-020784,Email,2023-01-28
ACT-0006281,Case,CASE-020785,Phone Call,2023-01-28
ACT-0006282,Case,CASE-020785,Phone Call,2023-01-28
ACT-0006284,Case,CASE-020786,Phone Call,2023-01-28
ACT-0006287,Case,CASE-020796,Phone Call,2023-01-28
ACT-0006291,Case,CASE-020801,Phone Call,2023-01-28
ACT-0006293,Case,CASE-020804,Email,2023-01-28
ACT-0006298,Case,CASE-020814,Phone Call,2023-01-28
ACT-0006300,Case,CASE-046609,Phone Call,2023-01-28
ACT-0006303,Case,CASE-046614,Email,2023-01-28
ACT-0006308,Case,CASE-046656,Email,2023-01-28
ACT-0006312,Case,CASE-053567,Phone Call,2023-01-28
ACT-0006314,Case,CASE-053570,Email,2023-01-28
ACT-0006319,Case,CASE-059815,Phone Call,2023-01-28
ACT-0006321,Case,CASE-060111,Email,2023-01-28
ACT-0006323,Case,CASE-060265,Email,2023-01-28
ACT-0006324,Case,CASE-060374,Email,2023-01-28
ACT-0006332,Case,CASE-065322,Phone Call,2023-01-28
ACT-0002860,Opportunity,OPP-00243,Task,2023-01-29
ACT-0003763,Opportunity,OPP-00469,Email,2023-01-29
ACT-0006119,Case,CASE-000394,Email,2023-01-29
ACT-0006123,Case,CASE-000399,Phone Call,2023-01-29
ACT-0006128,Case,CASE-000405,Phone Call,2023-01-29
ACT-0006131,Case,CASE-000426,Phone Call,2023-01-29
ACT-0006134,Case,CASE-000433,Email,2023-01-29
ACT-0006137,Case,CASE-000438,Email,2023-01-29
ACT-0006138,Case,CASE-000439,Phone Call,2023-01-29
ACT-0006142,Case,CASE-000452,Phone Call,2023-01-29
ACT-0006144,Case,CASE-000454,Phone Call,2023-01-29
ACT-0006145,Case,CASE-000463,Phone Call,2023-01-29
ACT-0006148,Case,CASE-020734,Phone Call,2023-01-29
ACT-0006149,Case,CASE-020734,Phone Call,2023-01-29
ACT-0006158,Case,CASE-020752,Email,2023-01-29
ACT-0006161,Case,CASE-020763,Phone Call,2023-01-29
ACT-0006162,Case,CASE-020763,Phone Call,2023-01-29
ACT-0006163,Case,CASE-020765,Phone Call,2023-01-29
ACT-0006165,Case,CASE-020769,Email,2023-01-29
ACT-0006168,Case,CASE-020773,Phone Call,2023-01-29
ACT-0006170,Case,CASE-020776,Email,2023-01-29
ACT-0006171,Case,CASE-020776,Phone Call,2023-01-29
ACT-0006172,Case,CASE-020782,Email,2023-01-29
ACT-0006177,Case,CASE-020792,Phone Call,2023-01-29
ACT-0006183,Case,CASE-046596,Phone Call,2023-01-29
ACT-0006187,Case,CASE-046615,Phone Call,2023-01-29
ACT-0006190,Case,CASE-046634,Email,2023-01-29
ACT-0006195,Case,CASE-053548,Phone Call,2023-01-29
ACT-0006196,Case,CASE-053549,Email,2023-01-29
ACT-0006201,Case,CASE-053557,Phone Call,2023-01-29
ACT-0006202,Case,CASE-053557,Email,2023-01-29
ACT-0006207,Case,CASE-057770,Phone Call,2023-01-29
ACT-0006208,Case,CASE-057770,Email,2023-01-29
ACT-0006210,Case,CASE-059376,Email,2023-01-29
ACT-0006219,Case,CASE-061765,Phone Call,2023-01-29
ACT-0006220,Case,CASE-061765,Email,2023-01-29
ACT-0006222,Case,CASE-065141,Email,2023-01-29
ACT-0006232,Case,CASE-000441,Phone Call,2023-01-29
ACT-0006238,Case,CASE-000453,Email,2023-01-29
ACT-0006239,Case,CASE-000456,Phone Call,2023-01-29
ACT-0006243,Case,CASE-000466,Email,2023-01-29
ACT-0006246,Case,CASE-000471,Phone Call,2023-01-29
ACT-0006251,Case,CASE-000486,Email,2023-01-29
ACT-0006255,Case,CASE-020745,Phone Call,2023-01-29
ACT-0006257,Case,CASE-020746,Phone Call,2023-01-29
ACT-0006262,Case,CASE-020751,Email,2023-01-29
ACT-0006264,Case,CASE-020756,Phone Call,2023-01-29
ACT-0006271,Case,CASE-020775,Phone Call,2023-01-29
ACT-0006272,Case,CASE-020775,Phone Call,2023-01-29
ACT-0006278,Case,CASE-020781,Phone Call,2023-01-29
ACT-0006283,Case,CASE-020786,Email,2023-01-29
ACT-0006286,Case,CASE-020795,Email,2023-01-29
ACT-0006288,Case,CASE-020796,Phone Call,2023-01-29
ACT-0006290,Case,CASE-020798,Phone Call,2023-01-29
ACT-0006296,Case,CASE-020813,Phone Call,2023-01-29
ACT-0006302,Case,CASE-046614,Email,2023-01-29
ACT-0006304,Case,CASE-046640,Phone Call,2023-01-29
ACT-0006306,Case,CASE-046645,Phone Call,2023-01-29
ACT-0006309,Case,CASE-046656,Email,2023-01-29
ACT-0006310,Case,CASE-053560,Phone Call,2023-01-29
ACT-0006311,Case,CASE-053563,Email,2023-01-29
ACT-0006315,Case,CASE-053570,Phone Call,2023-01-29
ACT-0006317,Case,CASE-053572,Email,2023-01-29
ACT-0006318,Case,CASE-053573,Email,2023-01-29
ACT-0006322,Case,CASE-060265,Phone Call,2023-01-29
ACT-0006325,Case,CASE-060374,Email,2023-01-29
ACT-0006326,Case,CASE-062124,Email,2023-01-29
ACT-0006329,Case,CASE-064046,Email,2023-01-29
ACT-0006331,Case,CASE-065117,Phone Call,2023-01-29
ACT-0006336,Case,CASE-000427,Phone Call,2023-01-29
ACT-0006337,Case,CASE-000427,Phone Call,2023-01-29
ACT-0006339,Case,CASE-000428,Phone Call,2023-01-29
ACT-0006340,Case,CASE-000435,Phone Call,2023-01-29
ACT-0006341,Case,CASE-000435,Phone Call,2023-01-29
ACT-0006343,Case,CASE-000440,Phone Call,2023-01-29
ACT-0006344,Case,CASE-000444,Phone Call,2023-01-29
ACT-0006345,Case,CASE-000445,Phone Call,2023-01-29
ACT-0006347,Case,CASE-000455,Phone Call,2023-01-29
ACT-0006348,Case,CASE-000465,Email,2023-01-29
ACT-0006349,Case,CASE-000465,Email,2023-01-29
ACT-0006353,Case,CASE-000472,Email,2023-01-29
ACT-0006356,Case,CASE-000489,Email,2023-01-29
ACT-0006360,Case,CASE-000500,Email,2023-01-29
ACT-0006361,Case,CASE-000500,Phone Call,2023-01-29
ACT-0006364,Case,CASE-020788,Email,2023-01-29
ACT-0006365,Case,CASE-020791,Phone Call,2023-01-29
ACT-0006370,Case,CASE-020794,Phone Call,2023-01-29
ACT-0006372,Case,CASE-020799,Phone Call,2023-01-29
ACT-0006378,Case,CASE-020811,Phone Call,2023-01-29
ACT-0006381,Case,CASE-020818,Phone Call,2023-01-29
ACT-0006382,Case,CASE-020818,Phone Call,2023-01-29
ACT-0006387,Case,CASE-020821,Email,2023-01-29
ACT-0006389,Case,CASE-020823,Email,2023-01-29
ACT-0006393,Case,CASE-020830,Email,2023-01-29
ACT-0006395,Case,CASE-020831,Phone Call,2023-01-29
ACT-0006401,Case,CASE-046623,Phone Call,2023-01-29
ACT-0006407,Case,CASE-053568,Email,2023-01-29
ACT-0006408,Case,CASE-053569,Email,2023-01-29
ACT-0006411,Case,CASE-057723,Phone Call,2023-01-29
ACT-0006414,Case,CASE-059167,Phone Call,2023-01-29
ACT-0006416,Case,CASE-061118,Email,2023-01-29
ACT-0006418,Case,CASE-061845,Phone Call,2023-01-29
ACT-0006419,Case,CASE-061845,Email,2023-01-29
ACT-0006422,Case,CASE-064943,Phone Call,2023-01-29
ACT-0006425,Case,CASE-065411,Phone Call,2023-01-29
ACT-0006224,Case,CASE-000403,Email,2023-01-30
ACT-0006225,Case,CASE-000403,Email,2023-01-30
ACT-0006228,Case,CASE-000422,Phone Call,2023-01-30
ACT-0006229,Case,CASE-000422,Email,2023-01-30
ACT-0006230,Case,CASE-000432,Email,2023-01-30
ACT-0006231,Case,CASE-000441,Email,2023-01-30
ACT-0006233,Case,CASE-000448,Phone Call,2023-01-30
ACT-0006234,Case,CASE-000448,Phone Call,2023-01-30
ACT-0006235,Case,CASE-000450,Email,2023-01-30
ACT-0006236,Case,CASE-000450,Email,2023-01-30
ACT-0006237,Case,CASE-000453,Phone Call,2023-01-30
ACT-0006240,Case,CASE-000459,Email,2023-01-30
ACT-0006241,Case,CASE-000460,Email,2023-01-30
ACT-0006249,Case,CASE-000481,Email,2023-01-30
ACT-0006250,Case,CASE-000486,Phone Call,2023-01-30
ACT-0006259,Case,CASE-020749,Phone Call,2023-01-30
ACT-0006260,Case,CASE-020749,Phone Call,2023-01-30
ACT-0006261,Case,CASE-020751,Phone Call,2023-01-30
ACT-0006267,Case,CASE-020762,Email,2023-01-30
ACT-0006268,Case,CASE-020762,Phone Call,2023-01-30
ACT-0006273,Case,CASE-020777,Phone Call,2023-01-30
ACT-0006277,Case,CASE-020781,Phone Call,2023-01-30
ACT-0006279,Case,CASE-020784,Email,2023-01-30
ACT-0006285,Case,CASE-020787,Phone Call,2023-01-30
ACT-0006289,Case,CASE-020797,Phone Call,2023-01-30
ACT-0006292,Case,CASE-020801,Email,2023-01-30
ACT-0006294,Case,CASE-020809,Email,2023-01-30
ACT-0006295,Case,CASE-020809,Email,2023-01-30
ACT-0006297,Case,CASE-020813,Phone Call,2023-01-30
ACT-0006299,Case,CASE-046597,Phone Call,2023-01-30
ACT-0006301,Case,CASE-046609,Phone Call,2023-01-30
ACT-0006305,Case,CASE-046640,Email,2023-01-30
ACT-0006307,Case,CASE-046648,Phone Call,2023-01-30
ACT-0006313,Case,CASE-053567,Email,2023-01-30
ACT-0006316,Case,CASE-053572,Phone Call,2023-01-30
ACT-0006320,Case,CASE-060111,Email,2023-01-30
ACT-0006327,Case,CASE-062124,Phone Call,2023-01-30
ACT-0006328,Case,CASE-064046,Phone Call,2023-01-30
ACT-0006330,Case,CASE-065117,Phone Call,2023-01-30
ACT-0006333,Case,CASE-065322,Email,2023-01-30
ACT-0006335,Case,CASE-000421,Email,2023-01-30
ACT-0006338,Case,CASE-000428,Email,2023-01-30
ACT-0006342,Case,CASE-000436,Phone Call,2023-01-30
ACT-0006346,Case,CASE-000445,Phone Call,2023-01-30
ACT-0006350,Case,CASE-000468,Phone Call,2023-01-30
ACT-0006351,Case,CASE-000470,Phone Call,2023-01-30
ACT-0006354,Case,CASE-000472,Email,2023-01-30
ACT-0006358,Case,CASE-000495,Email,2023-01-30
ACT-0006359,Case,CASE-000495,Email,2023-01-30
ACT-0006366,Case,CASE-020791,Phone Call,2023-01-30
ACT-0006367,Case,CASE-020793,Email,2023-01-30
ACT-0006368,Case,CASE-020793,Phone Call,2023-01-30
ACT-0006369,Case,CASE-020794,Phone Call,2023-01-30
ACT-0006373,Case,CASE-020803,Email,2023-01-30
ACT-0006375,Case,CASE-020807,Phone Call,2023-01-30
ACT-0006377,Case,CASE-020811,Email,2023-01-30
ACT-0006380,Case,CASE-020816,Email,2023-01-30
ACT-0006383,Case,CASE-020819,Email,2023-01-30
ACT-0006392,Case,CASE-020830,Phone Call,2023-01-30
ACT-0006394,Case,CASE-020831,Email,2023-01-30
ACT-0006397,Case,CASE-020837,Phone Call,2023-01-30
ACT-0006399,Case,CASE-046610,Phone Call,2023-01-30
ACT-0006402,Case,CASE-046631,Email,2023-01-30
ACT-0006404,Case,CASE-046633,Phone Call,2023-01-30
ACT-0006413,Case,CASE-057766,Phone Call,2023-01-30
ACT-0006417,Case,CASE-061747,Phone Call,2023-01-30
ACT-0006424,Case,CASE-065152,Email,2023-01-30
ACT-0006426,Case,CASE-065411,Email,2023-01-30
ACT-0006437,Case,CASE-000458,Phone Call,2023-01-30
ACT-0006441,Case,CASE-000467,Phone Call,2023-01-30
ACT-0006442,Case,CASE-000467,Phone Call,2023-01-30
ACT-0006443,Case,CASE-000475,Phone Call,2023-01-30
ACT-0006444,Case,CASE-000483,Email,2023-01-30
ACT-0006449,Case,CASE-000519,Phone Call,2023-01-30
ACT-0006452,Case,CASE-020810,Email,2023-01-30
ACT-0006457,Case,CASE-020817,Phone Call,2023-01-30
ACT-0006459,Case,CASE-020825,Phone Call,2023-01-30
ACT-0006460,Case,CASE-020825,Email,2023-01-30
ACT-0006462,Case,CASE-020829,Phone Call,2023-01-30
ACT-0006470,Case,CASE-020840,Phone Call,2023-01-30
ACT-0006473,Case,CASE-020844,Phone Call,2023-01-30
ACT-0006474,Case,CASE-020845,Phone Call,2023-01-30
ACT-0006485,Case,CASE-046630,Email,2023-01-30
ACT-0006487,Case,CASE-046637,Phone Call,2023-01-30
ACT-0006488,Case,CASE-046637,Email,2023-01-30
ACT-0006489,Case,CASE-046644,Phone Call,2023-01-30
ACT-0006490,Case,CASE-046660,Phone Call,2023-01-30
ACT-0006497,Case,CASE-057615,Phone Call,2023-01-30
ACT-0006500,Case,CASE-061190,Email,2023-01-30
ACT-0006501,Case,CASE-061190,Phone Call,2023-01-30
ACT-0006502,Case,CASE-062182,Phone Call,2023-01-30
ACT-0006503,Case,CASE-062837,Phone Call,2023-01-30
ACT-0006505,Case,CASE-063659,Email,2023-01-30
ACT-0006507,Case,CASE-063751,Phone Call,2023-01-30
ACT-0006512,Case,CASE-064677,Phone Call,2023-01-30
ACT-0006513,Case,CASE-065300,Email,2023-01-30
ACT-0001944,Opportunity,OPP-00014,Phone Call,2023-01-31
ACT-0006334,Case,CASE-000421,Email,2023-01-31
ACT-0006352,Case,CASE-000470,Phone Call,2023-01-31
ACT-0006355,Case,CASE-000489,Phone Call,2023-01-31
ACT-0006357,Case,CASE-000494,Phone Call,2023-01-31
ACT-0006362,Case,CASE-020778,Email,2023-01-31
ACT-0006363,Case,CASE-020780,Phone Call,2023-01-31
ACT-0006371,Case,CASE-020799,Email,2023-01-31
ACT-0006374,Case,CASE-020807,Email,2023-01-31
ACT-0006376,Case,CASE-020808,Phone Call,2023-01-31
ACT-0006379,Case,CASE-020816,Email,2023-01-31
ACT-0006384,Case,CASE-020819,Phone Call,2023-01-31
ACT-0006385,Case,CASE-020820,Phone Call,2023-01-31
ACT-0006386,Case,CASE-020820,Phone Call,2023-01-31
ACT-0006388,Case,CASE-020821,Phone Call,2023-01-31
ACT-0006390,Case,CASE-020828,Phone Call,2023-01-31
ACT-0006391,Case,CASE-020828,Email,2023-01-31
ACT-0006396,Case,CASE-020837,Phone Call,2023-01-31
ACT-0006398,Case,CASE-046610,Phone Call,2023-01-31
ACT-0006400,Case,CASE-046619,Phone Call,2023-01-31
ACT-0006403,Case,CASE-046633,Phone Call,2023-01-31
ACT-0006405,Case,CASE-046659,Phone Call,2023-01-31
ACT-0006406,Case,CASE-046659,Email,2023-01-31
ACT-0006409,Case,CASE-053569,Phone Call,2023-01-31
ACT-0006410,Case,CASE-053571,Phone Call,2023-01-31
ACT-0006412,Case,CASE-057766,Phone Call,2023-01-31
ACT-0006415,Case,CASE-059167,Phone Call,2023-01-31
ACT-0006420,Case,CASE-061917,Phone Call,2023-01-31
ACT-0006421,Case,CASE-062634,Phone Call,2023-01-31
ACT-0006423,Case,CASE-065152,Email,2023-01-31
ACT-0006427,Case,CASE-065478,Email,2023-01-31
ACT-0006428,Case,CASE-065478,Email,2023-01-31
ACT-0006429,Case,CASE-000446,Email,2023-01-31
ACT-0006433,Case,CASE-000449,Email,2023-01-31
ACT-0006436,Case,CASE-000457,Phone Call,2023-01-31
ACT-0006448,Case,CASE-000501,Phone Call,2023-01-31
ACT-0006450,Case,CASE-020805,Phone Call,2023-01-31
ACT-0006451,Case,CASE-020806,Phone Call,2023-01-31
ACT-0006453,Case,CASE-020810,Email,2023-01-31
ACT-0006454,Case,CASE-020812,Email,2023-01-31
ACT-0006455,Case,CASE-020812,Phone Call,2023-01-31
ACT-0006458,Case,CASE-020817,Email,2023-01-31
ACT-0006463,Case,CASE-020833,Email,2023-01-31
ACT-0006464,Case,CASE-020835,Email,2023-01-31
ACT-0006465,Case,CASE-020835,Email,2023-01-31
ACT-0006466,Case,CASE-020836,Phone Call,2023-01-31
ACT-0006467,Case,CASE-020836,Phone Call,2023-01-31
ACT-0006468,Case,CASE-020838,Phone Call,2023-01-31
ACT-0006469,Case,CASE-020838,Email,2023-01-31
ACT-0006471,Case,CASE-020840,Phone Call,2023-01-31
ACT-0006478,Case,CASE-020849,Phone Call,2023-01-31
ACT-0006480,Case,CASE-020854,Email,2023-01-31
ACT-0006481,Case,CASE-046618,Phone Call,2023-01-31
ACT-0006483,Case,CASE-046629,Phone Call,2023-01-31
ACT-0006484,Case,CASE-046629,Phone Call,2023-01-31
ACT-0006486,Case,CASE-046630,Email,2023-01-31
ACT-0006491,Case,CASE-053564,Email,2023-01-31
ACT-0006492,Case,CASE-053564,Phone Call,2023-01-31
ACT-0006494,Case,CASE-053576,Phone Call,2023-01-31
ACT-0006510,Case,CASE-064192,Phone Call,2023-01-31
ACT-0006517,Case,CASE-000473,Phone Call,2023-01-31
ACT-0006522,Case,CASE-000479,Phone Call,2023-01-31
ACT-0006523,Case,CASE-000479,Email,2023-01-31
ACT-0006524,Case,CASE-000482,Phone Call,2023-01-31
ACT-0006526,Case,CASE-000484,Email,2023-01-31
ACT-0006528,Case,CASE-000496,Email,2023-01-31
ACT-0006532,Case,CASE-000499,Phone Call,2023-01-31
ACT-0006541,Case,CASE-000513,Email,2023-01-31
ACT-0006543,Case,CASE-000515,Email,2023-01-31
ACT-0006545,Case,CASE-000520,Phone Call,2023-01-31
ACT-0006546,Case,CASE-000521,Phone Call,2023-01-31
ACT-0006548,Case,CASE-000522,Phone Call,2023-01-31
ACT-0006550,Case,CASE-000524,Email,2023-01-31
ACT-0006556,Case,CASE-020822,Email,2023-01-31
ACT-0006562,Case,CASE-020827,Phone Call,2023-01-31
ACT-0006565,Case,CASE-020839,Phone Call,2023-01-31
ACT-0006566,Case,CASE-020841,Phone Call,2023-01-31
ACT-0006567,Case,CASE-020841,Email,2023-01-31
ACT-0006569,Case,CASE-020852,Email,2023-01-31
ACT-0006572,Case,CASE-020853,Email,2023-01-31
ACT-0006575,Case,CASE-020858,Email,2023-01-31
ACT-0006577,Case,CASE-020861,Email,2023-01-31
ACT-0006578,Case,CASE-020862,Email,2023-01-31
ACT-0006584,Case,CASE-046632,Phone Call,2023-01-31
ACT-0006590,Case,CASE-046670,Phone Call,2023-01-31
ACT-0006591,Case,CASE-046670,Phone Call,2023-01-31
ACT-0006592,Case,CASE-053575,Email,2023-01-31
ACT-0006599,Case,CASE-053584,Email,2023-01-31
ACT-0006600,Case,CASE-058981,Phone Call,2023-01-31
ACT-0006601,Case,CASE-058981,Email,2023-01-31
ACT-0006602,Case,CASE-059407,Email,2023-01-31
ACT-0006603,Case,CASE-059407,Phone Call,2023-01-31
ACT-0006607,Case,CASE-063019,Email,2023-01-31
ACT-0000790,Lead,LEAD-00314,Task,2023-02-01
ACT-0000791,Lead,LEAD-00314,Meeting,2023-02-01
ACT-0002822,Opportunity,OPP-00234,Meeting,2023-02-01
ACT-0002824,Opportunity,OPP-00234,Email,2023-02-01
ACT-0006430,Case,CASE-000446,Phone Call,2023-02-01
ACT-0006431,Case,CASE-000447,Phone Call,2023-02-01
ACT-0006432,Case,CASE-000447,Phone Call,2023-02-01
ACT-0006434,Case,CASE-000451,Phone Call,2023-02-01
ACT-0006435,Case,CASE-000457,Phone Call,2023-02-01
ACT-0006438,Case,CASE-000458,Phone Call,2023-02-01
ACT-0006439,Case,CASE-000461,Phone Call,2023-02-01
ACT-0006440,Case,CASE-000461,Email,2023-02-01
ACT-0006445,Case,CASE-000485,Email,2023-02-01
ACT-0006446,Case,CASE-000488,Phone Call,2023-02-01
ACT-0006447,Case,CASE-000501,Phone Call,2023-02-01
ACT-0006456,Case,CASE-020815,Email,2023-02-01
ACT-0006461,Case,CASE-020829,Email,2023-02-01
ACT-0006472,Case,CASE-020843,Phone Call,2023-02-01
ACT-0006475,Case,CASE-020845,Phone Call,2023-02-01
ACT-0006476,Case,CASE-020846,Phone Call,2023-02-01
ACT-0006477,Case,CASE-020849,Phone Call,2023-02-01
ACT-0006479,Case,CASE-020851,Email,2023-02-01
ACT-0006482,Case,CASE-046627,Phone Call,2023-02-01
ACT-0006493,Case,CASE-053574,Email,2023-02-01
ACT-0006495,Case,CASE-053576,Phone Call,2023-02-01
ACT-0006496,Case,CASE-057277,Email,2023-02-01
ACT-0006498,Case,CASE-057615,Phone Call,2023-02-01
ACT-0006499,Case,CASE-057792,Phone Call,2023-02-01
ACT-0006504,Case,CASE-062837,Phone Call,2023-02-01
ACT-0006506,Case,CASE-063751,Phone Call,2023-02-01
ACT-0006508,Case,CASE-064125,Email,2023-02-01
ACT-0006509,Case,CASE-064192,Phone Call,2023-02-01
ACT-0006511,Case,CASE-064413,Email,2023-02-01
ACT-0006514,Case,CASE-065300,Phone Call,2023-02-01
ACT-0006519,Case,CASE-000476,Email,2023-02-01
ACT-0006520,Case,CASE-000477,Email,2023-02-01
ACT-0006521,Case,CASE-000478,Phone Call,2023-02-01
ACT-0006525,Case,CASE-000482,Email,2023-02-01
ACT-0006531,Case,CASE-000499,Email,2023-02-01
ACT-0006533,Case,CASE-000503,Phone Call,2023-02-01
ACT-0006539,Case,CASE-000510,Email,2023-02-01
ACT-0006551,Case,CASE-000525,Email,2023-02-01
ACT-0006553,Case,CASE-000527,Email,2023-02-01
ACT-0006554,Case,CASE-000529,Phone Call,2023-02-01
ACT-0006557,Case,CASE-020824,Phone Call,2023-02-01
ACT-0006558,Case,CASE-020824,Phone Call,2023-02-01
ACT-0006559,Case,CASE-020826,Phone Call,2023-02-01
ACT-0006560,Case,CASE-020826,Phone Call,2023-02-01
ACT-0006561,Case,CASE-020827,Email,2023-02-01
ACT-0006568,Case,CASE-020847,Email,2023-02-01
ACT-0006570,Case,CASE-020852,Phone Call,2023-02-01
ACT-0006571,Case,CASE-020853,Phone Call,2023-02-01
ACT-0006573,Case,CASE-020857,Email,2023-02-01
ACT-0006574,Case,CASE-020858,Phone Call,2023-02-01
ACT-0006582,Case,CASE-020867,Phone Call,2023-02-01
ACT-0006587,Case,CASE-046649,Email,2023-02-01
ACT-0006588,Case,CASE-046655,Phone Call,2023-02-01
ACT-0006593,Case,CASE-053577,Email,2023-02-01
ACT-0006596,Case,CASE-053581,Email,2023-02-01
ACT-0006597,Case,CASE-053583,Phone Call,2023-02-01
ACT-0006605,Case,CASE-060660,Email,2023-02-01
ACT-0006606,Case,CASE-060660,Phone Call,2023-02-01
ACT-0006608,Case,CASE-063019,Phone Call,2023-02-01
ACT-0006609,Case,CASE-063851,Phone Call,2023-02-01
ACT-0006610,Case,CASE-064518,Email,2023-02-01
ACT-0006614,Case,CASE-065590,Email,2023-02-01
ACT-0006623,Case,CASE-000502,Phone Call,2023-02-01
ACT-0006624,Case,CASE-000502,Phone Call,2023-02-01
ACT-0006625,Case,CASE-000506,Email,2023-02-01
ACT-0006628,Case,CASE-000511,Phone Call,2023-02-01
ACT-0006629,Case,CASE-000512,Phone Call,2023-02-01
ACT-0006636,Case,CASE-000534,Email,2023-02-01
ACT-0006639,Case,CASE-000538,Email,2023-02-01
ACT-0006647,Case,CASE-020842,Email,2023-02-01
ACT-0006649,Case,CASE-020848,Email,2023-02-01
ACT-0006653,Case,CASE-020859,Email,2023-02-01
ACT-0006654,Case,CASE-020860,Phone Call,2023-02-01
ACT-0006656,Case,CASE-020868,Email,2023-02-01
ACT-0006657,Case,CASE-020869,Email,2023-02-01
ACT-0006658,Case,CASE-020869,Phone Call,2023-02-01
ACT-0006663,Case,CASE-020883,Email,2023-02-01
ACT-0006664,Case,CASE-020888,Email,2023-02-01
ACT-0006666,Case,CASE-046628,Phone Call,2023-02-01
ACT-0006668,Case,CASE-046638,Phone Call,2023-02-01
ACT-0006669,Case,CASE-046638,Email,2023-02-01
ACT-0006670,Case,CASE-046647,Email,2023-02-01
ACT-0006673,Case,CASE-046651,Phone Call,2023-02-01
ACT-0006680,Case,CASE-053580,Phone Call,2023-02-01
ACT-0006684,Case,CASE-059842,Email,2023-02-01
ACT-0006686,Case,CASE-060809,Email,2023-02-01
ACT-0003109,Opportunity,OPP-00302,Phone Call,2023-02-02
ACT-0006515,Case,CASE-000464,Phone Call,2023-02-02
ACT-0006516,Case,CASE-000464,Email,2023-02-02
ACT-0006518,Case,CASE-000473,Email,2023-02-02
ACT-0006527,Case,CASE-000484,Email,2023-02-02
ACT-0006529,Case,CASE-000498,Email,2023-02-02
ACT-0006530,Case,CASE-000498,Phone Call,2023-02-02
ACT-0006534,Case,CASE-000503,Email,2023-02-02
ACT-0006535,Case,CASE-000504,Email,2023-02-02
ACT-0006536,Case,CASE-000504,Email,2023-02-02
ACT-0006537,Case,CASE-000508,Email,2023-02-02
ACT-0006538,Case,CASE-000510,Phone Call,2023-02-02
ACT-0006540,Case,CASE-000513,Phone Call,2023-02-02
ACT-0006542,Case,CASE-000514,Email,2023-02-02
ACT-0006544,Case,CASE-000516,Email,2023-02-02
ACT-0006547,Case,CASE-000521,Email,2023-02-02
ACT-0006549,Case,CASE-000523,Phone Call,2023-02-02
ACT-0006552,Case,CASE-000527,Phone Call,2023-02-02
ACT-0006555,Case,CASE-000529,Email,2023-02-02
ACT-0006563,Case,CASE-020832,Phone Call,2023-02-02
ACT-0006564,Case,CASE-020834,Phone Call,2023-02-02
ACT-0006576,Case,CASE-020861,Phone Call,2023-02-02
ACT-0006579,Case,CASE-020863,Email,2023-02-02
ACT-0006580,Case,CASE-020865,Phone Call,2023-02-02
ACT-0006581,Case,CASE-020866,Phone Call,2023-02-02
ACT-0006583,Case,CASE-020867,Phone Call,2023-02-02
ACT-0006585,Case,CASE-046632,Phone Call,2023-02-02
ACT-0006586,Case,CASE-046636,Phone Call,2023-02-02
ACT-0006589,Case,CASE-046662,Phone Call,2023-02-02
ACT-0006594,Case,CASE-053579,Email,2023-02-02
ACT-0006595,Case,CASE-053581,Email,2023-02-02
ACT-0006598,Case,CASE-053583,Phone Call,2023-02-02
ACT-0006604,Case,CASE-059585,Phone Call,2023-02-02
ACT-0006611,Case,CASE-065257,Email,2023-02-02
ACT-0006612,Case,CASE-065442,Email,2023-02-02
ACT-0006613,Case,CASE-065442,Phone Call,2023-02-02
ACT-0006615,Case,CASE-000490,Phone Call,2023-02-02
ACT-0006616,Case,CASE-000491,Email,2023-02-02
ACT-0006620,Case,CASE-000493,Phone Call,2023-02-02
ACT-0006622,Case,CASE-000497,Phone Call,2023-02-02
ACT-0006637,Case,CASE-000536,Phone Call,2023-02-02
ACT-0006641,Case,CASE-000548,Phone Call,2023-02-02
ACT-0006643,Case,CASE-000550,Phone Call,2023-02-02
ACT-0006644,Case,CASE-000553,Phone Call,2023-02-02
ACT-0006651,Case,CASE-020855,Email,2023-02-02
ACT-0006652,Case,CASE-020855,Phone Call,2023-02-02
ACT-0006661,Case,CASE-020882,Email,2023-02-02
ACT-0006665,Case,CASE-046624,Phone Call,2023-02-02
ACT-0006671,Case,CASE-046647,Phone Call,2023-02-02
ACT-0006672,Case,CASE-046650,Email,2023-02-02
ACT-0006674,Case,CASE-046653,Phone Call,2023-02-02
ACT-0006675,Case,CASE-046653,Phone Call,2023-02-02
ACT-0006677,Case,CASE-046665,Phone Call,2023-02-02
ACT-0006678,Case,CASE-046668,Email,2023-02-02
ACT-0006681,Case,CASE-057204,Phone Call,2023-02-02
ACT-0006683,Case,CASE-057465,Phone Call,2023-02-02
ACT-0006685,Case,CASE-060462,Email,2023-02-02
ACT-0006688,Case,CASE-063146,Email,2023-02-02
ACT-0006689,Case,CASE-063146,Phone Call,2023-02-02
ACT-0006690,Case,CASE-063420,Email,2023-02-02
ACT-0006695,Case,CASE-064707,Phone Call,2023-02-02
ACT-0006697,Case,CASE-000509,Phone Call,2023-02-02
ACT-0006702,Case,CASE-000532,Phone Call,2023-02-02
ACT-0006705,Case,CASE-000541,Phone Call,2023-02-02
ACT-0006706,Case,CASE-000542,Email,2023-02-02
ACT-0006709,Case,CASE-000554,Email,2023-02-02
ACT-0006712,Case,CASE-000565,Email,2023-02-02
ACT-0006714,Case,CASE-000569,Phone Call,2023-02-02
ACT-0006720,Case,CASE-020874,Email,2023-02-02
ACT-0006726,Case,CASE-020886,Phone Call,2023-02-02
ACT-0006734,Case,CASE-020894,Phone Call,2023-02-02
ACT-0006739,Case,CASE-020907,Phone Call,2023-02-02
ACT-0006740,Case,CASE-020907,Phone Call,2023-02-02
ACT-0006741,Case,CASE-046642,Email,2023-02-02
ACT-0006743,Case,CASE-046646,Phone Call,2023-02-02
ACT-0006744,Case,CASE-046674,Email,2023-02-02
ACT-0006746,Case,CASE-046678,Phone Call,2023-02-02
ACT-0006753,Case,CASE-053586,Phone Call,2023-02-02
ACT-0006763,Case,CASE-057559,Email,2023-02-02
ACT-0006767,Case,CASE-058719,Phone Call,2023-02-02
ACT-0006771,Case,CASE-065129,Email,2023-02-02
ACT-0006772,Case,CASE-065129,Email,2023-02-02
ACT-0001207,Lead,LEAD-00488,Email,2023-02-03
ACT-0006617,Case,CASE-000491,Email,2023-02-03
ACT-0006618,Case,CASE-000492,Email,2023-02-03
ACT-0006619,Case,CASE-000492,Email,2023-02-03
ACT-0006621,Case,CASE-000497,Email,2023-02-03
ACT-0006626,Case,CASE-000507,Email,2023-02-03
ACT-0006627,Case,CASE-000507,Email,2023-02-03
ACT-0006630,Case,CASE-000518,Phone Call,2023-02-03
ACT-0006631,Case,CASE-000518,Phone Call,2023-02-03
ACT-0006632,Case,CASE-000528,Email,2023-02-03
ACT-0006633,Case,CASE-000528,Phone Call,2023-02-03
ACT-0006634,Case,CASE-000533,Phone Call,2023-02-03
ACT-0006635,Case,CASE-000533,Email,2023-02-03
ACT-0006638,Case,CASE-000536,Phone Call,2023-02-03
ACT-0006640,Case,CASE-000538,Email,2023-02-03
ACT-0006642,Case,CASE-000548,Phone Call,2023-02-03
ACT-0006645,Case,CASE-000553,Phone Call,2023-02-03
ACT-0006646,Case,CASE-020842,Email,2023-02-03
ACT-0006648,Case,CASE-020848,Phone Call,2023-02-03
ACT-0006650,Case,CASE-020850,Phone Call,2023-02-03
ACT-0006655,Case,CASE-020864,Email,2023-02-03
ACT-0006659,Case,CASE-020875,Email,2023-02-03
ACT-0006660,Case,CASE-020877,Phone Call,2023-02-03
ACT-0006662,Case,CASE-020883,Email,2023-02-03
ACT-0006667,Case,CASE-046628,Email,2023-02-03
ACT-0006676,Case,CASE-046664,Email,2023-02-03
ACT-0006679,Case,CASE-046668,Email,2023-02-03
ACT-0006682,Case,CASE-057204,Phone Call,2023-02-03
ACT-0006687,Case,CASE-062433,Phone Call,2023-02-03
ACT-0006691,Case,CASE-063420,Phone Call,2023-02-03
ACT-0006692,Case,CASE-063565,Phone Call,2023-02-03
ACT-0006693,Case,CASE-063580,Phone Call,2023-02-03
ACT-0006694,Case,CASE-063580,Email,2023-02-03
ACT-0006696,Case,CASE-000505,Email,2023-02-03
ACT-0006698,Case,CASE-000509,Phone Call,2023-02-03
ACT-0006703,Case,CASE-000539,Email,2023-02-03
ACT-0006711,Case,CASE-000564,Phone Call,2023-02-03
ACT-0006713,Case,CASE-000565,Email,2023-02-03
ACT-0006715,Case,CASE-020856,Phone Call,2023-02-03
ACT-0006717,Case,CASE-020871,Email,2023-02-03
ACT-0006725,Case,CASE-020884,Phone Call,2023-02-03
ACT-0006727,Case,CASE-020886,Phone Call,2023-02-03
ACT-0006729,Case,CASE-020890,Email,2023-02-03
ACT-0006730,Case,CASE-020891,Email,2023-02-03
ACT-0006731,Case,CASE-020891,Phone Call,2023-02-03
ACT-0006733,Case,CASE-020892,Phone Call,2023-02-03
ACT-0006736,Case,CASE-020898,Email,2023-02-03
ACT-0006737,Case,CASE-020906,Phone Call,2023-02-03
ACT-0006742,Case,CASE-046646,Phone Call,2023-02-03
ACT-0006745,Case,CASE-046674,Phone Call,2023-02-03
ACT-0006749,Case,CASE-053578,Phone Call,2023-02-03
ACT-0006750,Case,CASE-053582,Email,2023-02-03
ACT-0006755,Case,CASE-053588,Phone Call,2023-02-03
ACT-0006756,Case,CASE-053588,Phone Call,2023-02-03
ACT-0006757,Case,CASE-053591,Phone Call,2023-02-03
ACT-0006758,Case,CASE-053594,Phone Call,2023-02-03
ACT-0006762,Case,CASE-057559,Phone Call,2023-02-03
ACT-0006764,Case,CASE-057816,Email,2023-02-03
ACT-0006766,Case,CASE-058057,Email,2023-02-03
ACT-0006781,Case,CASE-000547,Email,2023-02-03
ACT-0006783,Case,CASE-000557,Email,2023-02-03
ACT-0006786,Case,CASE-000560,Phone Call,2023-02-03
ACT-0006788,Case,CASE-000563,Email,2023-02-03
ACT-0006790,Case,CASE-000567,Phone Call,2023-02-03
ACT-0006796,Case,CASE-000576,Email,2023-02-03
ACT-0006798,Case,CASE-000585,Phone Call,2023-02-03
ACT-0006799,Case,CASE-020870,Phone Call,2023-02-03
ACT-0006805,Case,CASE-020878,Email,2023-02-03
ACT-0006807,Case,CASE-020881,Email,2023-02-03
ACT-0006808,Case,CASE-020885,Phone Call,2023-02-03
ACT-0006809,Case,CASE-020885,Phone Call,2023-02-03
ACT-0006818,Case,CASE-020912,Phone Call,2023-02-03
ACT-0006819,Case,CASE-020912,Phone Call,2023-02-03
ACT-0006821,Case,CASE-020915,Phone Call,2023-02-03
ACT-0006824,Case,CASE-020916,Email,2023-02-03
ACT-0006829,Case,CASE-020924,Phone Call,2023-02-03
ACT-0006834,Case,CASE-046682,Phone Call,2023-02-03
ACT-0006835,Case,CASE-046686,Email,2023-02-03
ACT-0006838,Case,CASE-053592,Phone Call,2023-02-03
ACT-0006841,Case,CASE-057540,Phone Call,2023-02-03
ACT-0006842,Case,CASE-058271,Email,2023-02-03
ACT-0006843,Case,CASE-058271,Phone Call,2023-02-03
ACT-0006850,Case,CASE-064279,Phone Call,2023-02-03
ACT-0006851,Case,CASE-064625,Email,2023-02-03
ACT-0001898,Opportunity,OPP-00002,Phone Call,2023-02-04
ACT-0002854,Opportunity,OPP-00242,Phone Call,2023-02-04
ACT-0003286,Opportunity,OPP-00348,Email,2023-02-04
ACT-0003725,Opportunity,OPP-00458,Task,2023-02-04
ACT-0006699,Case,CASE-000517,Email,2023-02-04
ACT-0006700,Case,CASE-000530,Email,2023-02-04
ACT-0006701,Case,CASE-000532,Email,2023-02-04
ACT-0006704,Case,CASE-000540,Phone Call,2023-02-04
ACT-0006707,Case,CASE-000545,Phone Call,2023-02-04
ACT-0006708,Case,CASE-000552,Email,2023-02-04
ACT-0006710,Case,CASE-000562,Phone Call,2023-02-04
ACT-0006716,Case,CASE-020856,Email,2023-02-04
ACT-0006718,Case,CASE-020872,Phone Call,2023-02-04
ACT-0006719,Case,CASE-020872,Email,2023-02-04
ACT-0006721,Case,CASE-020879,Phone Call,2023-02-04
