order_id,order_date,customer_id,customer_region,product_id,category,seller_id,warehouse_id,quantity,order_amount_usd,payment_method,delivery_days,on_time_delivery,is_returned
ORD-0000001,2023-01-01,CUST-016003,South,PRD-0111,Grocery & Gourmet,ACC-0227,WH-03,1,48.04,Online Payment,2.9,True,False
ORD-0000002,2023-01-01,CUST-002483,South,PRD-0127,Home & Kitchen,ACC-0223,WH-03,1,113.98,Cash on Delivery,3.2,True,False
ORD-0000003,2023-01-01,CUST-019880,East,PRD-0029,Home Appliances,ACC-0079,WH-04,1,248.48,Online Payment,3.2,True,False
ORD-0000004,2023-01-01,CUST-016509,Central,PRD-0139,Sports & Outdoor,ACC-0175,WH-01,1,78.53,Online Payment,2.0,True,False
ORD-0000005,2023-01-01,CUST-011164,West,PRD-0148,Sports & Outdoor,ACC-0027,WH-05,1,135.55,Cash on Delivery,4.3,False,False
ORD-0000006,2023-01-01,CUST-024125,North,PRD-0052,Beauty & Health,ACC-0223,WH-02,1,50.83,Online Payment,3.2,True,False
ORD-0000007,2023-01-01,CUST-028794,South,PRD-0078,Books & Media,ACC-0208,WH-03,1,17.88,Online Payment,3.3,True,False
ORD-0000008,2023-01-01,CUST-019266,North,PRD-0061,Beauty & Health,ACC-0179,WH-02,1,13.15,Online Payment,3.6,True,False
ORD-0000009,2023-01-01,CUST-013399,East,PRD-0008,Mobile & Tablet,ACC-0079,WH-04,1,220.44,Online Payment,3.4,True,False
ORD-0000010,2023-01-01,CUST-030763,Central,PRD-0081,Books & Media,ACC-0207,WH-01,1,11.07,Online Payment,2.8,True,False
ORD-0000011,2023-01-01,CUST-016561,West,PRD-0117,Grocery & Gourmet,ACC-0013,WH-05,1,24.86,Online Payment,3.5,True,True
ORD-0000012,2023-01-01,CUST-029716,North,PRD-0081,Books & Media,ACC-0142,WH-02,1,11.07,Cash on Delivery,4.4,False,False
ORD-0000013,2023-01-01,CUST-005101,Central,PRD-0086,Digital Goods,ACC-0096,WH-01,1,24.99,Online Payment,2.3,True,False
ORD-0000014,2023-01-01,CUST-019210,West,PRD-0040,Fashion & Apparel,ACC-0133,WH-05,1,35.59,Online Payment,3.5,True,True
ORD-0000015,2023-01-01,CUST-022367,South,PRD-0113,Grocery & Gourmet,ACC-0087,WH-03,1,17.01,Cash on Delivery,3.3,True,False
ORD-0000016,2023-01-01,CUST-016365,South,PRD-0111,Grocery & Gourmet,ACC-0018,WH-03,1,48.04,Cash on Delivery,3.1,True,False
ORD-0000017,2023-01-01,CUST-013607,West,PRD-0131,Home & Kitchen,ACC-0186,WH-05,1,102.11,Wallet Credit,4.4,False,False
ORD-0000018,2023-01-01,CUST-020383,South,PRD-0055,Beauty & Health,ACC-0232,WH-03,1,61.54,Online Payment,3.3,True,False
ORD-0000019,2023-01-01,CUST-006148,Central,PRD-0125,Home & Kitchen,ACC-0163,WH-01,1,108.61,Online Payment,2.0,True,False
ORD-0000020,2023-01-01,CUST-011281,North,PRD-0116,Grocery & Gourmet,ACC-0141,WH-02,1,39.14,Online Payment,2.5,True,False
ORD-0000021,2023-01-01,CUST-010652,North,PRD-0112,Grocery & Gourmet,ACC-0159,WH-02,3,40.68,Cash on Delivery,3.1,True,False
ORD-0000022,2023-01-01,CUST-001807,West,PRD-0144,Sports & Outdoor,ACC-0235,WH-05,2,145.36,Online Payment,3.3,True,False
ORD-0000023,2023-01-01,CUST-018959,West,PRD-0136,Home & Kitchen,ACC-0012,WH-01,2,80.26,Online Payment,2.0,True,False
ORD-0000024,2023-01-01,CUST-034366,Central,PRD-0105,Grocery & Gourmet,ACC-0088,WH-01,2,50.36,Online Payment,1.8,True,False
ORD-0000025,2023-01-01,CUST-027843,South,PRD-0106,Grocery & Gourmet,ACC-0094,WH-03,1,28.58,Online Payment,3.6,True,False
ORD-0000026,2023-01-01,CUST-000329,West,PRD-0079,Books & Media,ACC-0201,WH-05,1,9.98,Online Payment,3.2,True,False
ORD-0000027,2023-01-01,CUST-030822,East,PRD-0112,Grocery & Gourmet,ACC-0013,WH-04,1,13.56,Online Payment,3.5,True,False
ORD-0000028,2023-01-01,CUST-000044,West,PRD-0005,Mobile & Tablet,ACC-0057,WH-05,1,716.38,Wallet Credit,4.5,False,False
ORD-0000029,2023-01-01,CUST-021224,West,PRD-0026,Home Appliances,ACC-0230,WH-05,1,319.15,Online Payment,3.4,True,False
ORD-0000030,2023-01-01,CUST-010948,Central,PRD-0111,Grocery & Gourmet,ACC-0189,WH-01,2,96.08,Cash on Delivery,3.2,False,False
ORD-0000031,2023-01-01,CUST-013447,East,PRD-0142,Sports & Outdoor,ACC-0171,WH-04,2,166.34,Cash on Delivery,4.4,False,False
ORD-0000032,2023-01-01,CUST-030883,East,PRD-0053,Beauty & Health,ACC-0019,WH-04,1,49.47,Online Payment,3.6,True,False
ORD-0000033,2023-01-01,CUST-007075,North,PRD-0019,Home Appliances,ACC-0234,WH-02,3,1257.39,Cash on Delivery,3.3,True,False
ORD-0000034,2023-01-01,CUST-035585,Central,PRD-0075,Books & Media,ACC-0033,WH-01,1,21.86,Online Payment,2.4,True,False
ORD-0000035,2023-01-01,CUST-016059,South,PRD-0027,Home Appliances,ACC-0108,WH-03,1,129.58,Online Payment,3.8,True,False
ORD-0000036,2023-01-01,CUST-023536,Central,PRD-0002,Mobile & Tablet,ACC-0192,WH-01,1,504.12,Cash on Delivery,2.7,True,False
ORD-0000037,2023-01-01,CUST-012108,South,PRD-0145,Sports & Outdoor,ACC-0021,WH-03,1,29.79,Online Payment,3.5,True,False
ORD-0000038,2023-01-01,CUST-030744,North,PRD-0098,Digital Goods,ACC-0141,WH-02,2,60.12,Online Payment,2.9,True,False
ORD-0000039,2023-01-01,CUST-006568,North,PRD-0049,Fashion & Apparel,ACC-0139,WH-02,2,162.54,Installment Plan,3.6,True,False
ORD-0000040,2023-01-01,CUST-001877,South,PRD-0080,Books & Media,ACC-0186,WH-03,1,12.52,Cash on Delivery,3.2,True,False
ORD-0000041,2023-01-01,CUST-026404,South,PRD-0003,Mobile & Tablet,ACC-0140,WH-03,2,453.06,Online Payment,3.6,True,False
ORD-0000042,2023-01-01,CUST-022732,East,PRD-0030,Home Appliances,ACC-0255,WH-04,2,291.52,Online Payment,3.9,True,False
ORD-0000043,2023-01-01,CUST-027006,Central,PRD-0017,Mobile & Tablet,ACC-0084,WH-01,2,373.74,Online Payment,3.1,False,False
ORD-0000044,2023-01-01,CUST-032124,Central,PRD-0010,Mobile & Tablet,ACC-0235,WH-01,2,1271.68,Online Payment,2.5,True,False
ORD-0000045,2023-01-01,CUST-008807,Central,PRD-0024,Home Appliances,ACC-0096,WH-01,3,788.4,Wallet Credit,2.5,True,False
ORD-0000046,2023-01-01,CUST-025493,East,PRD-0012,Mobile & Tablet,ACC-0029,WH-04,1,474.88,Cash on Delivery,3.4,True,False
ORD-0000047,2023-01-01,CUST-035770,Central,PRD-0117,Grocery & Gourmet,ACC-0229,WH-01,1,24.86,Cash on Delivery,2.1,True,False
ORD-0000048,2023-01-01,CUST-009230,North,PRD-0128,Home & Kitchen,ACC-0111,WH-02,2,191.72,Online Payment,2.7,True,False
ORD-0000049,2023-01-01,CUST-030784,Central,PRD-0027,Home Appliances,ACC-0187,WH-01,1,129.58,Cash on Delivery,2.7,True,False
ORD-0000050,2023-01-01,CUST-034306,South,PRD-0043,Fashion & Apparel,ACC-0181,WH-03,1,53.32,Online Payment,3.5,True,False
ORD-0000051,2023-01-01,CUST-020137,East,PRD-0151,Sports & Outdoor,ACC-0001,WH-04,2,61.72,Online Payment,3.8,True,False
ORD-0000052,2023-01-01,CUST-004777,West,PRD-0038,Fashion & Apparel,ACC-0235,WH-05,2,83.46,Cash on Delivery,3.3,True,False
ORD-0000053,2023-01-01,CUST-006710,North,PRD-0082,Books & Media,ACC-0250,WH-02,1,13.77,Wallet Credit,2.7,True,False
ORD-0000054,2023-01-01,CUST-030163,North,PRD-0031,Home Appliances,ACC-0196,WH-02,1,115.51,Online Payment,3.2,True,False
ORD-0000055,2023-01-01,CUST-017546,Central,PRD-0121,Home & Kitchen,ACC-0044,WH-01,2,54.6,Installment Plan,2.1,True,False
ORD-0000056,2023-01-01,CUST-024891,Central,PRD-0037,Fashion & Apparel,ACC-0160,WH-01,1,25.53,Online Payment,1.7,True,False
ORD-0000057,2023-01-01,CUST-030457,South,PRD-0064,Beauty & Health,ACC-0196,WH-03,1,28.94,Cash on Delivery,3.6,True,False
ORD-0000058,2023-01-01,CUST-027157,West,PRD-0081,Books & Media,ACC-0214,WH-05,1,11.07,Online Payment,3.9,True,False
ORD-0000059,2023-01-01,CUST-024804,Central,PRD-0099,Digital Goods,ACC-0110,WH-01,1,23.27,Cash on Delivery,2.9,True,False
ORD-0000060,2023-01-01,CUST-003093,North,PRD-0033,Home Appliances,ACC-0230,WH-02,1,449.97,Online Payment,2.8,True,False
ORD-0000061,2023-01-01,CUST-024733,East,PRD-0099,Digital Goods,ACC-0124,WH-04,3,69.81,Cash on Delivery,6.7,False,False
ORD-0000062,2023-01-01,CUST-023636,North,PRD-0115,Grocery & Gourmet,ACC-0151,WH-02,2,37.82,Online Payment,3.3,True,False
ORD-0000063,2023-01-01,CUST-005919,South,PRD-0013,Mobile & Tablet,ACC-0179,WH-03,1,352.2,Installment Plan,2.8,True,False
ORD-0000064,2023-01-01,CUST-019695,Central,PRD-0116,Grocery & Gourmet,ACC-0170,WH-01,3,117.42,Wallet Credit,2.1,True,False
ORD-0000065,2023-01-01,CUST-029525,North,PRD-0015,Mobile & Tablet,ACC-0018,WH-02,1,666.81,Wallet Credit,2.9,True,False
ORD-0000066,2023-01-01,CUST-007223,West,PRD-0107,Grocery & Gourmet,ACC-0047,WH-01,2,58.16,Online Payment,2.0,True,False
ORD-0000067,2023-01-01,CUST-033441,East,PRD-0047,Fashion & Apparel,ACC-0079,WH-04,2,156.18,Installment Plan,3.8,True,False
ORD-0000068,2023-01-01,CUST-012009,West,PRD-0148,Sports & Outdoor,ACC-0239,WH-05,1,135.55,Online Payment,3.7,True,False
ORD-0000069,2023-01-01,CUST-003980,East,PRD-0045,Fashion & Apparel,ACC-0166,WH-04,1,23.46,Cash on Delivery,3.3,True,False
ORD-0000070,2023-01-01,CUST-033433,South,PRD-0020,Home Appliances,ACC-0238,WH-03,2,1051.74,Installment Plan,3.2,True,True
ORD-0000071,2023-01-01,CUST-025744,South,PRD-0120,Home & Kitchen,ACC-0094,WH-03,3,216.78,Cash on Delivery,2.8,True,False
ORD-0000072,2023-01-01,CUST-030738,North,PRD-0094,Digital Goods,ACC-0225,WH-02,1,31.33,Cash on Delivery,2.8,True,False
ORD-0000073,2023-01-01,CUST-029475,Central,PRD-0130,Home & Kitchen,ACC-0101,WH-01,2,61.12,Online Payment,2.1,True,False
ORD-0000074,2023-01-01,CUST-018843,South,PRD-0030,Home Appliances,ACC-0005,WH-01,3,437.28,Cash on Delivery,2.1,True,False
ORD-0000075,2023-01-01,CUST-012498,West,PRD-0020,Home Appliances,ACC-0226,WH-05,3,1577.61,Installment Plan,3.3,True,False
ORD-0000076,2023-01-01,CUST-000818,North,PRD-0107,Grocery & Gourmet,ACC-0249,WH-02,1,29.08,Online Payment,4.4,False,False
ORD-0000077,2023-01-01,CUST-001723,South,PRD-0027,Home Appliances,ACC-0086,WH-03,3,388.74,Cash on Delivery,3.9,True,False
ORD-0000078,2023-01-01,CUST-018900,Central,PRD-0107,Grocery & Gourmet,ACC-0030,WH-01,1,29.08,Online Payment,2.5,True,False
ORD-0000079,2023-01-01,CUST-011187,Central,PRD-0074,Books & Media,ACC-0120,WH-01,1,21.22,Online Payment,2.5,True,False
ORD-0000080,2023-01-01,CUST-024994,North,PRD-0023,Home Appliances,ACC-0215,WH-02,1,528.07,Online Payment,3.5,True,False
ORD-0000081,2023-01-01,CUST-022141,North,PRD-0085,Books & Media,ACC-0003,WH-01,1,6.87,Wallet Credit,2.0,True,False
ORD-0000082,2023-01-01,CUST-026173,Central,PRD-0017,Mobile & Tablet,ACC-0164,WH-01,1,186.87,Wallet Credit,2.2,True,False
ORD-0000083,2023-01-01,CUST-025475,East,PRD-0125,Home & Kitchen,ACC-0157,WH-04,3,325.83,Installment Plan,3.3,True,False
ORD-0000084,2023-01-01,CUST-032011,North,PRD-0028,Home Appliances,ACC-0053,WH-02,2,999.76,Cash on Delivery,3.0,True,False
ORD-0000085,2023-01-01,CUST-015266,South,PRD-0074,Books & Media,ACC-0217,WH-03,1,21.22,Wallet Credit,3.4,True,False
ORD-0000086,2023-01-01,CUST-025487,South,PRD-0089,Digital Goods,ACC-0052,WH-03,1,36.42,Online Payment,2.8,True,False
ORD-0000087,2023-01-01,CUST-021598,West,PRD-0063,Beauty & Health,ACC-0001,WH-05,2,55.14,Online Payment,3.6,True,False
ORD-0000088,2023-01-01,CUST-017488,Central,PRD-0024,Home Appliances,ACC-0115,WH-01,2,525.6,Online Payment,2.1,True,False
ORD-0000089,2023-01-01,CUST-020073,Central,PRD-0061,Beauty & Health,ACC-0189,WH-01,3,39.45,Online Payment,2.0,True,False
ORD-0000090,2023-01-01,CUST-008979,South,PRD-0020,Home Appliances,ACC-0077,WH-03,2,1051.74,Wallet Credit,2.9,True,False
ORD-0000091,2023-01-01,CUST-001672,East,PRD-0036,Fashion & Apparel,ACC-0046,WH-04,1,83.22,Cash on Delivery,3.3,True,False
ORD-0000092,2023-01-01,CUST-033702,Central,PRD-0021,Home Appliances,ACC-0013,WH-01,1,119.48,Installment Plan,1.7,True,False
ORD-0000093,2023-01-01,CUST-008023,Central,PRD-0105,Grocery & Gourmet,ACC-0118,WH-01,2,50.36,Online Payment,2.6,True,False
ORD-0000094,2023-01-01,CUST-029629,Central,PRD-0074,Books & Media,ACC-0081,WH-01,1,21.22,Online Payment,2.3,True,False
ORD-0000095,2023-01-01,CUST-012280,Central,PRD-0083,Books & Media,ACC-0109,WH-01,1,19.34,Online Payment,1.9,True,False
ORD-0000096,2023-01-01,CUST-002422,East,PRD-0102,Digital Goods,ACC-0169,WH-04,1,27.27,Online Payment,3.4,True,False
ORD-0000097,2023-01-01,CUST-003438,South,PRD-0004,Mobile & Tablet,ACC-0219,WH-03,3,537.3,Cash on Delivery,3.2,True,False
ORD-0000098,2023-01-01,CUST-016948,North,PRD-0116,Grocery & Gourmet,ACC-0093,WH-02,1,39.14,Online Payment,3.6,True,False
ORD-0000099,2023-01-01,CUST-017985,West,PRD-0098,Digital Goods,ACC-0049,WH-05,2,60.12,Online Payment,3.3,True,False
ORD-0000100,2023-01-01,CUST-006504,West,PRD-0086,Digital Goods,ACC-0027,WH-05,2,49.98,Online Payment,3.4,True,False
ORD-0000101,2023-01-01,CUST-035014,Central,PRD-0007,Mobile & Tablet,ACC-0002,WH-01,1,541.66,Online Payment,1.8,True,False
ORD-0000102,2023-01-01,CUST-022513,North,PRD-0066,Beauty & Health,ACC-0232,WH-02,1,57.2,Wallet Credit,3.0,True,False
ORD-0000103,2023-01-01,CUST-009227,Central,PRD-0146,Sports & Outdoor,ACC-0255,WH-01,1,94.23,Cash on Delivery,1.8,True,False
ORD-0000104,2023-01-01,CUST-026740,South,PRD-0054,Beauty & Health,ACC-0100,WH-03,2,58.62,Online Payment,3.1,True,False
ORD-0000105,2023-01-01,CUST-008771,West,PRD-0067,Beauty & Health,ACC-0141,WH-05,1,15.54,Wallet Credit,3.0,True,False
ORD-0000106,2023-01-01,CUST-003419,South,PRD-0017,Mobile & Tablet,ACC-0060,WH-03,2,373.74,Wallet Credit,3.6,True,False
ORD-0000107,2023-01-01,CUST-023307,North,PRD-0072,Books & Media,ACC-0187,WH-02,1,5.87,Online Payment,2.9,True,False
ORD-0000108,2023-01-01,CUST-031725,Central,PRD-0073,Books & Media,ACC-0052,WH-01,1,20.32,Installment Plan,3.0,True,False
ORD-0000109,2023-01-01,CUST-030353,East,PRD-0132,Home & Kitchen,ACC-0004,WH-01,2,132.7,Online Payment,2.3,True,False
ORD-0000110,2023-01-01,CUST-028067,West,PRD-0109,Grocery & Gourmet,ACC-0009,WH-05,1,11.48,Online Payment,3.1,True,False
ORD-0000111,2023-01-01,CUST-020457,Central,PRD-0048,Fashion & Apparel,ACC-0255,WH-01,1,71.58,Wallet Credit,2.1,True,True
ORD-0000112,2023-01-01,CUST-022047,North,PRD-0091,Digital Goods,ACC-0191,WH-02,1,18.22,Online Payment,2.9,True,False
ORD-0000113,2023-01-01,CUST-019609,South,PRD-0011,Mobile & Tablet,ACC-0226,WH-03,1,736.32,Wallet Credit,2.8,True,False
ORD-0000114,2023-01-01,CUST-027623,South,PRD-0109,Grocery & Gourmet,ACC-0187,WH-03,1,11.48,Cash on Delivery,3.2,True,False
ORD-0000115,2023-01-01,CUST-005308,South,PRD-0025,Home Appliances,ACC-0062,WH-01,1,178.8,Online Payment,2.1,True,False
ORD-0000116,2023-01-01,CUST-008793,East,PRD-0123,Home & Kitchen,ACC-0215,WH-04,1,82.38,Online Payment,3.3,True,False
ORD-0000117,2023-01-01,CUST-009188,Central,PRD-0104,Grocery & Gourmet,ACC-0069,WH-01,1,14.26,Online Payment,2.0,True,False
ORD-0000118,2023-01-01,CUST-015412,West,PRD-0077,Books & Media,ACC-0086,WH-05,1,15.55,Online Payment,4.0,True,False
ORD-0000119,2023-01-01,CUST-006031,South,PRD-0046,Fashion & Apparel,ACC-0040,WH-03,1,37.85,Cash on Delivery,3.8,True,True
ORD-0000120,2023-01-01,CUST-002834,West,PRD-0036,Fashion & Apparel,ACC-0047,WH-05,1,83.22,Wallet Credit,3.5,True,False
ORD-0000121,2023-01-01,CUST-000524,Central,PRD-0098,Digital Goods,ACC-0076,WH-01,3,90.18,Online Payment,2.2,True,False
ORD-0000122,2023-01-01,CUST-003683,North,PRD-0002,Mobile & Tablet,ACC-0006,WH-02,3,1512.36,Cash on Delivery,2.6,True,False
ORD-0000123,2023-01-01,CUST-035657,Central,PRD-0046,Fashion & Apparel,ACC-0213,WH-01,1,37.85,Online Payment,2.4,True,True
ORD-0000124,2023-01-01,CUST-013951,West,PRD-0035,Fashion & Apparel,ACC-0120,WH-05,1,90.56,Installment Plan,3.5,True,False
ORD-0000125,2023-01-01,CUST-003599,West,PRD-0048,Fashion & Apparel,ACC-0232,WH-05,1,71.58,Installment Plan,3.5,True,False
ORD-0000126,2023-01-01,CUST-021328,Central,PRD-0030,Home Appliances,ACC-0215,WH-01,1,145.76,Cash on Delivery,2.4,True,False
ORD-0000127,2023-01-01,CUST-023297,Central,PRD-0153,Sports & Outdoor,ACC-0131,WH-01,2,161.16,Online Payment,2.5,True,False
ORD-0000128,2023-01-01,CUST-015666,Central,PRD-0113,Grocery & Gourmet,ACC-0137,WH-01,3,51.03,Online Payment,2.1,True,False
ORD-0000129,2023-01-01,CUST-009227,Central,PRD-0123,Home & Kitchen,ACC-0196,WH-01,1,82.38,Wallet Credit,2.7,True,False
ORD-0000130,2023-01-01,CUST-008630,Central,PRD-0141,Sports & Outdoor,ACC-0041,WH-01,2,89.38,Cash on Delivery,2.1,True,False
ORD-0000131,2023-01-01,CUST-022934,Central,PRD-0063,Beauty & Health,ACC-0035,WH-01,2,55.14,Online Payment,2.3,True,False
ORD-0000132,2023-01-01,CUST-035532,West,PRD-0142,Sports & Outdoor,ACC-0157,WH-01,1,83.17,Cash on Delivery,2.1,True,False
ORD-0000133,2023-01-01,CUST-015710,North,PRD-0118,Grocery & Gourmet,ACC-0219,WH-02,3,141.72,Cash on Delivery,3.6,True,False
ORD-0000134,2023-01-01,CUST-028166,North,PRD-0020,Home Appliances,ACC-0106,WH-02,3,1577.61,Online Payment,3.4,True,False
ORD-0000135,2023-01-01,CUST-025818,North,PRD-0066,Beauty & Health,ACC-0254,WH-02,2,114.4,Online Payment,2.7,True,False
ORD-0000136,2023-01-01,CUST-008190,North,PRD-0108,Grocery & Gourmet,ACC-0059,WH-02,3,46.74,Online Payment,4.0,True,False
ORD-0000137,2023-01-01,CUST-000786,West,PRD-0073,Books & Media,ACC-0199,WH-05,1,20.32,Cash on Delivery,4.0,True,False
ORD-0000138,2023-01-01,CUST-028564,Central,PRD-0052,Beauty & Health,ACC-0100,WH-01,1,50.83,Cash on Delivery,2.0,True,False
ORD-0000139,2023-01-01,CUST-024289,Central,PRD-0101,Digital Goods,ACC-0130,WH-01,3,57.69,Cash on Delivery,2.7,True,False
ORD-0000140,2023-01-01,CUST-004321,West,PRD-0061,Beauty & Health,ACC-0155,WH-05,2,26.3,Wallet Credit,3.9,True,False
ORD-0000141,2023-01-01,CUST-012871,South,PRD-0131,Home & Kitchen,ACC-0126,WH-03,1,102.11,Cash on Delivery,3.0,True,False
ORD-0000142,2023-01-01,CUST-012848,South,PRD-0110,Grocery & Gourmet,ACC-0088,WH-03,1,47.39,Cash on Delivery,3.4,True,False
ORD-0000143,2023-01-01,CUST-015231,Central,PRD-0047,Fashion & Apparel,ACC-0101,WH-01,2,156.18,Cash on Delivery,3.9,False,True
ORD-0000144,2023-01-01,CUST-030650,North,PRD-0005,Mobile & Tablet,ACC-0077,WH-02,2,1432.76,Wallet Credit,2.9,True,False
ORD-0000145,2023-01-01,CUST-015541,West,PRD-0083,Books & Media,ACC-0003,WH-05,1,19.34,Installment Plan,3.7,True,False
ORD-0000146,2023-01-01,CUST-021140,North,PRD-0052,Beauty & Health,ACC-0075,WH-02,3,152.49,Online Payment,2.8,True,False
ORD-0000147,2023-01-01,CUST-016821,West,PRD-0105,Grocery & Gourmet,ACC-0062,WH-05,3,75.54,Cash on Delivery,3.4,True,False
ORD-0000148,2023-01-01,CUST-035721,Central,PRD-0063,Beauty & Health,ACC-0130,WH-01,1,27.57,Online Payment,2.2,True,False
ORD-0000149,2023-01-01,CUST-006585,Central,PRD-0133,Home & Kitchen,ACC-0018,WH-01,3,334.05,Online Payment,2.0,True,False
ORD-0000150,2023-01-01,CUST-005264,Central,PRD-0069,Books & Media,ACC-0103,WH-01,1,19.93,Online Payment,2.7,True,False
ORD-0000151,2023-01-01,CUST-021838,West,PRD-0005,Mobile & Tablet,ACC-0019,WH-05,2,1432.76,Online Payment,5.8,False,False
ORD-0000152,2023-01-01,CUST-002707,Central,PRD-0060,Beauty & Health,ACC-0205,WH-01,1,41.99,Cash on Delivery,2.7,True,False
ORD-0000153,2023-01-01,CUST-005657,Central,PRD-0142,Sports & Outdoor,ACC-0053,WH-01,1,83.17,Wallet Credit,2.0,True,False
ORD-0000154,2023-01-01,CUST-015762,South,PRD-0066,Beauty & Health,ACC-0190,WH-03,2,114.4,Online Payment,3.4,True,False
ORD-0000155,2023-01-01,CUST-035528,West,PRD-0013,Mobile & Tablet,ACC-0031,WH-05,1,352.2,Wallet Credit,3.6,True,False
ORD-0000156,2023-01-01,CUST-012119,East,PRD-0104,Grocery & Gourmet,ACC-0195,WH-04,1,14.26,Online Payment,3.3,True,True
ORD-0000157,2023-01-01,CUST-014033,Central,PRD-0005,Mobile & Tablet,ACC-0072,WH-01,1,716.38,Cash on Delivery,2.0,True,False
ORD-0000158,2023-01-01,CUST-005911,West,PRD-0105,Grocery & Gourmet,ACC-0254,WH-05,1,25.18,Wallet Credit,3.2,True,False
ORD-0000159,2023-01-01,CUST-030696,South,PRD-0039,Fashion & Apparel,ACC-0202,WH-03,1,57.95,Online Payment,3.7,True,False
ORD-0000160,2023-01-01,CUST-016235,East,PRD-0100,Digital Goods,ACC-0043,WH-04,2,21.42,Online Payment,3.4,True,False
ORD-0000161,2023-01-01,CUST-010056,South,PRD-0151,Sports & Outdoor,ACC-0255,WH-03,2,61.72,Online Payment,3.0,True,False
ORD-0000162,2023-01-01,CUST-034719,South,PRD-0117,Grocery & Gourmet,ACC-0129,WH-03,3,74.58,Cash on Delivery,3.2,True,False
ORD-0000163,2023-01-01,CUST-007064,East,PRD-0097,Digital Goods,ACC-0010,WH-04,3,75.54,Installment Plan,3.5,True,False
ORD-0000164,2023-01-01,CUST-033895,South,PRD-0111,Grocery & Gourmet,ACC-0014,WH-03,1,48.04,Online Payment,3.5,True,False
ORD-0000165,2023-01-01,CUST-035947,Central,PRD-0077,Books & Media,ACC-0069,WH-01,3,46.65,Online Payment,2.2,True,False
ORD-0000166,2023-01-01,CUST-016918,North,PRD-0106,Grocery & Gourmet,ACC-0153,WH-01,3,85.74,Online Payment,2.1,True,False
ORD-0000167,2023-01-01,CUST-034181,North,PRD-0021,Home Appliances,ACC-0139,WH-02,1,119.48,Wallet Credit,3.8,True,False
ORD-0000168,2023-01-01,CUST-002044,North,PRD-0009,Mobile & Tablet,ACC-0006,WH-02,2,1092.52,Cash on Delivery,3.4,True,False
ORD-0000169,2023-01-01,CUST-029644,East,PRD-0121,Home & Kitchen,ACC-0156,WH-01,2,54.6,Wallet Credit,1.9,True,False
ORD-0000170,2023-01-01,CUST-002730,South,PRD-0144,Sports & Outdoor,ACC-0188,WH-03,1,72.68,Wallet Credit,3.0,True,False
ORD-0000171,2023-01-01,CUST-004508,West,PRD-0018,Home Appliances,ACC-0240,WH-05,1,305.22,Cash on Delivery,3.8,True,False
ORD-0000172,2023-01-01,CUST-015464,East,PRD-0028,Home Appliances,ACC-0215,WH-04,1,499.88,Cash on Delivery,4.2,False,False
ORD-0000173,2023-01-01,CUST-012635,West,PRD-0112,Grocery & Gourmet,ACC-0225,WH-01,1,13.56,Wallet Credit,2.5,True,False
ORD-0000174,2023-01-01,CUST-025358,Central,PRD-0055,Beauty & Health,ACC-0138,WH-01,2,123.08,Online Payment,2.6,True,False
ORD-0000175,2023-01-01,CUST-033697,East,PRD-0115,Grocery & Gourmet,ACC-0013,WH-04,2,37.82,Online Payment,3.5,True,False
ORD-0000176,2023-01-01,CUST-024676,East,PRD-0009,Mobile & Tablet,ACC-0244,WH-04,1,546.26,Wallet Credit,4.2,False,False
ORD-0000177,2023-01-01,CUST-009380,Central,PRD-0132,Home & Kitchen,ACC-0173,WH-01,1,66.35,Online Payment,2.2,True,False
ORD-0000178,2023-01-01,CUST-025167,West,PRD-0020,Home Appliances,ACC-0022,WH-05,1,525.87,Installment Plan,4.0,True,False
ORD-0000179,2023-01-01,CUST-016525,Central,PRD-0071,Books & Media,ACC-0053,WH-01,1,7.91,Installment Plan,2.7,True,False
ORD-0000180,2023-01-01,CUST-030041,West,PRD-0007,Mobile & Tablet,ACC-0047,WH-05,2,1083.32,Cash on Delivery,3.2,True,False
ORD-0000181,2023-01-01,CUST-028823,North,PRD-0056,Beauty & Health,ACC-0089,WH-02,3,70.53,Cash on Delivery,2.8,True,False
ORD-0000182,2023-01-01,CUST-028260,West,PRD-0037,Fashion & Apparel,ACC-0135,WH-01,1,25.53,Online Payment,2.0,True,False
ORD-0000183,2023-01-01,CUST-035859,South,PRD-0090,Digital Goods,ACC-0084,WH-03,1,16.88,Cash on Delivery,3.0,True,False
ORD-0000184,2023-01-01,CUST-016597,North,PRD-0118,Grocery & Gourmet,ACC-0207,WH-02,1,47.24,Online Payment,2.9,True,False
ORD-0000185,2023-01-01,CUST-013951,West,PRD-0135,Home & Kitchen,ACC-0059,WH-05,2,177.34,Installment Plan,4.8,False,False
ORD-0000186,2023-01-01,CUST-007647,South,PRD-0128,Home & Kitchen,ACC-0001,WH-03,1,95.86,Online Payment,3.9,True,False
ORD-0000187,2023-01-01,CUST-032282,East,PRD-0021,Home Appliances,ACC-0100,WH-04,1,119.48,Online Payment,3.5,True,False
ORD-0000188,2023-01-01,CUST-023521,West,PRD-0094,Digital Goods,ACC-0062,WH-01,1,31.33,Online Payment,2.1,True,False
ORD-0000189,2023-01-01,CUST-016836,East,PRD-0027,Home Appliances,ACC-0228,WH-04,2,259.16,Online Payment,3.4,True,False
ORD-0000190,2023-01-01,CUST-030386,West,PRD-0097,Digital Goods,ACC-0190,WH-05,1,25.18,Online Payment,3.3,True,False
ORD-0000191,2023-01-01,CUST-019686,Central,PRD-0137,Sports & Outdoor,ACC-0241,WH-01,2,220.64,Cash on Delivery,2.9,True,True
ORD-0000192,2023-01-01,CUST-029234,Central,PRD-0066,Beauty & Health,ACC-0053,WH-01,1,57.2,Cash on Delivery,2.7,True,False
ORD-0000193,2023-01-01,CUST-007625,South,PRD-0008,Mobile & Tablet,ACC-0044,WH-03,1,220.44,Installment Plan,3.1,True,False
ORD-0000194,2023-01-01,CUST-032759,Central,PRD-0016,Mobile & Tablet,ACC-0218,WH-01,1,421.85,Wallet Credit,1.8,True,False
ORD-0000195,2023-01-01,CUST-000006,Central,PRD-0091,Digital Goods,ACC-0122,WH-01,3,54.66,Online Payment,1.8,True,False
ORD-0000196,2023-01-01,CUST-017085,South,PRD-0022,Home Appliances,ACC-0026,WH-03,1,265.81,Online Payment,3.4,True,False
ORD-0000197,2023-01-01,CUST-013293,Central,PRD-0126,Home & Kitchen,ACC-0093,WH-01,1,58.15,Wallet Credit,3.2,False,False
ORD-0000198,2023-01-01,CUST-016235,East,PRD-0043,Fashion & Apparel,ACC-0100,WH-04,1,53.32,Online Payment,3.6,True,False
ORD-0000199,2023-01-01,CUST-010404,Central,PRD-0029,Home Appliances,ACC-0142,WH-01,3,745.44,Online Payment,2.4,True,False
ORD-0000200,2023-01-01,CUST-025790,South,PRD-0048,Fashion & Apparel,ACC-0037,WH-03,1,71.58,Cash on Delivery,3.3,True,False
ORD-0000201,2023-01-01,CUST-000530,Central,PRD-0083,Books & Media,ACC-0026,WH-01,2,38.68,Wallet Credit,2.7,True,False
ORD-0000202,2023-01-01,CUST-019108,East,PRD-0138,Sports & Outdoor,ACC-0162,WH-01,1,106.92,Online Payment,1.9,True,False
ORD-0000203,2023-01-01,CUST-026384,North,PRD-0061,Beauty & Health,ACC-0109,WH-02,2,26.3,Online Payment,3.0,True,False
ORD-0000204,2023-01-01,CUST-000786,West,PRD-0011,Mobile & Tablet,ACC-0089,WH-01,2,1472.64,Online Payment,2.2,True,False
ORD-0000205,2023-01-01,CUST-002621,Central,PRD-0127,Home & Kitchen,ACC-0218,WH-01,1,113.98,Installment Plan,1.9,True,False
ORD-0000206,2023-01-01,CUST-028474,Central,PRD-0111,Grocery & Gourmet,ACC-0049,WH-01,3,144.12,Online Payment,2.7,True,False
ORD-0000207,2023-01-01,CUST-006596,North,PRD-0083,Books & Media,ACC-0144,WH-02,3,58.02,Online Payment,2.8,True,False
ORD-0000208,2023-01-01,CUST-014286,Central,PRD-0040,Fashion & Apparel,ACC-0042,WH-01,2,71.18,Online Payment,2.5,True,False
ORD-0000209,2023-01-01,CUST-002483,South,PRD-0014,Mobile & Tablet,ACC-0118,WH-03,2,560.0,Cash on Delivery,3.5,True,False
ORD-0000210,2023-01-01,CUST-023297,Central,PRD-0080,Books & Media,ACC-0182,WH-01,3,37.56,Online Payment,3.5,False,False
ORD-0000211,2023-01-01,CUST-012591,West,PRD-0024,Home Appliances,ACC-0033,WH-05,1,262.8,Online Payment,3.4,True,False
ORD-0000212,2023-01-01,CUST-030323,East,PRD-0105,Grocery & Gourmet,ACC-0190,WH-01,1,25.18,Installment Plan,2.0,True,False
ORD-0000213,2023-01-01,CUST-000043,Central,PRD-0016,Mobile & Tablet,ACC-0177,WH-01,1,421.85,Wallet Credit,2.0,True,False
ORD-0000214,2023-01-01,CUST-024274,East,PRD-0053,Beauty & Health,ACC-0027,WH-04,1,49.47,Wallet Credit,4.9,False,False
ORD-0000215,2023-01-01,CUST-035785,Central,PRD-0145,Sports & Outdoor,ACC-0194,WH-01,2,59.58,Online Payment,2.1,True,False
ORD-0000216,2023-01-01,CUST-011792,South,PRD-0034,Home Appliances,ACC-0117,WH-03,3,398.94,Online Payment,3.0,True,False
ORD-0000217,2023-01-01,CUST-030471,West,PRD-0146,Sports & Outdoor,ACC-0014,WH-05,1,94.23,Online Payment,3.8,True,False
ORD-0000218,2023-01-01,CUST-003576,Central,PRD-0109,Grocery & Gourmet,ACC-0101,WH-01,1,11.48,Online Payment,1.9,True,False
ORD-0000219,2023-01-01,CUST-016687,Central,PRD-0074,Books & Media,ACC-0133,WH-01,1,21.22,Installment Plan,2.5,True,False
ORD-0000220,2023-01-01,CUST-002570,Central,PRD-0047,Fashion & Apparel,ACC-0028,WH-01,2,156.18,Online Payment,2.3,True,False
ORD-0000221,2023-01-01,CUST-000065,East,PRD-0115,Grocery & Gourmet,ACC-0111,WH-04,1,18.91,Wallet Credit,5.8,False,False
ORD-0000222,2023-01-01,CUST-008833,Central,PRD-0053,Beauty & Health,ACC-0113,WH-01,2,98.94,Wallet Credit,2.0,True,False
ORD-0000223,2023-01-01,CUST-018701,Central,PRD-0073,Books & Media,ACC-0045,WH-01,2,40.64,Online Payment,2.0,True,False
ORD-0000224,2023-01-01,CUST-012095,South,PRD-0033,Home Appliances,ACC-0088,WH-03,1,449.97,Online Payment,3.1,True,False
ORD-0000225,2023-01-01,CUST-021559,East,PRD-0086,Digital Goods,ACC-0162,WH-04,3,74.97,Installment Plan,3.8,True,False
ORD-0000226,2023-01-01,CUST-031613,South,PRD-0008,Mobile & Tablet,ACC-0154,WH-01,1,220.44,Online Payment,2.1,True,False
ORD-0000227,2023-01-01,CUST-004449,North,PRD-0104,Grocery & Gourmet,ACC-0090,WH-02,2,28.52,Installment Plan,3.4,True,False
ORD-0000228,2023-01-01,CUST-020522,Central,PRD-0091,Digital Goods,ACC-0120,WH-01,1,18.22,Online Payment,2.1,True,False
ORD-0000229,2023-01-01,CUST-012423,Central,PRD-0019,Home Appliances,ACC-0244,WH-01,3,1257.39,Online Payment,2.4,True,False
ORD-0000230,2023-01-01,CUST-007330,South,PRD-0141,Sports & Outdoor,ACC-0226,WH-03,1,44.69,Online Payment,2.8,True,False
ORD-0000231,2023-01-01,CUST-028437,Central,PRD-0144,Sports & Outdoor,ACC-0103,WH-01,1,72.68,Online Payment,1.9,True,False
ORD-0000232,2023-01-01,CUST-014759,North,PRD-0087,Digital Goods,ACC-0249,WH-02,3,36.66,Cash on Delivery,2.6,True,False
ORD-0000233,2023-01-01,CUST-004655,West,PRD-0036,Fashion & Apparel,ACC-0194,WH-05,1,83.22,Cash on Delivery,3.7,True,False
ORD-0000234,2023-01-01,CUST-012765,West,PRD-0037,Fashion & Apparel,ACC-0166,WH-05,2,51.06,Wallet Credit,3.3,True,False
ORD-0000235,2023-01-01,CUST-025744,South,PRD-0101,Digital Goods,ACC-0015,WH-03,1,19.23,Installment Plan,3.0,True,False
ORD-0000236,2023-01-01,CUST-031879,West,PRD-0114,Grocery & Gourmet,ACC-0215,WH-01,2,60.48,Online Payment,2.0,True,False
ORD-0000237,2023-01-01,CUST-022878,Central,PRD-0136,Home & Kitchen,ACC-0047,WH-01,3,120.39,Online Payment,2.0,True,False
ORD-0000238,2023-01-01,CUST-006880,Central,PRD-0031,Home Appliances,ACC-0012,WH-01,1,115.51,Wallet Credit,3.3,False,False
ORD-0000239,2023-01-01,CUST-025634,West,PRD-0113,Grocery & Gourmet,ACC-0008,WH-05,2,34.02,Online Payment,4.1,False,False
ORD-0000240,2023-01-01,CUST-000805,Central,PRD-0099,Digital Goods,ACC-0126,WH-01,3,69.81,Online Payment,1.8,True,False
ORD-0000241,2023-01-01,CUST-009505,East,PRD-0064,Beauty & Health,ACC-0128,WH-04,2,57.88,Cash on Delivery,3.1,True,False
ORD-0000242,2023-01-01,CUST-005170,Central,PRD-0057,Beauty & Health,ACC-0172,WH-01,1,14.27,Installment Plan,2.3,True,False
ORD-0000243,2023-01-01,CUST-020791,West,PRD-0063,Beauty & Health,ACC-0214,WH-05,1,27.57,Installment Plan,3.3,True,True
ORD-0000244,2023-01-01,CUST-017735,South,PRD-0028,Home Appliances,ACC-0052,WH-01,3,1499.64,Wallet Credit,1.9,True,False
ORD-0000245,2023-01-01,CUST-005713,Central,PRD-0041,Fashion & Apparel,ACC-0124,WH-01,2,77.82,Online Payment,1.8,True,False
ORD-0000246,2023-01-01,CUST-000524,Central,PRD-0040,Fashion & Apparel,ACC-0216,WH-01,1,35.59,Wallet Credit,2.0,True,False
ORD-0000247,2023-01-01,CUST-002379,Central,PRD-0122,Home & Kitchen,ACC-0212,WH-01,1,60.21,Online Payment,2.1,True,False
ORD-0000248,2023-01-01,CUST-032358,Central,PRD-0125,Home & Kitchen,ACC-0213,WH-01,3,325.83,Cash on Delivery,3.1,False,False
ORD-0000249,2023-01-01,CUST-006808,Central,PRD-0068,Beauty & Health,ACC-0008,WH-01,1,59.75,Installment Plan,2.5,True,False
ORD-0000250,2023-01-01,CUST-005547,South,PRD-0090,Digital Goods,ACC-0018,WH-01,1,16.88,Installment Plan,2.9,True,False
ORD-0000251,2023-01-01,CUST-022785,East,PRD-0136,Home & Kitchen,ACC-0105,WH-04,2,80.26,Cash on Delivery,3.2,True,False
ORD-0000252,2023-01-01,CUST-030492,East,PRD-0096,Digital Goods,ACC-0231,WH-01,2,51.06,Wallet Credit,2.6,True,False
ORD-0000253,2023-01-01,CUST-007909,Central,PRD-0003,Mobile & Tablet,ACC-0228,WH-01,2,453.06,Wallet Credit,3.1,False,False
ORD-0000254,2023-01-01,CUST-012802,Central,PRD-0132,Home & Kitchen,ACC-0029,WH-01,2,132.7,Online Payment,2.6,True,False
ORD-0000255,2023-01-01,CUST-006794,East,PRD-0111,Grocery & Gourmet,ACC-0089,WH-04,1,48.04,Online Payment,3.5,True,False
ORD-0000256,2023-01-01,CUST-003528,East,PRD-0100,Digital Goods,ACC-0110,WH-04,1,10.71,Online Payment,4.1,False,False
ORD-0000257,2023-01-01,CUST-025704,East,PRD-0098,Digital Goods,ACC-0191,WH-04,1,30.06,Online Payment,2.9,True,False
ORD-0000258,2023-01-01,CUST-002544,West,PRD-0086,Digital Goods,ACC-0089,WH-05,3,74.97,Installment Plan,3.3,True,False
ORD-0000259,2023-01-01,CUST-035854,Central,PRD-0041,Fashion & Apparel,ACC-0063,WH-01,1,38.91,Cash on Delivery,1.9,True,False
ORD-0000260,2023-01-01,CUST-030942,Central,PRD-0009,Mobile & Tablet,ACC-0009,WH-01,1,546.26,Wallet Credit,2.7,True,False
ORD-0000261,2023-01-01,CUST-008937,North,PRD-0110,Grocery & Gourmet,ACC-0053,WH-01,2,94.78,Wallet Credit,1.9,True,False
ORD-0000262,2023-01-01,CUST-030871,North,PRD-0138,Sports & Outdoor,ACC-0220,WH-02,2,213.84,Installment Plan,3.8,True,True
ORD-0000263,2023-01-01,CUST-012029,East,PRD-0068,Beauty & Health,ACC-0144,WH-04,2,119.5,Wallet Credit,3.9,True,False
ORD-0000264,2023-01-01,CUST-024249,Central,PRD-0125,Home & Kitchen,ACC-0174,WH-01,3,325.83,Cash on Delivery,2.3,True,False
ORD-0000265,2023-01-01,CUST-018638,West,PRD-0056,Beauty & Health,ACC-0259,WH-05,3,70.53,Wallet Credit,3.7,True,False
ORD-0000266,2023-01-01,CUST-017350,Central,PRD-0024,Home Appliances,ACC-0200,WH-01,1,262.8,Cash on Delivery,2.7,True,True
ORD-0000267,2023-01-01,CUST-030020,Central,PRD-0057,Beauty & Health,ACC-0228,WH-01,1,14.27,Online Payment,3.4,False,False
ORD-0000268,2023-01-01,CUST-029814,North,PRD-0062,Beauty & Health,ACC-0116,WH-02,1,39.19,Cash on Delivery,3.9,True,True
ORD-0000269,2023-01-01,CUST-015156,North,PRD-0051,Fashion & Apparel,ACC-0187,WH-02,3,88.89,Online Payment,2.9,True,False
ORD-0000270,2023-01-01,CUST-023402,Central,PRD-0036,Fashion & Apparel,ACC-0145,WH-01,2,166.44,Wallet Credit,2.1,True,False
ORD-0000271,2023-01-01,CUST-023977,Central,PRD-0003,Mobile & Tablet,ACC-0101,WH-01,1,226.53,Cash on Delivery,2.2,True,False
ORD-0000272,2023-01-01,CUST-035629,Central,PRD-0056,Beauty & Health,ACC-0091,WH-01,1,23.51,Wallet Credit,1.7,True,False
ORD-0000273,2023-01-01,CUST-033566,North,PRD-0142,Sports & Outdoor,ACC-0221,WH-02,1,83.17,Cash on Delivery,3.0,True,False
ORD-0000274,2023-01-01,CUST-031131,West,PRD-0078,Books & Media,ACC-0086,WH-05,1,17.88,Cash on Delivery,4.2,False,False
ORD-0000275,2023-01-01,CUST-000933,South,PRD-0039,Fashion & Apparel,ACC-0173,WH-03,1,57.95,Cash on Delivery,2.9,True,False
ORD-0000276,2023-01-01,CUST-019748,Central,PRD-0045,Fashion & Apparel,ACC-0207,WH-01,2,46.92,Cash on Delivery,2.7,True,False
ORD-0000277,2023-01-01,CUST-020404,Central,PRD-0028,Home Appliances,ACC-0188,WH-01,2,999.76,Online Payment,2.8,True,False
ORD-0000278,2023-01-01,CUST-027202,North,PRD-0014,Mobile & Tablet,ACC-0013,WH-01,2,560.0,Wallet Credit,1.7,True,True
ORD-0000279,2023-01-01,CUST-001882,West,PRD-0014,Mobile & Tablet,ACC-0141,WH-05,2,560.0,Wallet Credit,3.3,True,True
ORD-0000280,2023-01-01,CUST-011899,West,PRD-0038,Fashion & Apparel,ACC-0013,WH-05,3,125.19,Online Payment,3.6,True,False
ORD-0000281,2023-01-01,CUST-014514,West,PRD-0149,Sports & Outdoor,ACC-0084,WH-05,1,81.88,Online Payment,4.0,True,False
ORD-0000282,2023-01-01,CUST-022169,East,PRD-0001,Mobile & Tablet,ACC-0243,WH-04,2,429.36,Installment Plan,3.9,True,False
ORD-0000283,2023-01-01,CUST-024872,East,PRD-0072,Books & Media,ACC-0157,WH-04,1,5.87,Installment Plan,4.3,False,False
ORD-0000284,2023-01-01,CUST-016734,South,PRD-0132,Home & Kitchen,ACC-0173,WH-03,1,66.35,Online Payment,3.7,True,False
ORD-0000285,2023-01-01,CUST-011102,East,PRD-0077,Books & Media,ACC-0068,WH-04,1,15.55,Online Payment,3.8,True,False
ORD-0000286,2023-01-01,CUST-030903,Central,PRD-0045,Fashion & Apparel,ACC-0044,WH-01,1,23.46,Online Payment,2.2,True,False
ORD-0000287,2023-01-01,CUST-010262,West,PRD-0031,Home Appliances,ACC-0125,WH-05,1,115.51,Online Payment,3.1,True,False
ORD-0000288,2023-01-01,CUST-034486,East,PRD-0058,Beauty & Health,ACC-0044,WH-01,1,43.27,Online Payment,2.9,True,False
ORD-0000289,2023-01-01,CUST-002672,West,PRD-0081,Books & Media,ACC-0089,WH-05,1,11.07,Installment Plan,3.4,True,False
ORD-0000290,2023-01-01,CUST-035785,Central,PRD-0104,Grocery & Gourmet,ACC-0049,WH-01,1,14.26,Installment Plan,4.5,False,False
ORD-0000291,2023-01-01,CUST-027089,Central,PRD-0138,Sports & Outdoor,ACC-0066,WH-01,2,213.84,Installment Plan,3.3,False,False
ORD-0000292,2023-01-01,CUST-001674,North,PRD-0048,Fashion & Apparel,ACC-0185,WH-02,2,143.16,Online Payment,3.0,True,False
ORD-0000293,2023-01-01,CUST-001350,West,PRD-0022,Home Appliances,ACC-0155,WH-05,2,531.62,Online Payment,3.7,True,False
ORD-0000294,2023-01-01,CUST-025761,South,PRD-0140,Sports & Outdoor,ACC-0160,WH-03,1,45.43,Online Payment,3.1,True,False
ORD-0000295,2023-01-01,CUST-012116,Central,PRD-0066,Beauty & Health,ACC-0006,WH-01,3,171.6,Cash on Delivery,2.2,True,False
ORD-0000296,2023-01-01,CUST-033183,Central,PRD-0144,Sports & Outdoor,ACC-0089,WH-01,1,72.68,Online Payment,1.9,True,False
ORD-0000297,2023-01-01,CUST-011923,North,PRD-0109,Grocery & Gourmet,ACC-0153,WH-02,1,11.48,Online Payment,3.0,True,False
ORD-0000298,2023-01-01,CUST-002407,East,PRD-0049,Fashion & Apparel,ACC-0099,WH-04,3,243.81,Online Payment,3.6,True,False
ORD-0000299,2023-01-01,CUST-002866,Central,PRD-0135,Home & Kitchen,ACC-0066,WH-01,1,88.67,Online Payment,3.1,False,False
ORD-0000300,2023-01-01,CUST-018332,Central,PRD-0115,Grocery & Gourmet,ACC-0110,WH-01,1,18.91,Installment Plan,2.2,True,False
ORD-0000301,2023-01-01,CUST-001955,North,PRD-0149,Sports & Outdoor,ACC-0180,WH-02,1,81.88,Cash on Delivery,3.0,True,False
ORD-0000302,2023-01-01,CUST-030891,West,PRD-0015,Mobile & Tablet,ACC-0133,WH-05,1,666.81,Online Payment,3.2,True,False
ORD-0000303,2023-01-01,CUST-013942,Central,PRD-0090,Digital Goods,ACC-0258,WH-01,3,50.64,Online Payment,2.4,True,False
ORD-0000304,2023-01-01,CUST-020175,North,PRD-0006,Mobile & Tablet,ACC-0126,WH-02,1,361.82,Cash on Delivery,2.5,True,False
ORD-0000305,2023-01-01,CUST-016645,Central,PRD-0122,Home & Kitchen,ACC-0129,WH-01,1,60.21,Online Payment,2.5,True,False
ORD-0000306,2023-01-01,CUST-019596,South,PRD-0060,Beauty & Health,ACC-0040,WH-03,1,41.99,Online Payment,3.6,True,False
ORD-0000307,2023-01-01,CUST-034407,North,PRD-0071,Books & Media,ACC-0198,WH-02,1,7.91,Installment Plan,2.5,True,False
ORD-0000308,2023-01-01,CUST-013491,North,PRD-0106,Grocery & Gourmet,ACC-0006,WH-02,1,28.58,Cash on Delivery,3.7,True,False
ORD-0000309,2023-01-01,CUST-032506,Central,PRD-0086,Digital Goods,ACC-0249,WH-01,3,74.97,Online Payment,2.1,True,False
ORD-0000310,2023-01-01,CUST-019914,East,PRD-0057,Beauty & Health,ACC-0202,WH-04,1,14.27,Online Payment,3.3,True,False
ORD-0000311,2023-01-01,CUST-023504,Central,PRD-0092,Digital Goods,ACC-0228,WH-01,2,39.34,Cash on Delivery,3.2,False,False
ORD-0000312,2023-01-01,CUST-006821,South,PRD-0067,Beauty & Health,ACC-0174,WH-03,2,31.08,Online Payment,3.0,True,False
ORD-0000313,2023-01-01,CUST-008372,Central,PRD-0105,Grocery & Gourmet,ACC-0178,WH-01,3,75.54,Cash on Delivery,2.4,True,False
ORD-0000314,2023-01-01,CUST-025115,Central,PRD-0045,Fashion & Apparel,ACC-0062,WH-01,2,46.92,Installment Plan,2.4,True,False
ORD-0000315,2023-01-01,CUST-032124,Central,PRD-0030,Home Appliances,ACC-0091,WH-01,1,145.76,Online Payment,2.3,True,False
ORD-0000316,2023-01-01,CUST-034344,North,PRD-0015,Mobile & Tablet,ACC-0238,WH-02,2,1333.62,Cash on Delivery,3.0,True,True
ORD-0000317,2023-01-01,CUST-005696,North,PRD-0028,Home Appliances,ACC-0089,WH-02,2,999.76,Cash on Delivery,3.0,True,False
ORD-0000318,2023-01-01,CUST-003628,East,PRD-0062,Beauty & Health,ACC-0234,WH-04,3,117.57,Online Payment,4.4,False,False
ORD-0000319,2023-01-01,CUST-008771,West,PRD-0090,Digital Goods,ACC-0194,WH-05,1,16.88,Online Payment,3.1,True,False
ORD-0000320,2023-01-01,CUST-008842,Central,PRD-0089,Digital Goods,ACC-0127,WH-01,2,72.84,Online Payment,2.3,True,False
ORD-0000321,2023-01-01,CUST-016399,East,PRD-0125,Home & Kitchen,ACC-0248,WH-04,1,108.61,Online Payment,3.3,True,False
ORD-0000322,2023-01-01,CUST-023132,Central,PRD-0131,Home & Kitchen,ACC-0218,WH-01,2,204.22,Online Payment,1.8,True,True
ORD-0000323,2023-01-01,CUST-029460,East,PRD-0144,Sports & Outdoor,ACC-0158,WH-04,1,72.68,Online Payment,3.7,True,False
ORD-0000324,2023-01-01,CUST-013747,Central,PRD-0040,Fashion & Apparel,ACC-0171,WH-01,2,71.18,Online Payment,1.9,True,False
ORD-0000325,2023-01-01,CUST-013212,North,PRD-0131,Home & Kitchen,ACC-0094,WH-01,1,102.11,Online Payment,2.4,True,False
ORD-0000326,2023-01-01,CUST-021844,Central,PRD-0055,Beauty & Health,ACC-0187,WH-01,1,61.54,Wallet Credit,2.7,True,False
ORD-0000327,2023-01-01,CUST-015127,Central,PRD-0083,Books & Media,ACC-0101,WH-01,2,38.68,Cash on Delivery,2.3,True,False
ORD-0000328,2023-01-01,CUST-017989,Central,PRD-0017,Mobile & Tablet,ACC-0207,WH-01,1,186.87,Wallet Credit,1.9,True,False
ORD-0000329,2023-01-01,CUST-018950,South,PRD-0118,Grocery & Gourmet,ACC-0218,WH-03,2,94.48,Online Payment,3.0,True,False
ORD-0000330,2023-01-01,CUST-007895,South,PRD-0116,Grocery & Gourmet,ACC-0057,WH-03,2,78.28,Online Payment,2.8,True,False
ORD-0000331,2023-01-01,CUST-018692,West,PRD-0001,Mobile & Tablet,ACC-0152,WH-05,2,429.36,Online Payment,4.2,False,False
ORD-0000332,2023-01-01,CUST-019880,East,PRD-0070,Books & Media,ACC-0220,WH-04,1,22.22,Cash on Delivery,3.1,True,False
ORD-0000333,2023-01-01,CUST-021181,East,PRD-0033,Home Appliances,ACC-0037,WH-04,1,449.97,Online Payment,3.2,True,False
ORD-0000334,2023-01-01,CUST-002315,Central,PRD-0029,Home Appliances,ACC-0142,WH-01,2,496.96,Wallet Credit,2.7,True,False
ORD-0000335,2023-01-01,CUST-007232,Central,PRD-0147,Sports & Outdoor,ACC-0067,WH-01,3,393.9,Online Payment,2.2,True,True
ORD-0000336,2023-01-01,CUST-033162,Central,PRD-0115,Grocery & Gourmet,ACC-0001,WH-01,1,18.91,Online Payment,2.5,True,False
ORD-0000337,2023-01-01,CUST-004693,North,PRD-0101,Digital Goods,ACC-0251,WH-02,2,38.46,Cash on Delivery,2.6,True,False
ORD-0000338,2023-01-01,CUST-022512,North,PRD-0036,Fashion & Apparel,ACC-0088,WH-02,2,166.44,Online Payment,3.9,True,False
ORD-0000339,2023-01-01,CUST-019454,South,PRD-0099,Digital Goods,ACC-0168,WH-03,1,23.27,Cash on Delivery,3.5,True,False
ORD-0000340,2023-01-01,CUST-027654,Central,PRD-0140,Sports & Outdoor,ACC-0044,WH-01,3,136.29,Online Payment,2.7,True,True
ORD-0000341,2023-01-01,CUST-018645,North,PRD-0095,Digital Goods,ACC-0012,WH-02,3,97.71,Cash on Delivery,2.9,True,False
ORD-0000342,2023-01-01,CUST-035258,Central,PRD-0097,Digital Goods,ACC-0202,WH-01,2,50.36,Online Payment,2.4,True,False
ORD-0000343,2023-01-01,CUST-029678,Central,PRD-0057,Beauty & Health,ACC-0173,WH-01,3,42.81,Online Payment,1.9,True,False
ORD-0000344,2023-01-01,CUST-015833,South,PRD-0056,Beauty & Health,ACC-0015,WH-03,1,23.51,Online Payment,2.8,True,False
ORD-0000345,2023-01-01,CUST-011803,Central,PRD-0091,Digital Goods,ACC-0006,WH-01,2,36.44,Cash on Delivery,1.8,True,True
ORD-0000346,2023-01-01,CUST-026865,West,PRD-0044,Fashion & Apparel,ACC-0065,WH-05,1,78.47,Online Payment,3.8,True,False
ORD-0000347,2023-01-01,CUST-026064,Central,PRD-0066,Beauty & Health,ACC-0121,WH-01,2,114.4,Online Payment,2.2,True,False
ORD-0000348,2023-01-01,CUST-016365,South,PRD-0021,Home Appliances,ACC-0087,WH-03,1,119.48,Online Payment,3.1,True,False
ORD-0000349,2023-01-01,CUST-026656,West,PRD-0033,Home Appliances,ACC-0171,WH-05,2,899.94,Online Payment,3.2,True,False
ORD-0000350,2023-01-01,CUST-027972,Central,PRD-0053,Beauty & Health,ACC-0009,WH-01,2,98.94,Wallet Credit,2.0,True,False
ORD-0000351,2023-01-01,CUST-014549,Central,PRD-0132,Home & Kitchen,ACC-0230,WH-01,2,132.7,Wallet Credit,1.9,True,False
ORD-0000352,2023-01-01,CUST-001185,East,PRD-0087,Digital Goods,ACC-0259,WH-04,3,36.66,Cash on Delivery,4.0,True,False
ORD-0000353,2023-01-01,CUST-034319,Central,PRD-0091,Digital Goods,ACC-0190,WH-01,3,54.66,Online Payment,3.2,False,False
ORD-0000354,2023-01-01,CUST-026679,South,PRD-0046,Fashion & Apparel,ACC-0003,WH-03,2,75.7,Installment Plan,4.4,False,True
ORD-0000355,2023-01-01,CUST-013951,West,PRD-0126,Home & Kitchen,ACC-0047,WH-05,2,116.3,Cash on Delivery,3.5,True,False
ORD-0000356,2023-01-01,CUST-018737,West,PRD-0065,Beauty & Health,ACC-0031,WH-05,3,81.27,Installment Plan,4.2,False,False
ORD-0000357,2023-01-01,CUST-018381,Central,PRD-0105,Grocery & Gourmet,ACC-0133,WH-01,3,75.54,Online Payment,2.5,True,False
ORD-0000358,2023-01-01,CUST-011102,East,PRD-0118,Grocery & Gourmet,ACC-0249,WH-04,2,94.48,Online Payment,4.0,True,False
ORD-0000359,2023-01-01,CUST-016223,Central,PRD-0116,Grocery & Gourmet,ACC-0132,WH-01,2,78.28,Wallet Credit,2.0,True,False
ORD-0000360,2023-01-01,CUST-016928,Central,PRD-0016,Mobile & Tablet,ACC-0112,WH-01,3,1265.55,Online Payment,2.4,True,False
ORD-0000361,2023-01-01,CUST-016013,North,PRD-0022,Home Appliances,ACC-0055,WH-02,2,531.62,Online Payment,4.0,True,False
ORD-0000362,2023-01-01,CUST-012579,Central,PRD-0057,Beauty & Health,ACC-0094,WH-01,1,14.27,Wallet Credit,2.2,True,False
ORD-0000363,2023-01-01,CUST-026464,Central,PRD-0077,Books & Media,ACC-0224,WH-01,3,46.65,Online Payment,2.4,True,False
ORD-0000364,2023-01-01,CUST-029207,South,PRD-0110,Grocery & Gourmet,ACC-0035,WH-03,1,47.39,Online Payment,3.3,True,False
ORD-0000365,2023-01-01,CUST-006648,East,PRD-0105,Grocery & Gourmet,ACC-0229,WH-04,3,75.54,Cash on Delivery,3.1,True,False
ORD-0000366,2023-01-01,CUST-029295,East,PRD-0096,Digital Goods,ACC-0089,WH-04,1,25.53,Wallet Credit,3.6,True,False
ORD-0000367,2023-01-01,CUST-018296,Central,PRD-0066,Beauty & Health,ACC-0139,WH-01,1,57.2,Online Payment,4.1,False,False
ORD-0000368,2023-01-01,CUST-013246,West,PRD-0110,Grocery & Gourmet,ACC-0133,WH-05,2,94.78,Online Payment,3.9,True,False
ORD-0000369,2023-01-01,CUST-007119,North,PRD-0061,Beauty & Health,ACC-0179,WH-02,3,39.45,Wallet Credit,3.1,True,False
ORD-0000370,2023-01-01,CUST-018517,East,PRD-0004,Mobile & Tablet,ACC-0058,WH-04,1,179.1,Wallet Credit,3.6,True,False
ORD-0000371,2023-01-01,CUST-001030,Central,PRD-0095,Digital Goods,ACC-0035,WH-01,2,65.14,Wallet Credit,2.2,True,False
ORD-0000372,2023-01-01,CUST-003405,North,PRD-0078,Books & Media,ACC-0025,WH-02,3,53.64,Wallet Credit,3.0,True,False
ORD-0000373,2023-01-01,CUST-022732,East,PRD-0148,Sports & Outdoor,ACC-0062,WH-04,2,271.1,Wallet Credit,3.5,True,False
ORD-0000374,2023-01-01,CUST-011217,West,PRD-0118,Grocery & Gourmet,ACC-0224,WH-05,1,47.24,Online Payment,3.4,True,False
ORD-0000375,2023-01-01,CUST-034265,South,PRD-0074,Books & Media,ACC-0255,WH-03,3,63.66,Wallet Credit,2.7,True,False
ORD-0000376,2023-01-01,CUST-021792,Central,PRD-0118,Grocery & Gourmet,ACC-0012,WH-01,1,47.24,Installment Plan,1.7,True,False
ORD-0000377,2023-01-01,CUST-017606,North,PRD-0019,Home Appliances,ACC-0068,WH-02,3,1257.39,Cash on Delivery,3.4,True,False
ORD-0000378,2023-01-01,CUST-024703,East,PRD-0140,Sports & Outdoor,ACC-0166,WH-04,2,90.86,Online Payment,3.4,True,False
ORD-0000379,2023-01-01,CUST-007660,East,PRD-0027,Home Appliances,ACC-0187,WH-04,2,259.16,Wallet Credit,3.7,True,False
ORD-0000380,2023-01-01,CUST-002858,East,PRD-0081,Books & Media,ACC-0098,WH-04,3,33.21,Online Payment,5.4,False,False
ORD-0000381,2023-01-01,CUST-022466,South,PRD-0111,Grocery & Gourmet,ACC-0236,WH-03,1,48.04,Wallet Credit,3.7,True,False
ORD-0000382,2023-01-01,CUST-013344,Central,PRD-0114,Grocery & Gourmet,ACC-0070,WH-01,3,90.72,Online Payment,2.5,True,False
ORD-0000383,2023-01-01,CUST-026365,North,PRD-0090,Digital Goods,ACC-0046,WH-01,2,33.76,Cash on Delivery,2.4,True,False
ORD-0000384,2023-01-01,CUST-035746,Central,PRD-0023,Home Appliances,ACC-0160,WH-01,2,1056.14,Online Payment,1.9,True,False
ORD-0000385,2023-01-01,CUST-003509,North,PRD-0017,Mobile & Tablet,ACC-0229,WH-02,1,186.87,Wallet Credit,3.1,True,False
ORD-0000386,2023-01-01,CUST-013994,Central,PRD-0067,Beauty & Health,ACC-0141,WH-01,1,15.54,Online Payment,2.7,True,False
ORD-0000387,2023-01-01,CUST-031732,South,PRD-0019,Home Appliances,ACC-0078,WH-03,1,419.13,Cash on Delivery,3.5,True,False
ORD-0000388,2023-01-01,CUST-006967,East,PRD-0036,Fashion & Apparel,ACC-0163,WH-04,1,83.22,Wallet Credit,3.1,True,False
ORD-0000389,2023-01-01,CUST-007158,West,PRD-0076,Books & Media,ACC-0216,WH-01,1,7.78,Online Payment,2.8,True,False
ORD-0000390,2023-01-01,CUST-024466,East,PRD-0093,Digital Goods,ACC-0207,WH-04,3,106.8,Cash on Delivery,3.2,True,False
ORD-0000391,2023-01-01,CUST-030369,East,PRD-0077,Books & Media,ACC-0047,WH-04,3,46.65,Online Payment,3.3,True,False
ORD-0000392,2023-01-01,CUST-032651,North,PRD-0148,Sports & Outdoor,ACC-0225,WH-02,2,271.1,Online Payment,2.9,True,False
ORD-0000393,2023-01-01,CUST-028909,Central,PRD-0015,Mobile & Tablet,ACC-0026,WH-01,2,1333.62,Online Payment,2.8,True,False
ORD-0000394,2023-01-01,CUST-034461,East,PRD-0106,Grocery & Gourmet,ACC-0028,WH-04,1,28.58,Wallet Credit,4.9,False,False
ORD-0000395,2023-01-01,CUST-006361,East,PRD-0122,Home & Kitchen,ACC-0258,WH-04,1,60.21,Wallet Credit,3.8,True,False
ORD-0000396,2023-01-01,CUST-035853,Central,PRD-0036,Fashion & Apparel,ACC-0001,WH-01,3,249.66,Online Payment,2.4,True,False
ORD-0000397,2023-01-01,CUST-028794,South,PRD-0149,Sports & Outdoor,ACC-0087,WH-03,1,81.88,Online Payment,3.1,True,False
ORD-0000398,2023-01-01,CUST-018004,South,PRD-0113,Grocery & Gourmet,ACC-0095,WH-03,3,51.03,Online Payment,3.2,True,False
ORD-0000399,2023-01-01,CUST-023637,Central,PRD-0014,Mobile & Tablet,ACC-0063,WH-01,1,280.0,Wallet Credit,1.9,True,False
ORD-0000400,2023-01-01,CUST-027157,West,PRD-0082,Books & Media,ACC-0001,WH-01,1,13.77,Online Payment,2.2,True,False
ORD-0000401,2023-01-01,CUST-010370,Central,PRD-0054,Beauty & Health,ACC-0178,WH-01,1,29.31,Wallet Credit,2.3,True,False
ORD-0000402,2023-01-01,CUST-014799,East,PRD-0122,Home & Kitchen,ACC-0040,WH-04,1,60.21,Cash on Delivery,4.0,True,False
ORD-0000403,2023-01-01,CUST-030631,North,PRD-0067,Beauty & Health,ACC-0105,WH-02,1,15.54,Installment Plan,3.1,True,False
ORD-0000404,2023-01-01,CUST-026113,Central,PRD-0041,Fashion & Apparel,ACC-0107,WH-01,1,38.91,Cash on Delivery,3.5,False,False
ORD-0000405,2023-01-01,CUST-019105,Central,PRD-0030,Home Appliances,ACC-0160,WH-01,2,291.52,Online Payment,1.9,True,True
ORD-0000406,2023-01-01,CUST-016044,Central,PRD-0126,Home & Kitchen,ACC-0075,WH-01,2,116.3,Online Payment,1.8,True,False
ORD-0000407,2023-01-01,CUST-031778,South,PRD-0100,Digital Goods,ACC-0226,WH-03,1,10.71,Installment Plan,3.4,True,False
ORD-0000408,2023-01-01,CUST-024891,Central,PRD-0117,Grocery & Gourmet,ACC-0105,WH-01,3,74.58,Online Payment,2.5,True,False
ORD-0000409,2023-01-01,CUST-027095,West,PRD-0051,Fashion & Apparel,ACC-0087,WH-05,1,29.63,Online Payment,3.3,True,True
ORD-0000410,2023-01-01,CUST-033463,Central,PRD-0124,Home & Kitchen,ACC-0252,WH-01,3,79.38,Wallet Credit,2.9,True,False
ORD-0000411,2023-01-01,CUST-011515,East,PRD-0107,Grocery & Gourmet,ACC-0185,WH-01,2,58.16,Online Payment,3.2,False,False
ORD-0000412,2023-01-01,CUST-007361,East,PRD-0004,Mobile & Tablet,ACC-0195,WH-04,2,358.2,Online Payment,3.5,True,False
ORD-0000413,2023-01-01,CUST-001045,Central,PRD-0116,Grocery & Gourmet,ACC-0153,WH-01,2,78.28,Online Payment,2.2,True,False
ORD-0000414,2023-01-01,CUST-033947,Central,PRD-0048,Fashion & Apparel,ACC-0088,WH-01,2,143.16,Online Payment,2.0,True,False
ORD-0000415,2023-01-01,CUST-016652,North,PRD-0024,Home Appliances,ACC-0137,WH-02,2,525.6,Online Payment,3.7,True,False
ORD-0000416,2023-01-01,CUST-003764,South,PRD-0048,Fashion & Apparel,ACC-0082,WH-03,2,143.16,Wallet Credit,4.0,True,False
ORD-0000417,2023-01-01,CUST-013738,West,PRD-0021,Home Appliances,ACC-0131,WH-05,2,238.96,Wallet Credit,3.1,True,False
ORD-0000418,2023-01-01,CUST-017819,Central,PRD-0045,Fashion & Apparel,ACC-0103,WH-01,1,23.46,Installment Plan,2.3,True,False
ORD-0000419,2023-01-01,CUST-001986,North,PRD-0078,Books & Media,ACC-0186,WH-02,2,35.76,Cash on Delivery,2.6,True,False
ORD-0000420,2023-01-01,CUST-020916,Central,PRD-0077,Books & Media,ACC-0062,WH-01,2,31.1,Cash on Delivery,2.2,True,False
ORD-0000421,2023-01-01,CUST-033317,South,PRD-0065,Beauty & Health,ACC-0170,WH-03,2,54.18,Wallet Credit,3.2,True,False
ORD-0000422,2023-01-01,CUST-027359,West,PRD-0038,Fashion & Apparel,ACC-0090,WH-05,2,83.46,Cash on Delivery,3.6,True,False
ORD-0000423,2023-01-01,CUST-010189,West,PRD-0007,Mobile & Tablet,ACC-0114,WH-05,3,1624.98,Online Payment,3.9,True,False
ORD-0000424,2023-01-01,CUST-028662,Central,PRD-0059,Beauty & Health,ACC-0240,WH-01,2,72.62,Wallet Credit,3.0,True,False
ORD-0000425,2023-01-01,CUST-026057,North,PRD-0103,Grocery & Gourmet,ACC-0082,WH-02,1,25.76,Wallet Credit,3.0,True,False
ORD-0000426,2023-01-01,CUST-013113,East,PRD-0042,Fashion & Apparel,ACC-0121,WH-04,1,94.22,Online Payment,3.5,True,False
ORD-0000427,2023-01-01,CUST-014345,South,PRD-0150,Sports & Outdoor,ACC-0087,WH-03,1,72.49,Online Payment,3.0,True,False
ORD-0000428,2023-01-01,CUST-006879,South,PRD-0054,Beauty & Health,ACC-0006,WH-03,1,29.31,Online Payment,4.4,False,False
ORD-0000429,2023-01-01,CUST-025962,Central,PRD-0111,Grocery & Gourmet,ACC-0259,WH-01,2,96.08,Installment Plan,2.5,True,False
ORD-0000430,2023-01-01,CUST-025109,Central,PRD-0143,Sports & Outdoor,ACC-0120,WH-01,1,45.69,Online Payment,3.2,False,False
ORD-0000431,2023-01-01,CUST-007049,North,PRD-0099,Digital Goods,ACC-0052,WH-02,2,46.54,Wallet Credit,3.7,True,False
ORD-0000432,2023-01-01,CUST-031669,South,PRD-0109,Grocery & Gourmet,ACC-0069,WH-03,3,34.44,Online Payment,3.5,True,False
ORD-0000433,2023-01-01,CUST-016427,East,PRD-0016,Mobile & Tablet,ACC-0255,WH-04,3,1265.55,Wallet Credit,2.8,True,False
ORD-0000434,2023-01-01,CUST-030463,North,PRD-0152,Sports & Outdoor,ACC-0133,WH-02,1,54.78,Online Payment,2.9,True,False
ORD-0000435,2023-01-01,CUST-003204,East,PRD-0110,Grocery & Gourmet,ACC-0193,WH-04,3,142.17,Online Payment,3.2,True,False
ORD-0000436,2023-01-01,CUST-031131,West,PRD-0096,Digital Goods,ACC-0088,WH-05,1,25.53,Cash on Delivery,3.9,True,False
ORD-0000437,2023-01-01,CUST-022969,Central,PRD-0039,Fashion & Apparel,ACC-0131,WH-01,2,115.9,Cash on Delivery,1.8,True,False
ORD-0000438,2023-01-01,CUST-025689,North,PRD-0025,Home Appliances,ACC-0229,WH-02,1,178.8,Online Payment,2.7,True,False
ORD-0000439,2023-01-01,CUST-023522,Central,PRD-0012,Mobile & Tablet,ACC-0096,WH-01,1,474.88,Cash on Delivery,3.0,True,False
ORD-0000440,2023-01-01,CUST-023314,Central,PRD-0056,Beauty & Health,ACC-0197,WH-01,1,23.51,Wallet Credit,1.9,True,False
ORD-0000441,2023-01-01,CUST-027334,East,PRD-0145,Sports & Outdoor,ACC-0013,WH-04,3,89.37,Wallet Credit,3.0,True,False
ORD-0000442,2023-01-01,CUST-022229,East,PRD-0061,Beauty & Health,ACC-0125,WH-04,1,13.15,Online Payment,2.9,True,False
ORD-0000443,2023-01-01,CUST-022466,South,PRD-0069,Books & Media,ACC-0145,WH-03,1,19.93,Cash on Delivery,3.8,True,False
ORD-0000444,2023-01-01,CUST-017954,East,PRD-0106,Grocery & Gourmet,ACC-0089,WH-04,1,28.58,Cash on Delivery,3.3,True,False
ORD-0000445,2023-01-01,CUST-030055,Central,PRD-0079,Books & Media,ACC-0019,WH-01,1,9.98,Wallet Credit,3.5,False,False
ORD-0000446,2023-01-01,CUST-033260,Central,PRD-0064,Beauty & Health,ACC-0100,WH-01,2,57.88,Online Payment,1.8,True,False
ORD-0000447,2023-01-01,CUST-019871,Central,PRD-0051,Fashion & Apparel,ACC-0144,WH-01,1,29.63,Cash on Delivery,3.1,False,False
ORD-0000448,2023-01-01,CUST-008989,East,PRD-0108,Grocery & Gourmet,ACC-0162,WH-04,1,15.58,Cash on Delivery,3.4,True,False
ORD-0000449,2023-01-01,CUST-017640,West,PRD-0048,Fashion & Apparel,ACC-0171,WH-05,1,71.58,Online Payment,3.2,True,False
ORD-0000450,2023-01-01,CUST-026364,Central,PRD-0040,Fashion & Apparel,ACC-0182,WH-01,2,71.18,Online Payment,2.2,True,False
ORD-0000451,2023-01-01,CUST-035890,Central,PRD-0114,Grocery & Gourmet,ACC-0189,WH-01,1,30.24,Online Payment,2.2,True,False
ORD-0000452,2023-01-01,CUST-003440,North,PRD-0020,Home Appliances,ACC-0141,WH-02,2,1051.74,Online Payment,2.6,True,False
ORD-0000453,2023-01-01,CUST-015318,East,PRD-0013,Mobile & Tablet,ACC-0160,WH-04,3,1056.6,Online Payment,3.8,True,False
ORD-0000454,2023-01-01,CUST-025358,Central,PRD-0012,Mobile & Tablet,ACC-0139,WH-01,2,949.76,Online Payment,2.1,True,False
ORD-0000455,2023-01-01,CUST-020292,Central,PRD-0078,Books & Media,ACC-0219,WH-01,1,17.88,Cash on Delivery,2.7,True,False
ORD-0000456,2023-01-01,CUST-033566,North,PRD-0107,Grocery & Gourmet,ACC-0092,WH-02,3,87.24,Cash on Delivery,3.4,True,False
ORD-0000457,2023-01-01,CUST-023553,South,PRD-0147,Sports & Outdoor,ACC-0070,WH-03,1,131.3,Cash on Delivery,3.2,True,False
ORD-0000458,2023-01-01,CUST-000046,Central,PRD-0082,Books & Media,ACC-0043,WH-01,3,41.31,Online Payment,1.8,True,False
ORD-0000459,2023-01-01,CUST-029916,North,PRD-0109,Grocery & Gourmet,ACC-0009,WH-02,2,22.96,Online Payment,2.7,True,False
ORD-0000460,2023-01-01,CUST-025713,North,PRD-0011,Mobile & Tablet,ACC-0202,WH-01,2,1472.64,Online Payment,2.3,True,False
ORD-0000461,2023-01-01,CUST-008948,West,PRD-0054,Beauty & Health,ACC-0245,WH-01,3,87.93,Wallet Credit,1.9,True,True
ORD-0000462,2023-01-01,CUST-009885,South,PRD-0144,Sports & Outdoor,ACC-0025,WH-03,1,72.68,Cash on Delivery,3.5,True,False
ORD-0000463,2023-01-01,CUST-027842,East,PRD-0096,Digital Goods,ACC-0028,WH-04,2,51.06,Cash on Delivery,3.4,True,False
ORD-0000464,2023-01-01,CUST-012325,North,PRD-0113,Grocery & Gourmet,ACC-0256,WH-02,3,51.03,Wallet Credit,2.8,True,False
ORD-0000465,2023-01-01,CUST-004649,West,PRD-0113,Grocery & Gourmet,ACC-0139,WH-05,3,51.03,Online Payment,4.6,False,False
ORD-0000466,2023-01-02,CUST-000268,Central,PRD-0066,Beauty & Health,ACC-0184,WH-01,2,114.4,Online Payment,3.4,False,False
ORD-0000467,2023-01-02,CUST-012579,Central,PRD-0054,Beauty & Health,ACC-0090,WH-01,3,87.93,Online Payment,3.8,False,False
ORD-0000468,2023-01-02,CUST-010262,West,PRD-0062,Beauty & Health,ACC-0087,WH-01,1,39.19,Online Payment,2.4,True,False
ORD-0000469,2023-01-02,CUST-026464,Central,PRD-0045,Fashion & Apparel,ACC-0241,WH-01,2,46.92,Online Payment,2.3,True,True
ORD-0000470,2023-01-02,CUST-026364,Central,PRD-0147,Sports & Outdoor,ACC-0219,WH-01,1,131.3,Wallet Credit,2.1,True,False
ORD-0000471,2023-01-02,CUST-016652,North,PRD-0011,Mobile & Tablet,ACC-0109,WH-02,2,1472.64,Installment Plan,2.7,True,True
ORD-0000472,2023-01-02,CUST-017737,South,PRD-0115,Grocery & Gourmet,ACC-0010,WH-03,1,18.91,Online Payment,3.9,True,False
ORD-0000473,2023-01-02,CUST-014438,Central,PRD-0069,Books & Media,ACC-0129,WH-01,1,19.93,Wallet Credit,2.0,True,False
ORD-0000474,2023-01-02,CUST-007464,Central,PRD-0007,Mobile & Tablet,ACC-0006,WH-01,1,541.66,Online Payment,1.9,True,False
ORD-0000475,2023-01-02,CUST-030658,North,PRD-0065,Beauty & Health,ACC-0014,WH-02,1,27.09,Online Payment,2.7,True,False
ORD-0000476,2023-01-02,CUST-000576,West,PRD-0075,Books & Media,ACC-0053,WH-05,3,65.58,Wallet Credit,3.4,True,False
ORD-0000477,2023-01-02,CUST-022643,East,PRD-0111,Grocery & Gourmet,ACC-0155,WH-04,3,144.12,Cash on Delivery,3.9,True,False
ORD-0000478,2023-01-02,CUST-032171,Central,PRD-0015,Mobile & Tablet,ACC-0130,WH-01,2,1333.62,Cash on Delivery,1.9,True,False
ORD-0000479,2023-01-02,CUST-001684,South,PRD-0041,Fashion & Apparel,ACC-0226,WH-03,1,38.91,Installment Plan,3.7,True,False
ORD-0000480,2023-01-02,CUST-031439,North,PRD-0094,Digital Goods,ACC-0036,WH-02,1,31.33,Cash on Delivery,3.1,True,False
ORD-0000481,2023-01-02,CUST-023221,Central,PRD-0144,Sports & Outdoor,ACC-0001,WH-01,2,145.36,Installment Plan,2.1,True,False
ORD-0000482,2023-01-02,CUST-000865,South,PRD-0077,Books & Media,ACC-0091,WH-03,1,15.55,Cash on Delivery,2.7,True,False
ORD-0000483,2023-01-02,CUST-023159,Central,PRD-0143,Sports & Outdoor,ACC-0123,WH-01,2,91.38,Installment Plan,2.2,True,False
ORD-0000484,2023-01-02,CUST-011237,South,PRD-0114,Grocery & Gourmet,ACC-0177,WH-03,1,30.24,Installment Plan,3.4,True,False
ORD-0000485,2023-01-02,CUST-024847,Central,PRD-0050,Fashion & Apparel,ACC-0009,WH-01,1,30.13,Wallet Credit,2.0,True,False
ORD-0000486,2023-01-02,CUST-006492,Central,PRD-0152,Sports & Outdoor,ACC-0135,WH-01,2,109.56,Wallet Credit,2.4,True,False
ORD-0000487,2023-01-02,CUST-030325,South,PRD-0069,Books & Media,ACC-0241,WH-03,1,19.93,Wallet Credit,3.0,True,False
ORD-0000488,2023-01-02,CUST-026281,Central,PRD-0037,Fashion & Apparel,ACC-0089,WH-01,1,25.53,Online Payment,2.4,True,True
ORD-0000489,2023-01-02,CUST-032704,Central,PRD-0013,Mobile & Tablet,ACC-0170,WH-01,1,352.2,Wallet Credit,3.4,False,False
ORD-0000490,2023-01-02,CUST-016649,Central,PRD-0151,Sports & Outdoor,ACC-0003,WH-01,1,30.86,Online Payment,2.5,True,False
ORD-0000491,2023-01-02,CUST-023559,East,PRD-0116,Grocery & Gourmet,ACC-0114,WH-04,3,117.42,Installment Plan,3.3,True,False
ORD-0000492,2023-01-02,CUST-035759,Central,PRD-0070,Books & Media,ACC-0160,WH-01,2,44.44,Online Payment,2.5,True,False
ORD-0000493,2023-01-02,CUST-008241,West,PRD-0083,Books & Media,ACC-0155,WH-05,3,58.02,Installment Plan,4.6,False,False
ORD-0000494,2023-01-02,CUST-033189,South,PRD-0113,Grocery & Gourmet,ACC-0033,WH-03,1,17.01,Online Payment,3.1,True,False
ORD-0000495,2023-01-02,CUST-023559,East,PRD-0117,Grocery & Gourmet,ACC-0077,WH-04,1,24.86,Online Payment,3.1,True,False
ORD-0000496,2023-01-02,CUST-022901,North,PRD-0079,Books & Media,ACC-0142,WH-02,3,29.94,Online Payment,3.8,True,False
ORD-0000497,2023-01-02,CUST-017637,West,PRD-0151,Sports & Outdoor,ACC-0106,WH-05,1,30.86,Online Payment,3.7,True,False
ORD-0000498,2023-01-02,CUST-025961,South,PRD-0032,Home Appliances,ACC-0200,WH-03,1,322.23,Online Payment,4.0,True,False
ORD-0000499,2023-01-02,CUST-021449,Central,PRD-0053,Beauty & Health,ACC-0134,WH-01,2,98.94,Online Payment,2.5,True,False
ORD-0000500,2023-01-02,CUST-034721,South,PRD-0126,Home & Kitchen,ACC-0257,WH-03,3,174.45,Online Payment,3.3,True,False
ORD-0000501,2023-01-02,CUST-018449,Central,PRD-0013,Mobile & Tablet,ACC-0219,WH-01,3,1056.6,Online Payment,2.3,True,False
ORD-0000502,2023-01-02,CUST-000634,Central,PRD-0140,Sports & Outdoor,ACC-0130,WH-01,1,45.43,Online Payment,2.5,True,False
ORD-0000503,2023-01-02,CUST-012250,East,PRD-0123,Home & Kitchen,ACC-0074,WH-04,1,82.38,Online Payment,3.4,True,False
ORD-0000504,2023-01-02,CUST-009220,North,PRD-0024,Home Appliances,ACC-0255,WH-02,3,788.4,Online Payment,4.4,False,False
ORD-0000505,2023-01-02,CUST-028260,West,PRD-0085,Books & Media,ACC-0063,WH-05,3,20.61,Online Payment,3.6,True,False
ORD-0000506,2023-01-02,CUST-017360,East,PRD-0015,Mobile & Tablet,ACC-0052,WH-04,1,666.81,Cash on Delivery,3.0,True,False
ORD-0000507,2023-01-02,CUST-001272,Central,PRD-0148,Sports & Outdoor,ACC-0062,WH-01,3,406.65,Cash on Delivery,2.1,True,True
ORD-0000508,2023-01-02,CUST-025046,Central,PRD-0004,Mobile & Tablet,ACC-0015,WH-01,2,358.2,Installment Plan,1.9,True,False
ORD-0000509,2023-01-02,CUST-017358,South,PRD-0003,Mobile & Tablet,ACC-0156,WH-03,3,679.59,Wallet Credit,3.4,True,False
ORD-0000510,2023-01-02,CUST-014374,Central,PRD-0071,Books & Media,ACC-0048,WH-01,1,7.91,Cash on Delivery,2.5,True,False
ORD-0000511,2023-01-02,CUST-026219,East,PRD-0042,Fashion & Apparel,ACC-0196,WH-04,1,94.22,Online Payment,3.5,True,True
ORD-0000512,2023-01-02,CUST-018065,West,PRD-0153,Sports & Outdoor,ACC-0220,WH-05,3,241.74,Installment Plan,3.3,True,False
ORD-0000513,2023-01-02,CUST-024703,East,PRD-0044,Fashion & Apparel,ACC-0185,WH-04,3,235.41,Wallet Credit,3.5,True,False
ORD-0000514,2023-01-02,CUST-033500,West,PRD-0114,Grocery & Gourmet,ACC-0018,WH-05,3,90.72,Online Payment,3.6,True,False
ORD-0000515,2023-01-02,CUST-030105,North,PRD-0113,Grocery & Gourmet,ACC-0249,WH-02,2,34.02,Online Payment,3.4,True,False
ORD-0000516,2023-01-02,CUST-020320,Central,PRD-0047,Fashion & Apparel,ACC-0006,WH-01,1,78.09,Cash on Delivery,2.7,True,False
ORD-0000517,2023-01-02,CUST-010071,East,PRD-0086,Digital Goods,ACC-0136,WH-04,2,49.98,Wallet Credit,3.9,True,False
ORD-0000518,2023-01-02,CUST-016569,North,PRD-0045,Fashion & Apparel,ACC-0183,WH-02,1,23.46,Online Payment,3.0,True,False
ORD-0000519,2023-01-02,CUST-024739,West,PRD-0051,Fashion & Apparel,ACC-0171,WH-05,2,59.26,Wallet Credit,3.3,True,False
ORD-0000520,2023-01-02,CUST-031455,West,PRD-0049,Fashion & Apparel,ACC-0075,WH-05,3,243.81,Online Payment,3.4,True,True
ORD-0000521,2023-01-02,CUST-028040,West,PRD-0137,Sports & Outdoor,ACC-0089,WH-05,1,110.32,Online Payment,3.3,True,False
ORD-0000522,2023-01-02,CUST-009093,Central,PRD-0084,Books & Media,ACC-0179,WH-01,1,10.36,Online Payment,2.0,True,False
ORD-0000523,2023-01-02,CUST-012338,Central,PRD-0019,Home Appliances,ACC-0019,WH-01,1,419.13,Installment Plan,2.0,True,False
ORD-0000524,2023-01-02,CUST-025188,Central,PRD-0085,Books & Media,ACC-0126,WH-01,3,20.61,Cash on Delivery,2.6,True,False
ORD-0000525,2023-01-02,CUST-000390,West,PRD-0037,Fashion & Apparel,ACC-0113,WH-01,1,25.53,Wallet Credit,2.0,True,False
ORD-0000526,2023-01-02,CUST-013951,West,PRD-0124,Home & Kitchen,ACC-0043,WH-05,1,26.46,Wallet Credit,3.9,True,False
ORD-0000527,2023-01-02,CUST-029186,North,PRD-0108,Grocery & Gourmet,ACC-0010,WH-02,2,31.16,Wallet Credit,3.2,True,False
ORD-0000528,2023-01-02,CUST-000722,Central,PRD-0099,Digital Goods,ACC-0089,WH-01,2,46.54,Cash on Delivery,3.1,False,False
ORD-0000529,2023-01-02,CUST-017652,East,PRD-0099,Digital Goods,ACC-0219,WH-04,3,69.81,Cash on Delivery,3.9,True,False
ORD-0000530,2023-01-02,CUST-004406,West,PRD-0128,Home & Kitchen,ACC-0057,WH-05,1,95.86,Online Payment,3.1,True,False
ORD-0000531,2023-01-02,CUST-035761,Central,PRD-0072,Books & Media,ACC-0219,WH-01,2,11.74,Online Payment,2.0,True,False
ORD-0000532,2023-01-02,CUST-006422,South,PRD-0043,Fashion & Apparel,ACC-0249,WH-03,1,53.32,Online Payment,3.0,True,False
ORD-0000533,2023-01-02,CUST-003644,West,PRD-0052,Beauty & Health,ACC-0120,WH-01,1,50.83,Cash on Delivery,2.9,True,False
ORD-0000534,2023-01-02,CUST-002509,West,PRD-0035,Fashion & Apparel,ACC-0204,WH-05,2,181.12,Online Payment,3.5,True,False
ORD-0000535,2023-01-02,CUST-013486,Central,PRD-0098,Digital Goods,ACC-0122,WH-01,1,30.06,Installment Plan,2.3,True,False
ORD-0000536,2023-01-02,CUST-021835,Central,PRD-0086,Digital Goods,ACC-0086,WH-01,1,24.99,Online Payment,2.3,True,False
ORD-0000537,2023-01-02,CUST-019894,Central,PRD-0032,Home Appliances,ACC-0082,WH-01,1,322.23,Cash on Delivery,2.1,True,True
ORD-0000538,2023-01-02,CUST-018892,Central,PRD-0016,Mobile & Tablet,ACC-0122,WH-01,2,843.7,Online Payment,2.1,True,False
ORD-0000539,2023-01-02,CUST-018462,Central,PRD-0131,Home & Kitchen,ACC-0198,WH-01,3,306.33,Installment Plan,2.3,True,False
ORD-0000540,2023-01-02,CUST-007618,North,PRD-0143,Sports & Outdoor,ACC-0013,WH-02,1,45.69,Cash on Delivery,2.8,True,False
ORD-0000541,2023-01-02,CUST-014975,North,PRD-0139,Sports & Outdoor,ACC-0115,WH-02,1,78.53,Online Payment,3.3,True,False
ORD-0000542,2023-01-02,CUST-024814,Central,PRD-0106,Grocery & Gourmet,ACC-0187,WH-01,2,57.16,Online Payment,2.0,True,False
ORD-0000543,2023-01-02,CUST-029219,North,PRD-0030,Home Appliances,ACC-0136,WH-02,2,291.52,Cash on Delivery,2.7,True,False
ORD-0000544,2023-01-02,CUST-005491,South,PRD-0009,Mobile & Tablet,ACC-0125,WH-03,1,546.26,Online Payment,3.6,True,False
ORD-0000545,2023-01-02,CUST-033026,South,PRD-0064,Beauty & Health,ACC-0151,WH-03,2,57.88,Online Payment,3.1,True,False
ORD-0000546,2023-01-02,CUST-024859,Central,PRD-0101,Digital Goods,ACC-0218,WH-01,2,38.46,Online Payment,1.8,True,False
ORD-0000547,2023-01-02,CUST-035781,North,PRD-0019,Home Appliances,ACC-0180,WH-02,1,419.13,Cash on Delivery,2.7,True,False
ORD-0000548,2023-01-02,CUST-026436,East,PRD-0092,Digital Goods,ACC-0102,WH-04,1,19.67,Cash on Delivery,3.4,True,False
ORD-0000549,2023-01-02,CUST-030792,South,PRD-0129,Home & Kitchen,ACC-0158,WH-03,3,111.6,Online Payment,3.1,True,False
ORD-0000550,2023-01-02,CUST-028093,Central,PRD-0104,Grocery & Gourmet,ACC-0060,WH-01,2,28.52,Online Payment,2.4,True,False
ORD-0000551,2023-01-02,CUST-027881,East,PRD-0032,Home Appliances,ACC-0132,WH-04,1,322.23,Online Payment,3.3,True,False
ORD-0000552,2023-01-02,CUST-021130,Central,PRD-0028,Home Appliances,ACC-0177,WH-01,2,999.76,Online Payment,2.0,True,False
ORD-0000553,2023-01-02,CUST-035948,East,PRD-0096,Digital Goods,ACC-0214,WH-04,2,51.06,Online Payment,3.5,True,False
ORD-0000554,2023-01-02,CUST-002117,East,PRD-0035,Fashion & Apparel,ACC-0187,WH-04,1,90.56,Online Payment,4.5,False,False
ORD-0000555,2023-01-02,CUST-008979,South,PRD-0060,Beauty & Health,ACC-0115,WH-03,3,125.97,Cash on Delivery,3.6,True,False
ORD-0000556,2023-01-02,CUST-033162,Central,PRD-0122,Home & Kitchen,ACC-0006,WH-01,1,60.21,Online Payment,2.0,True,False
ORD-0000557,2023-01-02,CUST-019545,Central,PRD-0078,Books & Media,ACC-0052,WH-01,1,17.88,Online Payment,3.7,False,False
ORD-0000558,2023-01-02,CUST-034995,North,PRD-0021,Home Appliances,ACC-0043,WH-02,2,238.96,Cash on Delivery,2.6,True,False
ORD-0000559,2023-01-02,CUST-034775,West,PRD-0061,Beauty & Health,ACC-0129,WH-05,1,13.15,Online Payment,4.4,False,False
ORD-0000560,2023-01-02,CUST-031951,Central,PRD-0110,Grocery & Gourmet,ACC-0012,WH-01,1,47.39,Online Payment,2.4,True,False
ORD-0000561,2023-01-02,CUST-006568,North,PRD-0110,Grocery & Gourmet,ACC-0222,WH-02,1,47.39,Installment Plan,3.4,True,False
ORD-0000562,2023-01-02,CUST-026173,Central,PRD-0032,Home Appliances,ACC-0088,WH-01,3,966.69,Cash on Delivery,2.8,True,False
ORD-0000563,2023-01-02,CUST-012673,Central,PRD-0153,Sports & Outdoor,ACC-0094,WH-01,2,161.16,Wallet Credit,2.0,True,False
ORD-0000564,2023-01-02,CUST-034835,Central,PRD-0137,Sports & Outdoor,ACC-0016,WH-01,1,110.32,Cash on Delivery,2.3,True,False
ORD-0000565,2023-01-02,CUST-008392,South,PRD-0010,Mobile & Tablet,ACC-0171,WH-03,3,1907.52,Installment Plan,3.4,True,False
ORD-0000566,2023-01-02,CUST-033854,South,PRD-0079,Books & Media,ACC-0224,WH-03,2,19.96,Online Payment,2.9,True,False
ORD-0000567,2023-01-02,CUST-021837,North,PRD-0148,Sports & Outdoor,ACC-0247,WH-02,2,271.1,Wallet Credit,3.0,True,False
ORD-0000568,2023-01-02,CUST-012852,East,PRD-0018,Home Appliances,ACC-0168,WH-04,1,305.22,Installment Plan,4.4,False,False
ORD-0000569,2023-01-02,CUST-019275,West,PRD-0055,Beauty & Health,ACC-0101,WH-05,2,123.08,Online Payment,3.8,True,True
ORD-0000570,2023-01-02,CUST-015269,West,PRD-0031,Home Appliances,ACC-0235,WH-05,2,231.02,Wallet Credit,3.2,True,False
ORD-0000571,2023-01-02,CUST-014357,Central,PRD-0043,Fashion & Apparel,ACC-0089,WH-01,2,106.64,Online Payment,1.9,True,False
ORD-0000572,2023-01-02,CUST-034328,Central,PRD-0061,Beauty & Health,ACC-0170,WH-01,1,13.15,Wallet Credit,2.2,True,False
ORD-0000573,2023-01-02,CUST-017200,Central,PRD-0076,Books & Media,ACC-0249,WH-01,1,7.78,Online Payment,2.1,True,False
ORD-0000574,2023-01-02,CUST-027875,North,PRD-0100,Digital Goods,ACC-0181,WH-02,2,21.42,Wallet Credit,4.0,True,False
ORD-0000575,2023-01-02,CUST-013640,West,PRD-0098,Digital Goods,ACC-0120,WH-01,2,60.12,Online Payment,2.2,True,False
ORD-0000576,2023-01-02,CUST-028164,Central,PRD-0117,Grocery & Gourmet,ACC-0013,WH-01,2,49.72,Online Payment,2.7,True,False
ORD-0000577,2023-01-02,CUST-030260,East,PRD-0019,Home Appliances,ACC-0177,WH-04,2,838.26,Online Payment,3.3,True,False
ORD-0000578,2023-01-02,CUST-007680,North,PRD-0081,Books & Media,ACC-0023,WH-02,1,11.07,Online Payment,4.9,False,False
ORD-0000579,2023-01-02,CUST-033659,North,PRD-0070,Books & Media,ACC-0101,WH-02,1,22.22,Online Payment,3.4,True,False
ORD-0000580,2023-01-02,CUST-024917,Central,PRD-0107,Grocery & Gourmet,ACC-0157,WH-01,1,29.08,Online Payment,2.1,True,False
ORD-0000581,2023-01-02,CUST-032529,North,PRD-0049,Fashion & Apparel,ACC-0142,WH-02,1,81.27,Wallet Credit,3.0,True,True
ORD-0000582,2023-01-02,CUST-030766,South,PRD-0147,Sports & Outdoor,ACC-0115,WH-03,2,262.6,Online Payment,3.6,True,False
ORD-0000583,2023-01-02,CUST-000258,West,PRD-0114,Grocery & Gourmet,ACC-0054,WH-05,1,30.24,Cash on Delivery,3.4,True,False
ORD-0000584,2023-01-02,CUST-032021,West,PRD-0022,Home Appliances,ACC-0030,WH-05,1,265.81,Online Payment,4.0,True,False
ORD-0000585,2023-01-02,CUST-005252,West,PRD-0097,Digital Goods,ACC-0025,WH-05,1,25.18,Installment Plan,4.0,True,False
ORD-0000586,2023-01-02,CUST-020484,North,PRD-0118,Grocery & Gourmet,ACC-0165,WH-02,1,47.24,Online Payment,3.2,True,False
ORD-0000587,2023-01-02,CUST-005573,East,PRD-0032,Home Appliances,ACC-0094,WH-04,3,966.69,Cash on Delivery,3.2,True,False
ORD-0000588,2023-01-02,CUST-008046,West,PRD-0122,Home & Kitchen,ACC-0234,WH-05,3,180.63,Online Payment,3.6,True,False
ORD-0000589,2023-01-02,CUST-003599,West,PRD-0097,Digital Goods,ACC-0167,WH-01,1,25.18,Online Payment,2.5,True,False
ORD-0000590,2023-01-02,CUST-013372,South,PRD-0092,Digital Goods,ACC-0127,WH-03,1,19.67,Cash on Delivery,3.4,True,False
ORD-0000591,2023-01-02,CUST-014173,Central,PRD-0024,Home Appliances,ACC-0098,WH-01,1,262.8,Online Payment,3.1,False,False
ORD-0000592,2023-01-02,CUST-021601,Central,PRD-0063,Beauty & Health,ACC-0259,WH-01,2,55.14,Online Payment,2.0,True,False
ORD-0000593,2023-01-02,CUST-034771,Central,PRD-0068,Beauty & Health,ACC-0012,WH-01,3,179.25,Online Payment,1.9,True,False
ORD-0000594,2023-01-02,CUST-003164,Central,PRD-0087,Digital Goods,ACC-0070,WH-01,2,24.44,Online Payment,2.3,True,False
ORD-0000595,2023-01-02,CUST-035770,Central,PRD-0098,Digital Goods,ACC-0146,WH-01,1,30.06,Cash on Delivery,2.2,True,False
ORD-0000596,2023-01-02,CUST-034157,Central,PRD-0110,Grocery & Gourmet,ACC-0238,WH-01,1,47.39,Online Payment,2.3,True,False
ORD-0000597,2023-01-02,CUST-012273,North,PRD-0111,Grocery & Gourmet,ACC-0043,WH-02,2,96.08,Online Payment,2.6,True,False
ORD-0000598,2023-01-02,CUST-023666,Central,PRD-0101,Digital Goods,ACC-0144,WH-01,1,19.23,Online Payment,2.2,True,False
ORD-0000599,2023-01-02,CUST-010634,South,PRD-0125,Home & Kitchen,ACC-0245,WH-03,3,325.83,Cash on Delivery,2.9,True,False
ORD-0000600,2023-01-02,CUST-018485,East,PRD-0028,Home Appliances,ACC-0049,WH-04,3,1499.64,Cash on Delivery,3.5,True,False
ORD-0000601,2023-01-02,CUST-027632,Central,PRD-0043,Fashion & Apparel,ACC-0105,WH-01,2,106.64,Online Payment,2.1,True,True
ORD-0000602,2023-01-02,CUST-015394,West,PRD-0145,Sports & Outdoor,ACC-0211,WH-01,1,29.79,Online Payment,2.3,True,False
ORD-0000603,2023-01-02,CUST-011456,West,PRD-0077,Books & Media,ACC-0129,WH-05,3,46.65,Installment Plan,3.4,True,False
ORD-0000604,2023-01-02,CUST-015306,East,PRD-0020,Home Appliances,ACC-0064,WH-04,3,1577.61,Online Payment,4.6,False,False
ORD-0000605,2023-01-02,CUST-022179,West,PRD-0092,Digital Goods,ACC-0158,WH-05,1,19.67,Cash on Delivery,4.0,True,False
ORD-0000606,2023-01-02,CUST-034623,East,PRD-0113,Grocery & Gourmet,ACC-0156,WH-04,2,34.02,Online Payment,4.6,False,False
ORD-0000607,2023-01-02,CUST-021693,East,PRD-0135,Home & Kitchen,ACC-0230,WH-04,2,177.34,Cash on Delivery,4.8,False,False
ORD-0000608,2023-01-02,CUST-030657,Central,PRD-0032,Home Appliances,ACC-0057,WH-01,1,322.23,Online Payment,2.9,True,False
ORD-0000609,2023-01-02,CUST-012835,Central,PRD-0045,Fashion & Apparel,ACC-0053,WH-01,2,46.92,Online Payment,2.6,True,False
ORD-0000610,2023-01-02,CUST-005975,West,PRD-0080,Books & Media,ACC-0244,WH-05,2,25.04,Cash on Delivery,4.3,False,False
ORD-0000611,2023-01-02,CUST-004931,South,PRD-0076,Books & Media,ACC-0113,WH-03,1,7.78,Wallet Credit,3.4,True,False
ORD-0000612,2023-01-02,CUST-003013,Central,PRD-0006,Mobile & Tablet,ACC-0250,WH-01,2,723.64,Cash on Delivery,2.3,True,False
ORD-0000613,2023-01-02,CUST-000448,Central,PRD-0056,Beauty & Health,ACC-0177,WH-01,1,23.51,Installment Plan,2.5,True,False
ORD-0000614,2023-01-02,CUST-003568,South,PRD-0053,Beauty & Health,ACC-0091,WH-03,1,49.47,Installment Plan,2.9,True,True
ORD-0000615,2023-01-02,CUST-013615,South,PRD-0096,Digital Goods,ACC-0194,WH-03,3,76.59,Online Payment,2.9,True,False
ORD-0000616,2023-01-02,CUST-006493,West,PRD-0119,Grocery & Gourmet,ACC-0219,WH-05,1,15.1,Online Payment,4.3,False,False
ORD-0000617,2023-01-02,CUST-017709,West,PRD-0121,Home & Kitchen,ACC-0101,WH-01,2,54.6,Online Payment,1.9,True,False
ORD-0000618,2023-01-02,CUST-006773,South,PRD-0151,Sports & Outdoor,ACC-0255,WH-03,2,61.72,Wallet Credit,2.8,True,False
ORD-0000619,2023-01-02,CUST-016751,South,PRD-0019,Home Appliances,ACC-0232,WH-03,2,838.26,Installment Plan,3.9,True,False
ORD-0000620,2023-01-02,CUST-024007,North,PRD-0110,Grocery & Gourmet,ACC-0047,WH-02,3,142.17,Online Payment,3.4,True,False
ORD-0000621,2023-01-02,CUST-011803,Central,PRD-0085,Books & Media,ACC-0176,WH-01,1,6.87,Online Payment,2.4,True,False
ORD-0000622,2023-01-02,CUST-023370,Central,PRD-0102,Digital Goods,ACC-0200,WH-01,1,27.27,Wallet Credit,2.8,True,False
ORD-0000623,2023-01-02,CUST-016554,West,PRD-0084,Books & Media,ACC-0091,WH-05,1,10.36,Installment Plan,3.8,True,False
ORD-0000624,2023-01-02,CUST-035325,South,PRD-0109,Grocery & Gourmet,ACC-0196,WH-03,2,22.96,Installment Plan,3.9,True,False
ORD-0000625,2023-01-02,CUST-003753,North,PRD-0058,Beauty & Health,ACC-0246,WH-02,1,43.27,Cash on Delivery,3.2,True,False
ORD-0000626,2023-01-02,CUST-016918,North,PRD-0134,Home & Kitchen,ACC-0186,WH-02,1,117.79,Online Payment,3.3,True,False
ORD-0000627,2023-01-02,CUST-009574,North,PRD-0127,Home & Kitchen,ACC-0012,WH-02,3,341.94,Online Payment,2.9,True,True
ORD-0000628,2023-01-02,CUST-029050,South,PRD-0009,Mobile & Tablet,ACC-0124,WH-01,1,546.26,Wallet Credit,1.8,True,False
ORD-0000629,2023-01-02,CUST-013074,South,PRD-0034,Home Appliances,ACC-0153,WH-03,2,265.96,Cash on Delivery,3.3,True,False
ORD-0000630,2023-01-02,CUST-020689,Central,PRD-0085,Books & Media,ACC-0183,WH-01,1,6.87,Cash on Delivery,2.4,True,False
ORD-0000631,2023-01-02,CUST-000351,North,PRD-0058,Beauty & Health,ACC-0136,WH-02,2,86.54,Online Payment,3.6,True,False
ORD-0000632,2023-01-02,CUST-024867,Central,PRD-0147,Sports & Outdoor,ACC-0109,WH-01,2,262.6,Online Payment,1.9,True,False
ORD-0000633,2023-01-02,CUST-003379,South,PRD-0068,Beauty & Health,ACC-0159,WH-03,2,119.5,Online Payment,3.2,True,False
ORD-0000634,2023-01-02,CUST-017117,North,PRD-0063,Beauty & Health,ACC-0259,WH-02,1,27.57,Installment Plan,3.7,True,False
ORD-0000635,2023-01-02,CUST-034024,North,PRD-0042,Fashion & Apparel,ACC-0038,WH-02,2,188.44,Cash on Delivery,3.3,True,False
ORD-0000636,2023-01-02,CUST-013294,Central,PRD-0032,Home Appliances,ACC-0118,WH-01,1,322.23,Wallet Credit,2.3,True,False
ORD-0000637,2023-01-02,CUST-009117,Central,PRD-0012,Mobile & Tablet,ACC-0133,WH-01,1,474.88,Online Payment,2.2,True,True
ORD-0000638,2023-01-02,CUST-013929,Central,PRD-0106,Grocery & Gourmet,ACC-0144,WH-01,2,57.16,Installment Plan,1.7,True,False
ORD-0000639,2023-01-02,CUST-035888,South,PRD-0068,Beauty & Health,ACC-0110,WH-01,2,119.5,Online Payment,3.9,False,False
ORD-0000640,2023-01-02,CUST-023314,Central,PRD-0074,Books & Media,ACC-0017,WH-01,2,42.44,Online Payment,2.4,True,False
ORD-0000641,2023-01-02,CUST-017243,South,PRD-0013,Mobile & Tablet,ACC-0176,WH-03,1,352.2,Cash on Delivery,3.7,True,False
ORD-0000642,2023-01-02,CUST-028690,North,PRD-0141,Sports & Outdoor,ACC-0204,WH-02,2,89.38,Online Payment,3.0,True,False
ORD-0000643,2023-01-02,CUST-001788,Central,PRD-0065,Beauty & Health,ACC-0174,WH-01,2,54.18,Wallet Credit,2.9,True,False
ORD-0000644,2023-01-02,CUST-006154,South,PRD-0068,Beauty & Health,ACC-0034,WH-03,1,59.75,Online Payment,2.8,True,False
ORD-0000645,2023-01-02,CUST-025877,North,PRD-0130,Home & Kitchen,ACC-0075,WH-02,1,30.56,Online Payment,2.7,True,False
ORD-0000646,2023-01-02,CUST-027725,Central,PRD-0052,Beauty & Health,ACC-0180,WH-01,2,101.66,Cash on Delivery,2.3,True,False
ORD-0000647,2023-01-02,CUST-011164,West,PRD-0004,Mobile & Tablet,ACC-0077,WH-05,1,179.1,Wallet Credit,3.9,True,False
ORD-0000648,2023-01-02,CUST-018044,West,PRD-0136,Home & Kitchen,ACC-0105,WH-05,3,120.39,Installment Plan,3.4,True,False
ORD-0000649,2023-01-02,CUST-009531,East,PRD-0014,Mobile & Tablet,ACC-0084,WH-04,2,560.0,Online Payment,3.5,True,False
ORD-0000650,2023-01-02,CUST-013538,North,PRD-0112,Grocery & Gourmet,ACC-0218,WH-02,2,27.12,Online Payment,2.8,True,False
ORD-0000651,2023-01-02,CUST-019622,Central,PRD-0066,Beauty & Health,ACC-0059,WH-01,1,57.2,Online Payment,2.3,True,False
ORD-0000652,2023-01-02,CUST-020139,East,PRD-0089,Digital Goods,ACC-0132,WH-01,2,72.84,Installment Plan,2.2,True,False
ORD-0000653,2023-01-02,CUST-006637,Central,PRD-0013,Mobile & Tablet,ACC-0085,WH-01,1,352.2,Online Payment,2.4,True,False
ORD-0000654,2023-01-02,CUST-006435,North,PRD-0077,Books & Media,ACC-0052,WH-02,2,31.1,Online Payment,2.8,True,False
ORD-0000655,2023-01-02,CUST-018965,Central,PRD-0152,Sports & Outdoor,ACC-0084,WH-01,1,54.78,Online Payment,1.9,True,False
ORD-0000656,2023-01-02,CUST-004868,East,PRD-0044,Fashion & Apparel,ACC-0182,WH-04,2,156.94,Online Payment,3.7,True,False
ORD-0000657,2023-01-02,CUST-004446,Central,PRD-0146,Sports & Outdoor,ACC-0033,WH-01,1,94.23,Wallet Credit,3.8,False,False
ORD-0000658,2023-01-02,CUST-009818,East,PRD-0045,Fashion & Apparel,ACC-0198,WH-04,1,23.46,Online Payment,3.0,True,False
ORD-0000659,2023-01-02,CUST-031587,Central,PRD-0095,Digital Goods,ACC-0255,WH-01,3,97.71,Cash on Delivery,1.8,True,False
ORD-0000660,2023-01-02,CUST-032301,West,PRD-0093,Digital Goods,ACC-0250,WH-05,2,71.2,Cash on Delivery,3.1,True,False
ORD-0000661,2023-01-02,CUST-010985,Central,PRD-0127,Home & Kitchen,ACC-0224,WH-01,1,113.98,Online Payment,2.3,True,False
ORD-0000662,2023-01-02,CUST-017332,Central,PRD-0114,Grocery & Gourmet,ACC-0188,WH-01,2,60.48,Wallet Credit,2.1,True,False
ORD-0000663,2023-01-02,CUST-023311,South,PRD-0044,Fashion & Apparel,ACC-0130,WH-03,1,78.47,Wallet Credit,3.3,True,False
ORD-0000664,2023-01-02,CUST-032228,North,PRD-0021,Home Appliances,ACC-0094,WH-02,2,238.96,Cash on Delivery,2.9,True,False
ORD-0000665,2023-01-02,CUST-029314,East,PRD-0063,Beauty & Health,ACC-0158,WH-04,1,27.57,Wallet Credit,3.1,True,False
ORD-0000666,2023-01-02,CUST-024879,South,PRD-0042,Fashion & Apparel,ACC-0140,WH-03,1,94.22,Installment Plan,2.8,True,False
ORD-0000667,2023-01-02,CUST-013184,Central,PRD-0074,Books & Media,ACC-0106,WH-01,1,21.22,Online Payment,1.9,True,False
ORD-0000668,2023-01-02,CUST-008392,South,PRD-0116,Grocery & Gourmet,ACC-0045,WH-01,3,117.42,Online Payment,2.0,True,False
ORD-0000669,2023-01-02,CUST-033731,North,PRD-0116,Grocery & Gourmet,ACC-0077,WH-02,1,39.14,Installment Plan,2.9,True,False
ORD-0000670,2023-01-02,CUST-025324,North,PRD-0144,Sports & Outdoor,ACC-0174,WH-02,1,72.68,Installment Plan,4.0,True,False
ORD-0000671,2023-01-02,CUST-029292,North,PRD-0039,Fashion & Apparel,ACC-0124,WH-02,1,57.95,Online Payment,3.2,True,False
ORD-0000672,2023-01-02,CUST-023299,Central,PRD-0048,Fashion & Apparel,ACC-0088,WH-01,3,214.74,Online Payment,1.9,True,False
ORD-0000673,2023-01-02,CUST-024514,South,PRD-0010,Mobile & Tablet,ACC-0087,WH-03,1,635.84,Installment Plan,3.5,True,False
ORD-0000674,2023-01-02,CUST-001785,Central,PRD-0047,Fashion & Apparel,ACC-0155,WH-01,1,78.09,Installment Plan,2.4,True,False
ORD-0000675,2023-01-02,CUST-028116,South,PRD-0132,Home & Kitchen,ACC-0091,WH-03,1,66.35,Wallet Credit,3.1,True,False
ORD-0000676,2023-01-02,CUST-007681,Central,PRD-0076,Books & Media,ACC-0029,WH-01,1,7.78,Installment Plan,2.7,True,False
ORD-0000677,2023-01-02,CUST-014988,Central,PRD-0024,Home Appliances,ACC-0207,WH-01,2,525.6,Wallet Credit,2.6,True,False
ORD-0000678,2023-01-02,CUST-012095,South,PRD-0061,Beauty & Health,ACC-0027,WH-03,1,13.15,Cash on Delivery,3.1,True,False
ORD-0000679,2023-01-02,CUST-013962,East,PRD-0100,Digital Goods,ACC-0011,WH-04,3,32.13,Cash on Delivery,3.4,True,False
ORD-0000680,2023-01-02,CUST-009593,Central,PRD-0139,Sports & Outdoor,ACC-0071,WH-01,2,157.06,Online Payment,3.0,True,False
ORD-0000681,2023-01-02,CUST-028697,Central,PRD-0030,Home Appliances,ACC-0152,WH-01,2,291.52,Online Payment,2.6,True,False
ORD-0000682,2023-01-02,CUST-011719,East,PRD-0006,Mobile & Tablet,ACC-0207,WH-04,2,723.64,Online Payment,3.1,True,False
ORD-0000683,2023-01-02,CUST-019792,Central,PRD-0037,Fashion & Apparel,ACC-0219,WH-01,3,76.59,Online Payment,1.9,True,False
ORD-0000684,2023-01-02,CUST-030103,South,PRD-0105,Grocery & Gourmet,ACC-0073,WH-03,2,50.36,Online Payment,3.2,True,False
ORD-0000685,2023-01-02,CUST-000786,West,PRD-0112,Grocery & Gourmet,ACC-0212,WH-05,2,27.12,Online Payment,4.8,False,False
ORD-0000686,2023-01-02,CUST-000738,North,PRD-0050,Fashion & Apparel,ACC-0041,WH-02,2,60.26,Online Payment,2.9,True,False
ORD-0000687,2023-01-02,CUST-031679,North,PRD-0118,Grocery & Gourmet,ACC-0135,WH-02,1,47.24,Online Payment,3.2,True,False
ORD-0000688,2023-01-02,CUST-021613,West,PRD-0065,Beauty & Health,ACC-0110,WH-05,3,81.27,Online Payment,3.8,True,False
ORD-0000689,2023-01-02,CUST-023308,Central,PRD-0134,Home & Kitchen,ACC-0171,WH-01,1,117.79,Online Payment,2.7,True,False
ORD-0000690,2023-01-02,CUST-000933,South,PRD-0028,Home Appliances,ACC-0163,WH-03,2,999.76,Wallet Credit,3.8,True,False
ORD-0000691,2023-01-02,CUST-030463,North,PRD-0066,Beauty & Health,ACC-0258,WH-02,1,57.2,Cash on Delivery,3.4,True,False
ORD-0000692,2023-01-02,CUST-024289,Central,PRD-0142,Sports & Outdoor,ACC-0078,WH-01,2,166.34,Online Payment,3.2,False,True
ORD-0000693,2023-01-02,CUST-029863,Central,PRD-0118,Grocery & Gourmet,ACC-0013,WH-01,2,94.48,Cash on Delivery,1.8,True,False
ORD-0000694,2023-01-02,CUST-003899,South,PRD-0036,Fashion & Apparel,ACC-0183,WH-03,3,249.66,Online Payment,2.9,True,False
ORD-0000695,2023-01-02,CUST-030705,Central,PRD-0096,Digital Goods,ACC-0237,WH-01,2,51.06,Installment Plan,2.4,True,False
ORD-0000696,2023-01-02,CUST-005348,North,PRD-0131,Home & Kitchen,ACC-0200,WH-02,1,102.11,Cash on Delivery,3.0,True,False
ORD-0000697,2023-01-02,CUST-008497,North,PRD-0073,Books & Media,ACC-0034,WH-02,2,40.64,Online Payment,2.7,True,False
ORD-0000698,2023-01-02,CUST-017490,Central,PRD-0030,Home Appliances,ACC-0004,WH-01,3,437.28,Online Payment,3.0,True,False
ORD-0000699,2023-01-02,CUST-026966,West,PRD-0069,Books & Media,ACC-0161,WH-05,2,39.86,Online Payment,3.8,True,False
ORD-0000700,2023-01-02,CUST-019108,East,PRD-0043,Fashion & Apparel,ACC-0091,WH-04,2,106.64,Online Payment,4.0,True,True
ORD-0000701,2023-01-02,CUST-007672,South,PRD-0109,Grocery & Gourmet,ACC-0066,WH-03,1,11.48,Installment Plan,5.6,False,False
ORD-0000702,2023-01-02,CUST-025962,Central,PRD-0053,Beauty & Health,ACC-0200,WH-01,1,49.47,Wallet Credit,2.6,True,False
ORD-0000703,2023-01-02,CUST-004546,South,PRD-0091,Digital Goods,ACC-0069,WH-03,1,18.22,Online Payment,3.7,True,False
ORD-0000704,2023-01-02,CUST-000653,East,PRD-0043,Fashion & Apparel,ACC-0103,WH-04,2,106.64,Cash on Delivery,3.5,True,False
ORD-0000705,2023-01-02,CUST-025704,East,PRD-0017,Mobile & Tablet,ACC-0108,WH-04,2,373.74,Online Payment,4.2,False,False
ORD-0000706,2023-01-02,CUST-008659,North,PRD-0070,Books & Media,ACC-0001,WH-02,1,22.22,Installment Plan,3.1,True,False
ORD-0000707,2023-01-02,CUST-022394,Central,PRD-0132,Home & Kitchen,ACC-0249,WH-01,1,66.35,Cash on Delivery,2.7,True,False
ORD-0000708,2023-01-02,CUST-004294,East,PRD-0145,Sports & Outdoor,ACC-0187,WH-04,1,29.79,Online Payment,3.1,True,False
ORD-0000709,2023-01-02,CUST-005607,Central,PRD-0139,Sports & Outdoor,ACC-0250,WH-01,2,157.06,Online Payment,3.2,False,False
ORD-0000710,2023-01-02,CUST-002487,Central,PRD-0065,Beauty & Health,ACC-0254,WH-01,2,54.18,Online Payment,1.8,True,False
ORD-0000711,2023-01-02,CUST-020425,West,PRD-0068,Beauty & Health,ACC-0181,WH-05,1,59.75,Online Payment,4.0,True,False
ORD-0000712,2023-01-02,CUST-029575,South,PRD-0030,Home Appliances,ACC-0019,WH-03,2,291.52,Wallet Credit,3.2,True,False
ORD-0000713,2023-01-02,CUST-000182,North,PRD-0108,Grocery & Gourmet,ACC-0217,WH-02,1,15.58,Cash on Delivery,2.7,True,False
ORD-0000714,2023-01-02,CUST-025787,North,PRD-0111,Grocery & Gourmet,ACC-0136,WH-02,2,96.08,Wallet Credit,2.9,True,False
ORD-0000715,2023-01-02,CUST-014759,North,PRD-0069,Books & Media,ACC-0006,WH-02,1,19.93,Online Payment,3.2,True,False
ORD-0000716,2023-01-02,CUST-019172,Central,PRD-0038,Fashion & Apparel,ACC-0096,WH-01,3,125.19,Wallet Credit,2.4,True,False
ORD-0000717,2023-01-02,CUST-003980,East,PRD-0006,Mobile & Tablet,ACC-0068,WH-04,3,1085.46,Online Payment,3.8,True,False
ORD-0000718,2023-01-02,CUST-021035,Central,PRD-0005,Mobile & Tablet,ACC-0157,WH-01,1,716.38,Online Payment,2.1,True,False
ORD-0000719,2023-01-02,CUST-003535,Central,PRD-0099,Digital Goods,ACC-0125,WH-01,2,46.54,Installment Plan,1.8,True,False
ORD-0000720,2023-01-02,CUST-003683,North,PRD-0060,Beauty & Health,ACC-0244,WH-02,2,83.98,Cash on Delivery,3.7,True,False
ORD-0000721,2023-01-02,CUST-029107,North,PRD-0128,Home & Kitchen,ACC-0175,WH-01,1,95.86,Installment Plan,1.8,True,False
ORD-0000722,2023-01-02,CUST-002490,South,PRD-0055,Beauty & Health,ACC-0250,WH-03,1,61.54,Online Payment,2.8,True,False
ORD-0000723,2023-01-02,CUST-010549,Central,PRD-0092,Digital Goods,ACC-0258,WH-01,3,59.01,Online Payment,3.0,True,False
ORD-0000724,2023-01-02,CUST-002905,Central,PRD-0100,Digital Goods,ACC-0011,WH-01,1,10.71,Online Payment,3.4,False,False
ORD-0000725,2023-01-02,CUST-005045,Central,PRD-0067,Beauty & Health,ACC-0188,WH-01,1,15.54,Online Payment,1.9,True,False
ORD-0000726,2023-01-02,CUST-025750,Central,PRD-0084,Books & Media,ACC-0179,WH-01,1,10.36,Online Payment,1.7,True,False
ORD-0000727,2023-01-02,CUST-020026,South,PRD-0030,Home Appliances,ACC-0219,WH-01,2,291.52,Online Payment,2.6,True,False
ORD-0000728,2023-01-02,CUST-011320,North,PRD-0051,Fashion & Apparel,ACC-0033,WH-02,1,29.63,Installment Plan,3.0,True,False
ORD-0000729,2023-01-02,CUST-007672,South,PRD-0125,Home & Kitchen,ACC-0246,WH-03,1,108.61,Online Payment,4.2,False,False
ORD-0000730,2023-01-02,CUST-023221,Central,PRD-0097,Digital Goods,ACC-0009,WH-01,1,25.18,Online Payment,2.1,True,False
ORD-0000731,2023-01-02,CUST-024802,West,PRD-0026,Home Appliances,ACC-0216,WH-05,1,319.15,Online Payment,3.2,True,False
ORD-0000732,2023-01-02,CUST-017295,West,PRD-0034,Home Appliances,ACC-0219,WH-05,1,132.98,Wallet Credit,3.4,True,False
ORD-0000733,2023-01-02,CUST-010356,North,PRD-0104,Grocery & Gourmet,ACC-0015,WH-02,2,28.52,Online Payment,3.8,True,False
ORD-0000734,2023-01-02,CUST-015269,West,PRD-0063,Beauty & Health,ACC-0191,WH-05,2,55.14,Cash on Delivery,4.5,False,False
ORD-0000735,2023-01-02,CUST-025699,West,PRD-0100,Digital Goods,ACC-0192,WH-05,1,10.71,Installment Plan,3.3,True,False
ORD-0000736,2023-01-02,CUST-002754,Central,PRD-0098,Digital Goods,ACC-0092,WH-01,1,30.06,Online Payment,2.5,True,False
ORD-0000737,2023-01-02,CUST-024835,East,PRD-0153,Sports & Outdoor,ACC-0044,WH-04,1,80.58,Online Payment,3.9,True,False
ORD-0000738,2023-01-02,CUST-029467,East,PRD-0119,Grocery & Gourmet,ACC-0177,WH-04,2,30.2,Cash on Delivery,3.7,True,False
ORD-0000739,2023-01-02,CUST-012095,South,PRD-0150,Sports & Outdoor,ACC-0137,WH-03,3,217.47,Online Payment,4.0,True,False
ORD-0000740,2023-01-02,CUST-025463,South,PRD-0022,Home Appliances,ACC-0193,WH-03,1,265.81,Installment Plan,7.7,False,False
ORD-0000741,2023-01-02,CUST-026394,Central,PRD-0046,Fashion & Apparel,ACC-0039,WH-01,1,37.85,Online Payment,1.9,True,False
ORD-0000742,2023-01-02,CUST-019649,West,PRD-0009,Mobile & Tablet,ACC-0187,WH-05,1,546.26,Online Payment,4.0,True,False
ORD-0000743,2023-01-02,CUST-010324,North,PRD-0047,Fashion & Apparel,ACC-0007,WH-02,1,78.09,Online Payment,3.4,True,False
ORD-0000744,2023-01-02,CUST-021891,East,PRD-0096,Digital Goods,ACC-0094,WH-04,1,25.53,Cash on Delivery,3.2,True,False
ORD-0000745,2023-01-02,CUST-029260,North,PRD-0133,Home & Kitchen,ACC-0187,WH-02,2,222.7,Wallet Credit,2.8,True,False
ORD-0000746,2023-01-02,CUST-030712,North,PRD-0103,Grocery & Gourmet,ACC-0155,WH-02,2,51.52,Installment Plan,2.7,True,False
ORD-0000747,2023-01-02,CUST-031893,South,PRD-0042,Fashion & Apparel,ACC-0075,WH-03,1,94.22,Cash on Delivery,4.4,False,False
ORD-0000748,2023-01-02,CUST-013225,West,PRD-0071,Books & Media,ACC-0253,WH-05,1,7.91,Cash on Delivery,3.6,True,False
ORD-0000749,2023-01-02,CUST-026679,South,PRD-0095,Digital Goods,ACC-0034,WH-03,3,97.71,Installment Plan,3.1,True,False
ORD-0000750,2023-01-02,CUST-029884,North,PRD-0035,Fashion & Apparel,ACC-0138,WH-01,2,181.12,Installment Plan,2.6,True,False
ORD-0000751,2023-01-02,CUST-017350,Central,PRD-0056,Beauty & Health,ACC-0032,WH-01,2,47.02,Wallet Credit,2.4,True,False
ORD-0000752,2023-01-02,CUST-002830,North,PRD-0036,Fashion & Apparel,ACC-0258,WH-02,2,166.44,Online Payment,3.4,True,False
ORD-0000753,2023-01-02,CUST-028899,East,PRD-0076,Books & Media,ACC-0153,WH-04,1,7.78,Wallet Credit,3.4,True,False
ORD-0000754,2023-01-02,CUST-000348,Central,PRD-0026,Home Appliances,ACC-0060,WH-01,2,638.3,Online Payment,2.4,True,False
ORD-0000755,2023-01-02,CUST-013650,North,PRD-0050,Fashion & Apparel,ACC-0214,WH-02,1,30.13,Online Payment,2.9,True,False
ORD-0000756,2023-01-02,CUST-014955,North,PRD-0012,Mobile & Tablet,ACC-0054,WH-02,1,474.88,Online Payment,3.5,True,False
ORD-0000757,2023-01-02,CUST-006215,Central,PRD-0077,Books & Media,ACC-0234,WH-01,1,15.55,Online Payment,2.8,True,False
ORD-0000758,2023-01-02,CUST-025018,West,PRD-0116,Grocery & Gourmet,ACC-0116,WH-05,1,39.14,Online Payment,4.1,False,False
ORD-0000759,2023-01-02,CUST-030774,Central,PRD-0080,Books & Media,ACC-0085,WH-01,3,37.56,Online Payment,3.3,False,False
ORD-0000760,2023-01-02,CUST-029716,North,PRD-0120,Home & Kitchen,ACC-0107,WH-02,1,72.26,Installment Plan,2.9,True,False
ORD-0000761,2023-01-02,CUST-029295,East,PRD-0130,Home & Kitchen,ACC-0241,WH-04,1,30.56,Cash on Delivery,3.5,True,False
ORD-0000762,2023-01-02,CUST-014064,Central,PRD-0125,Home & Kitchen,ACC-0095,WH-01,2,217.22,Installment Plan,1.7,True,False
ORD-0000763,2023-01-02,CUST-000197,East,PRD-0042,Fashion & Apparel,ACC-0047,WH-04,2,188.44,Installment Plan,4.1,False,False
ORD-0000764,2023-01-02,CUST-026091,West,PRD-0095,Digital Goods,ACC-0250,WH-05,1,32.57,Online Payment,4.1,False,False
ORD-0000765,2023-01-02,CUST-020079,North,PRD-0056,Beauty & Health,ACC-0153,WH-02,2,47.02,Online Payment,2.5,True,False
ORD-0000766,2023-01-02,CUST-000995,Central,PRD-0023,Home Appliances,ACC-0181,WH-01,1,528.07,Online Payment,2.1,True,False
ORD-0000767,2023-01-02,CUST-019194,Central,PRD-0143,Sports & Outdoor,ACC-0058,WH-01,1,45.69,Cash on Delivery,2.9,True,False
ORD-0000768,2023-01-02,CUST-017178,Central,PRD-0103,Grocery & Gourmet,ACC-0079,WH-01,3,77.28,Online Payment,2.5,True,False
ORD-0000769,2023-01-02,CUST-019058,East,PRD-0087,Digital Goods,ACC-0007,WH-04,1,12.22,Cash on Delivery,3.8,True,False
ORD-0000770,2023-01-02,CUST-005909,Central,PRD-0104,Grocery & Gourmet,ACC-0079,WH-01,2,28.52,Online Payment,3.0,True,False
ORD-0000771,2023-01-02,CUST-015146,East,PRD-0104,Grocery & Gourmet,ACC-0118,WH-04,3,42.78,Installment Plan,3.5,True,False
ORD-0000772,2023-01-02,CUST-004758,East,PRD-0049,Fashion & Apparel,ACC-0187,WH-04,1,81.27,Online Payment,3.4,True,False
ORD-0000773,2023-01-02,CUST-027882,Central,PRD-0112,Grocery & Gourmet,ACC-0205,WH-01,1,13.56,Online Payment,2.7,True,False
ORD-0000774,2023-01-02,CUST-032383,Central,PRD-0076,Books & Media,ACC-0060,WH-01,3,23.34,Installment Plan,2.0,True,False
ORD-0000775,2023-01-02,CUST-005438,West,PRD-0042,Fashion & Apparel,ACC-0218,WH-05,1,94.22,Online Payment,3.5,True,False
ORD-0000776,2023-01-02,CUST-017974,Central,PRD-0096,Digital Goods,ACC-0198,WH-01,2,51.06,Installment Plan,1.8,True,False
ORD-0000777,2023-01-02,CUST-034282,South,PRD-0105,Grocery & Gourmet,ACC-0195,WH-03,1,25.18,Cash on Delivery,3.5,True,False
ORD-0000778,2023-01-02,CUST-020073,Central,PRD-0041,Fashion & Apparel,ACC-0198,WH-01,2,77.82,Installment Plan,1.9,True,False
ORD-0000779,2023-01-02,CUST-019942,North,PRD-0026,Home Appliances,ACC-0187,WH-02,2,638.3,Installment Plan,2.5,True,True
ORD-0000780,2023-01-02,CUST-000419,South,PRD-0092,Digital Goods,ACC-0219,WH-03,2,39.34,Wallet Credit,2.9,True,False
ORD-0000781,2023-01-02,CUST-009098,North,PRD-0053,Beauty & Health,ACC-0212,WH-02,1,49.47,Installment Plan,2.7,True,False
ORD-0000782,2023-01-02,CUST-032530,Central,PRD-0035,Fashion & Apparel,ACC-0077,WH-01,2,181.12,Online Payment,2.4,True,False
ORD-0000783,2023-01-02,CUST-001071,North,PRD-0097,Digital Goods,ACC-0013,WH-02,1,25.18,Wallet Credit,2.6,True,False
ORD-0000784,2023-01-02,CUST-004167,Central,PRD-0040,Fashion & Apparel,ACC-0190,WH-01,1,35.59,Online Payment,1.7,True,False
ORD-0000785,2023-01-02,CUST-001115,Central,PRD-0089,Digital Goods,ACC-0226,WH-01,1,36.42,Online Payment,1.9,True,False
ORD-0000786,2023-01-02,CUST-025518,Central,PRD-0083,Books & Media,ACC-0217,WH-01,1,19.34,Online Payment,2.3,True,False
ORD-0000787,2023-01-02,CUST-000612,Central,PRD-0012,Mobile & Tablet,ACC-0157,WH-01,1,474.88,Cash on Delivery,1.9,True,False
ORD-0000788,2023-01-02,CUST-034719,South,PRD-0058,Beauty & Health,ACC-0028,WH-03,1,43.27,Online Payment,3.6,True,False
ORD-0000789,2023-01-02,CUST-030805,West,PRD-0148,Sports & Outdoor,ACC-0084,WH-01,1,135.55,Online Payment,1.8,True,False
ORD-0000790,2023-01-02,CUST-031036,Central,PRD-0064,Beauty & Health,ACC-0062,WH-01,2,57.88,Online Payment,2.0,True,False
ORD-0000791,2023-01-02,CUST-016098,West,PRD-0083,Books & Media,ACC-0057,WH-05,1,19.34,Wallet Credit,3.1,True,False
ORD-0000792,2023-01-02,CUST-020448,Central,PRD-0091,Digital Goods,ACC-0159,WH-01,2,36.44,Online Payment,2.4,True,False
ORD-0000793,2023-01-02,CUST-022930,Central,PRD-0099,Digital Goods,ACC-0249,WH-01,1,23.27,Online Payment,2.1,True,False
ORD-0000794,2023-01-02,CUST-027213,Central,PRD-0136,Home & Kitchen,ACC-0043,WH-01,1,40.13,Online Payment,2.2,True,False
ORD-0000795,2023-01-02,CUST-003007,South,PRD-0040,Fashion & Apparel,ACC-0158,WH-03,1,35.59,Online Payment,3.6,True,False
ORD-0000796,2023-01-02,CUST-033973,Central,PRD-0122,Home & Kitchen,ACC-0194,WH-01,1,60.21,Cash on Delivery,2.8,True,False
ORD-0000797,2023-01-02,CUST-008580,South,PRD-0105,Grocery & Gourmet,ACC-0114,WH-01,1,25.18,Cash on Delivery,2.4,True,False
ORD-0000798,2023-01-02,CUST-003829,Central,PRD-0101,Digital Goods,ACC-0018,WH-01,1,19.23,Wallet Credit,3.9,False,False
ORD-0000799,2023-01-02,CUST-001628,South,PRD-0120,Home & Kitchen,ACC-0234,WH-01,2,144.52,Online Payment,2.2,True,False
ORD-0000800,2023-01-02,CUST-003425,Central,PRD-0142,Sports & Outdoor,ACC-0181,WH-01,1,83.17,Cash on Delivery,2.0,True,False
ORD-0000801,2023-01-02,CUST-009769,North,PRD-0022,Home Appliances,ACC-0109,WH-02,2,531.62,Wallet Credit,2.8,True,False
ORD-0000802,2023-01-02,CUST-020076,West,PRD-0043,Fashion & Apparel,ACC-0250,WH-05,2,106.64,Online Payment,3.2,True,False
ORD-0000803,2023-01-02,CUST-014111,North,PRD-0071,Books & Media,ACC-0009,WH-02,1,7.91,Installment Plan,3.1,True,False
ORD-0000804,2023-01-02,CUST-028260,West,PRD-0142,Sports & Outdoor,ACC-0015,WH-01,1,83.17,Wallet Credit,2.3,True,True
ORD-0000805,2023-01-02,CUST-012822,East,PRD-0023,Home Appliances,ACC-0211,WH-04,1,528.07,Online Payment,3.4,True,False
ORD-0000806,2023-01-02,CUST-035652,North,PRD-0110,Grocery & Gourmet,ACC-0080,WH-01,2,94.78,Online Payment,2.9,True,False
ORD-0000807,2023-01-02,CUST-028772,Central,PRD-0056,Beauty & Health,ACC-0126,WH-01,1,23.51,Wallet Credit,1.7,True,False
ORD-0000808,2023-01-02,CUST-024670,West,PRD-0127,Home & Kitchen,ACC-0069,WH-05,2,227.96,Online Payment,4.7,False,False
ORD-0000809,2023-01-02,CUST-013951,West,PRD-0092,Digital Goods,ACC-0129,WH-05,1,19.67,Online Payment,3.7,True,False
ORD-0000810,2023-01-02,CUST-030454,West,PRD-0092,Digital Goods,ACC-0091,WH-05,1,19.67,Online Payment,3.3,True,False
ORD-0000811,2023-01-02,CUST-003017,South,PRD-0113,Grocery & Gourmet,ACC-0054,WH-03,1,17.01,Installment Plan,2.9,True,False
ORD-0000812,2023-01-02,CUST-027623,South,PRD-0078,Books & Media,ACC-0113,WH-03,3,53.64,Online Payment,3.4,True,False
ORD-0000813,2023-01-02,CUST-035278,Central,PRD-0071,Books & Media,ACC-0227,WH-01,1,7.91,Wallet Credit,2.2,True,False
ORD-0000814,2023-01-02,CUST-006293,Central,PRD-0124,Home & Kitchen,ACC-0033,WH-01,1,26.46,Cash on Delivery,1.9,True,False
ORD-0000815,2023-01-02,CUST-013929,Central,PRD-0014,Mobile & Tablet,ACC-0102,WH-01,2,560.0,Wallet Credit,2.1,True,False
ORD-0000816,2023-01-02,CUST-004225,Central,PRD-0123,Home & Kitchen,ACC-0039,WH-01,3,247.14,Wallet Credit,2.0,True,False
ORD-0000817,2023-01-02,CUST-020425,West,PRD-0127,Home & Kitchen,ACC-0065,WH-01,3,341.94,Cash on Delivery,2.1,True,False
ORD-0000818,2023-01-02,CUST-019105,Central,PRD-0011,Mobile & Tablet,ACC-0251,WH-01,1,736.32,Cash on Delivery,2.1,True,False
ORD-0000819,2023-01-02,CUST-023735,East,PRD-0064,Beauty & Health,ACC-0221,WH-04,3,86.82,Online Payment,3.9,True,False
ORD-0000820,2023-01-02,CUST-011726,North,PRD-0037,Fashion & Apparel,ACC-0187,WH-02,1,25.53,Cash on Delivery,2.4,True,False
ORD-0000821,2023-01-02,CUST-033633,South,PRD-0097,Digital Goods,ACC-0042,WH-03,2,50.36,Online Payment,3.9,True,False
ORD-0000822,2023-01-02,CUST-005070,North,PRD-0091,Digital Goods,ACC-0259,WH-02,2,36.44,Cash on Delivery,2.7,True,False
ORD-0000823,2023-01-02,CUST-024487,East,PRD-0037,Fashion & Apparel,ACC-0006,WH-04,2,51.06,Cash on Delivery,3.2,True,False
ORD-0000824,2023-01-02,CUST-014964,East,PRD-0039,Fashion & Apparel,ACC-0199,WH-04,1,57.95,Cash on Delivery,4.1,False,False
ORD-0000825,2023-01-02,CUST-022056,West,PRD-0051,Fashion & Apparel,ACC-0152,WH-05,1,29.63,Online Payment,3.3,True,False
ORD-0000826,2023-01-02,CUST-009075,South,PRD-0129,Home & Kitchen,ACC-0118,WH-03,2,74.4,Cash on Delivery,3.7,True,False
ORD-0000827,2023-01-02,CUST-011076,East,PRD-0009,Mobile & Tablet,ACC-0230,WH-04,1,546.26,Online Payment,3.2,True,False
ORD-0000828,2023-01-02,CUST-002117,East,PRD-0044,Fashion & Apparel,ACC-0256,WH-01,1,78.47,Cash on Delivery,2.5,True,False
ORD-0000829,2023-01-02,CUST-033413,North,PRD-0031,Home Appliances,ACC-0023,WH-02,1,115.51,Online Payment,4.0,True,False
ORD-0000830,2023-01-02,CUST-032886,Central,PRD-0133,Home & Kitchen,ACC-0072,WH-01,1,111.35,Online Payment,2.9,True,False
ORD-0000831,2023-01-02,CUST-001306,East,PRD-0149,Sports & Outdoor,ACC-0210,WH-01,2,163.76,Online Payment,2.2,True,False
ORD-0000832,2023-01-02,CUST-006467,Central,PRD-0126,Home & Kitchen,ACC-0230,WH-01,1,58.15,Cash on Delivery,2.2,True,False
ORD-0000833,2023-01-02,CUST-009531,East,PRD-0009,Mobile & Tablet,ACC-0187,WH-04,1,546.26,Online Payment,3.6,True,False
ORD-0000834,2023-01-02,CUST-003606,West,PRD-0135,Home & Kitchen,ACC-0049,WH-05,1,88.67,Installment Plan,3.4,True,False
ORD-0000835,2023-01-02,CUST-008113,West,PRD-0079,Books & Media,ACC-0062,WH-05,2,19.96,Installment Plan,3.5,True,False
ORD-0000836,2023-01-02,CUST-004246,Central,PRD-0097,Digital Goods,ACC-0193,WH-01,2,50.36,Cash on Delivery,2.2,True,False
ORD-0000837,2023-01-02,CUST-023703,South,PRD-0081,Books & Media,ACC-0189,WH-03,3,33.21,Online Payment,3.5,True,False
ORD-0000838,2023-01-02,CUST-033240,North,PRD-0088,Digital Goods,ACC-0147,WH-01,1,32.6,Cash on Delivery,2.4,True,False
ORD-0000839,2023-01-02,CUST-015398,West,PRD-0130,Home & Kitchen,ACC-0174,WH-05,2,61.12,Online Payment,3.7,True,False
ORD-0000840,2023-01-02,CUST-007481,East,PRD-0070,Books & Media,ACC-0019,WH-04,1,22.22,Wallet Credit,3.3,True,False
ORD-0000841,2023-01-02,CUST-035654,East,PRD-0011,Mobile & Tablet,ACC-0057,WH-04,2,1472.64,Online Payment,3.4,True,False
ORD-0000842,2023-01-02,CUST-030650,North,PRD-0001,Mobile & Tablet,ACC-0174,WH-02,2,429.36,Cash on Delivery,3.4,True,False
ORD-0000843,2023-01-02,CUST-013320,North,PRD-0114,Grocery & Gourmet,ACC-0209,WH-02,1,30.24,Installment Plan,3.2,True,False
ORD-0000844,2023-01-02,CUST-021838,West,PRD-0106,Grocery & Gourmet,ACC-0173,WH-05,1,28.58,Installment Plan,3.5,True,False
ORD-0000845,2023-01-02,CUST-020960,West,PRD-0108,Grocery & Gourmet,ACC-0019,WH-05,1,15.58,Cash on Delivery,3.5,True,False
ORD-0000846,2023-01-02,CUST-034904,West,PRD-0080,Books & Media,ACC-0162,WH-05,2,25.04,Online Payment,3.6,True,False
ORD-0000847,2023-01-02,CUST-005103,East,PRD-0016,Mobile & Tablet,ACC-0125,WH-04,3,1265.55,Wallet Credit,2.8,True,False
ORD-0000848,2023-01-02,CUST-020276,North,PRD-0132,Home & Kitchen,ACC-0049,WH-02,2,132.7,Online Payment,2.6,True,False
ORD-0000849,2023-01-02,CUST-023277,Central,PRD-0033,Home Appliances,ACC-0160,WH-01,1,449.97,Wallet Credit,2.1,True,False
ORD-0000850,2023-01-02,CUST-015743,West,PRD-0070,Books & Media,ACC-0003,WH-05,1,22.22,Wallet Credit,3.2,True,False
ORD-0000851,2023-01-02,CUST-031263,West,PRD-0021,Home Appliances,ACC-0260,WH-05,1,119.48,Online Payment,4.2,False,False
ORD-0000852,2023-01-02,CUST-034079,North,PRD-0058,Beauty & Health,ACC-0157,WH-02,3,129.81,Cash on Delivery,3.5,True,False
ORD-0000853,2023-01-02,CUST-005677,Central,PRD-0134,Home & Kitchen,ACC-0215,WH-01,1,117.79,Online Payment,3.3,False,False
ORD-0000854,2023-01-02,CUST-005764,East,PRD-0073,Books & Media,ACC-0244,WH-04,1,20.32,Online Payment,3.9,True,False
ORD-0000855,2023-01-02,CUST-006475,East,PRD-0140,Sports & Outdoor,ACC-0110,WH-04,1,45.43,Online Payment,4.1,False,False
ORD-0000856,2023-01-02,CUST-025046,Central,PRD-0083,Books & Media,ACC-0230,WH-01,1,19.34,Online Payment,3.3,False,False
ORD-0000857,2023-01-02,CUST-034022,East,PRD-0096,Digital Goods,ACC-0222,WH-04,3,76.59,Cash on Delivery,3.0,True,False
ORD-0000858,2023-01-02,CUST-002838,Central,PRD-0002,Mobile & Tablet,ACC-0027,WH-01,3,1512.36,Cash on Delivery,2.0,True,False
ORD-0000859,2023-01-02,CUST-027277,South,PRD-0089,Digital Goods,ACC-0012,WH-03,1,36.42,Cash on Delivery,3.3,True,False
ORD-0000860,2023-01-02,CUST-005699,South,PRD-0095,Digital Goods,ACC-0251,WH-03,1,32.57,Online Payment,2.9,True,False
ORD-0000861,2023-01-02,CUST-024769,Central,PRD-0111,Grocery & Gourmet,ACC-0229,WH-01,1,48.04,Wallet Credit,2.2,True,False
ORD-0000862,2023-01-02,CUST-032572,North,PRD-0060,Beauty & Health,ACC-0171,WH-02,1,41.99,Wallet Credit,2.9,True,False
ORD-0000863,2023-01-02,CUST-004328,Central,PRD-0002,Mobile & Tablet,ACC-0220,WH-01,1,504.12,Installment Plan,1.9,True,False
ORD-0000864,2023-01-02,CUST-000204,East,PRD-0128,Home & Kitchen,ACC-0065,WH-04,3,287.58,Wallet Credit,3.7,True,False
ORD-0000865,2023-01-02,CUST-024291,North,PRD-0117,Grocery & Gourmet,ACC-0166,WH-01,2,49.72,Online Payment,2.7,True,False
ORD-0000866,2023-01-02,CUST-005752,Central,PRD-0053,Beauty & Health,ACC-0129,WH-01,2,98.94,Online Payment,4.4,False,False
ORD-0000867,2023-01-02,CUST-002531,Central,PRD-0131,Home & Kitchen,ACC-0022,WH-01,1,102.11,Online Payment,2.6,True,False
ORD-0000868,2023-01-02,CUST-011075,East,PRD-0018,Home Appliances,ACC-0044,WH-04,2,610.44,Online Payment,3.6,True,False
ORD-0000869,2023-01-02,CUST-014733,South,PRD-0022,Home Appliances,ACC-0167,WH-03,3,797.43,Cash on Delivery,3.2,True,False
ORD-0000870,2023-01-02,CUST-013152,South,PRD-0049,Fashion & Apparel,ACC-0229,WH-01,2,162.54,Online Payment,2.5,True,False
ORD-0000871,2023-01-02,CUST-003547,Central,PRD-0069,Books & Media,ACC-0246,WH-01,1,19.93,Online Payment,2.4,True,False
ORD-0000872,2023-01-02,CUST-005566,North,PRD-0130,Home & Kitchen,ACC-0170,WH-02,1,30.56,Installment Plan,3.4,True,False
ORD-0000873,2023-01-02,CUST-031134,Central,PRD-0032,Home Appliances,ACC-0034,WH-01,2,644.46,Wallet Credit,2.2,True,False
ORD-0000874,2023-01-02,CUST-029353,Central,PRD-0140,Sports & Outdoor,ACC-0140,WH-01,2,90.86,Wallet Credit,3.3,False,False
ORD-0000875,2023-01-02,CUST-026091,West,PRD-0055,Beauty & Health,ACC-0013,WH-05,2,123.08,Cash on Delivery,3.3,True,False
ORD-0000876,2023-01-02,CUST-027202,North,PRD-0011,Mobile & Tablet,ACC-0064,WH-02,1,736.32,Installment Plan,3.3,True,False
ORD-0000877,2023-01-02,CUST-007923,North,PRD-0004,Mobile & Tablet,ACC-0242,WH-02,2,358.2,Online Payment,2.9,True,False
ORD-0000878,2023-01-02,CUST-033102,East,PRD-0020,Home Appliances,ACC-0037,WH-04,1,525.87,Online Payment,3.3,True,False
ORD-0000879,2023-01-02,CUST-025689,North,PRD-0049,Fashion & Apparel,ACC-0009,WH-01,1,81.27,Wallet Credit,1.8,True,True
ORD-0000880,2023-01-02,CUST-026461,South,PRD-0092,Digital Goods,ACC-0239,WH-03,2,39.34,Cash on Delivery,3.4,True,False
ORD-0000881,2023-01-02,CUST-011418,North,PRD-0003,Mobile & Tablet,ACC-0043,WH-02,3,679.59,Online Payment,2.5,True,False
ORD-0000882,2023-01-02,CUST-035830,North,PRD-0052,Beauty & Health,ACC-0107,WH-02,3,152.49,Wallet Credit,4.1,False,False
ORD-0000883,2023-01-02,CUST-001015,Central,PRD-0099,Digital Goods,ACC-0009,WH-01,2,46.54,Online Payment,2.2,True,False
ORD-0000884,2023-01-02,CUST-026876,East,PRD-0131,Home & Kitchen,ACC-0103,WH-01,1,102.11,Online Payment,2.2,True,True
ORD-0000885,2023-01-02,CUST-025125,South,PRD-0094,Digital Goods,ACC-0223,WH-03,1,31.33,Wallet Credit,3.6,True,False
ORD-0000886,2023-01-02,CUST-012345,North,PRD-0031,Home Appliances,ACC-0083,WH-02,1,115.51,Wallet Credit,3.1,True,False
ORD-0000887,2023-01-02,CUST-005776,South,PRD-0056,Beauty & Health,ACC-0016,WH-01,2,47.02,Wallet Credit,2.0,True,False
ORD-0000888,2023-01-02,CUST-022902,North,PRD-0109,Grocery & Gourmet,ACC-0222,WH-02,2,22.96,Wallet Credit,3.0,True,False
ORD-0000889,2023-01-02,CUST-008410,Central,PRD-0153,Sports & Outdoor,ACC-0175,WH-01,2,161.16,Online Payment,2.1,True,False
ORD-0000890,2023-01-02,CUST-012828,Central,PRD-0051,Fashion & Apparel,ACC-0212,WH-01,1,29.63,Cash on Delivery,2.3,True,False
ORD-0000891,2023-01-02,CUST-002414,Central,PRD-0076,Books & Media,ACC-0095,WH-01,1,7.78,Online Payment,1.8,True,False
ORD-0000892,2023-01-02,CUST-015440,Central,PRD-0122,Home & Kitchen,ACC-0164,WH-01,3,180.63,Online Payment,2.7,True,False
ORD-0000893,2023-01-02,CUST-033486,North,PRD-0136,Home & Kitchen,ACC-0095,WH-02,1,40.13,Installment Plan,3.8,True,False
ORD-0000894,2023-01-02,CUST-000630,West,PRD-0040,Fashion & Apparel,ACC-0117,WH-05,2,71.18,Online Payment,3.5,True,False
ORD-0000895,2023-01-02,CUST-003964,West,PRD-0058,Beauty & Health,ACC-0058,WH-05,2,86.54,Online Payment,3.8,True,True
ORD-0000896,2023-01-02,CUST-004424,South,PRD-0052,Beauty & Health,ACC-0157,WH-01,3,152.49,Cash on Delivery,3.1,False,False
ORD-0000897,2023-01-02,CUST-028577,South,PRD-0110,Grocery & Gourmet,ACC-0141,WH-01,1,47.39,Online Payment,2.2,True,False
ORD-0000898,2023-01-02,CUST-001015,Central,PRD-0099,Digital Goods,ACC-0094,WH-01,2,46.54,Online Payment,2.0,True,False
ORD-0000899,2023-01-02,CUST-015111,East,PRD-0043,Fashion & Apparel,ACC-0158,WH-04,1,53.32,Wallet Credit,3.4,True,True
ORD-0000900,2023-01-02,CUST-022828,North,PRD-0014,Mobile & Tablet,ACC-0171,WH-02,2,560.0,Online Payment,2.7,True,False
ORD-0000901,2023-01-02,CUST-026130,Central,PRD-0134,Home & Kitchen,ACC-0052,WH-01,2,235.58,Online Payment,2.3,True,False
ORD-0000902,2023-01-02,CUST-030536,East,PRD-0046,Fashion & Apparel,ACC-0107,WH-04,1,37.85,Cash on Delivery,3.5,True,False
ORD-0000903,2023-01-02,CUST-035987,East,PRD-0135,Home & Kitchen,ACC-0167,WH-01,1,88.67,Wallet Credit,2.1,True,False
ORD-0000904,2023-01-02,CUST-019754,East,PRD-0041,Fashion & Apparel,ACC-0181,WH-04,2,77.82,Online Payment,3.9,True,False
ORD-0000905,2023-01-02,CUST-032010,East,PRD-0143,Sports & Outdoor,ACC-0158,WH-04,1,45.69,Cash on Delivery,4.2,False,False
ORD-0000906,2023-01-02,CUST-004693,North,PRD-0080,Books & Media,ACC-0045,WH-02,3,37.56,Online Payment,3.5,True,False
ORD-0000907,2023-01-02,CUST-027470,North,PRD-0098,Digital Goods,ACC-0134,WH-02,1,30.06,Online Payment,3.9,True,False
ORD-0000908,2023-01-02,CUST-016403,West,PRD-0129,Home & Kitchen,ACC-0089,WH-05,3,111.6,Online Payment,3.7,True,False
ORD-0000909,2023-01-02,CUST-000197,East,PRD-0108,Grocery & Gourmet,ACC-0199,WH-04,2,31.16,Installment Plan,3.3,True,False
ORD-0000910,2023-01-02,CUST-001462,North,PRD-0070,Books & Media,ACC-0001,WH-02,1,22.22,Online Payment,2.8,True,False
ORD-0000911,2023-01-02,CUST-000570,South,PRD-0148,Sports & Outdoor,ACC-0101,WH-03,3,406.65,Installment Plan,2.7,True,False
ORD-0000912,2023-01-02,CUST-015465,Central,PRD-0098,Digital Goods,ACC-0187,WH-01,2,60.12,Online Payment,1.8,True,False
ORD-0000913,2023-01-02,CUST-008569,Central,PRD-0090,Digital Goods,ACC-0196,WH-01,3,50.64,Online Payment,3.2,False,False
ORD-0000914,2023-01-02,CUST-024380,West,PRD-0031,Home Appliances,ACC-0027,WH-05,1,115.51,Cash on Delivery,3.3,True,False
ORD-0000915,2023-01-02,CUST-032010,East,PRD-0110,Grocery & Gourmet,ACC-0199,WH-04,2,94.78,Wallet Credit,4.0,True,False
ORD-0000916,2023-01-02,CUST-030265,South,PRD-0112,Grocery & Gourmet,ACC-0009,WH-03,1,13.56,Wallet Credit,3.4,True,False
ORD-0000917,2023-01-02,CUST-006655,Central,PRD-0113,Grocery & Gourmet,ACC-0020,WH-01,1,17.01,Online Payment,2.5,True,False
ORD-0000918,2023-01-02,CUST-005050,North,PRD-0022,Home Appliances,ACC-0130,WH-02,1,265.81,Online Payment,3.0,True,False
ORD-0000919,2023-01-02,CUST-006980,East,PRD-0054,Beauty & Health,ACC-0160,WH-04,1,29.31,Wallet Credit,3.4,True,False
ORD-0000920,2023-01-02,CUST-003858,Central,PRD-0109,Grocery & Gourmet,ACC-0031,WH-01,2,22.96,Cash on Delivery,3.5,False,False
ORD-0000921,2023-01-02,CUST-003884,East,PRD-0135,Home & Kitchen,ACC-0009,WH-04,1,88.67,Online Payment,4.3,False,False
ORD-0000922,2023-01-02,CUST-009324,West,PRD-0006,Mobile & Tablet,ACC-0200,WH-05,1,361.82,Online Payment,3.3,True,False
ORD-0000923,2023-01-02,CUST-003556,Central,PRD-0089,Digital Goods,ACC-0200,WH-01,2,72.84,Online Payment,2.0,True,False
ORD-0000924,2023-01-02,CUST-000912,Central,PRD-0146,Sports & Outdoor,ACC-0011,WH-01,1,94.23,Wallet Credit,2.0,True,False
ORD-0000925,2023-01-02,CUST-018172,Central,PRD-0119,Grocery & Gourmet,ACC-0228,WH-01,2,30.2,Online Payment,2.6,True,False
ORD-0000926,2023-01-02,CUST-015342,South,PRD-0105,Grocery & Gourmet,ACC-0192,WH-03,2,50.36,Installment Plan,3.1,True,False
ORD-0000927,2023-01-02,CUST-022783,West,PRD-0103,Grocery & Gourmet,ACC-0019,WH-05,2,51.52,Online Payment,3.3,True,False
ORD-0000928,2023-01-02,CUST-026288,Central,PRD-0078,Books & Media,ACC-0037,WH-01,3,53.64,Online Payment,3.4,False,False
ORD-0000929,2023-01-02,CUST-004829,South,PRD-0042,Fashion & Apparel,ACC-0059,WH-03,3,282.66,Online Payment,3.8,True,False
ORD-0000930,2023-01-02,CUST-031300,West,PRD-0054,Beauty & Health,ACC-0073,WH-05,3,87.93,Online Payment,3.5,True,False
ORD-0000931,2023-01-02,CUST-015342,South,PRD-0052,Beauty & Health,ACC-0187,WH-03,2,101.66,Wallet Credit,2.7,True,False
ORD-0000932,2023-01-02,CUST-004791,West,PRD-0123,Home & Kitchen,ACC-0045,WH-05,1,82.38,Online Payment,3.3,True,False
ORD-0000933,2023-01-03,CUST-031954,Central,PRD-0041,Fashion & Apparel,ACC-0018,WH-01,2,77.82,Wallet Credit,2.4,True,False
ORD-0000934,2023-01-03,CUST-033731,North,PRD-0050,Fashion & Apparel,ACC-0116,WH-02,1,30.13,Wallet Credit,3.7,True,True
ORD-0000935,2023-01-03,CUST-003278,West,PRD-0095,Digital Goods,ACC-0006,WH-01,3,97.71,Online Payment,2.9,True,False
ORD-0000936,2023-01-03,CUST-034939,Central,PRD-0078,Books & Media,ACC-0123,WH-01,3,53.64,Cash on Delivery,2.4,True,False
ORD-0000937,2023-01-03,CUST-008983,East,PRD-0151,Sports & Outdoor,ACC-0177,WH-04,1,30.86,Online Payment,3.2,True,False
ORD-0000938,2023-01-03,CUST-031733,North,PRD-0034,Home Appliances,ACC-0157,WH-01,2,265.96,Online Payment,2.1,True,False
ORD-0000939,2023-01-03,CUST-006238,South,PRD-0077,Books & Media,ACC-0160,WH-01,1,15.55,Online Payment,2.3,True,False
ORD-0000940,2023-01-03,CUST-027579,Central,PRD-0069,Books & Media,ACC-0091,WH-01,3,59.79,Cash on Delivery,1.7,True,False
ORD-0000941,2023-01-03,CUST-002867,Central,PRD-0139,Sports & Outdoor,ACC-0224,WH-01,2,157.06,Wallet Credit,2.3,True,False
ORD-0000942,2023-01-03,CUST-025154,East,PRD-0017,Mobile & Tablet,ACC-0174,WH-04,1,186.87,Cash on Delivery,3.3,True,False
ORD-0000943,2023-01-03,CUST-019609,South,PRD-0011,Mobile & Tablet,ACC-0244,WH-03,3,2208.96,Online Payment,3.7,True,False
ORD-0000944,2023-01-03,CUST-016702,South,PRD-0044,Fashion & Apparel,ACC-0003,WH-01,1,78.47,Online Payment,2.2,True,False
ORD-0000945,2023-01-03,CUST-022668,East,PRD-0010,Mobile & Tablet,ACC-0259,WH-01,1,635.84,Online Payment,2.1,True,False
ORD-0000946,2023-01-03,CUST-000977,North,PRD-0064,Beauty & Health,ACC-0132,WH-01,2,57.88,Online Payment,1.9,True,False
ORD-0000947,2023-01-03,CUST-022706,Central,PRD-0071,Books & Media,ACC-0205,WH-01,1,7.91,Online Payment,3.2,False,False
ORD-0000948,2023-01-03,CUST-032791,Central,PRD-0106,Grocery & Gourmet,ACC-0225,WH-01,3,85.74,Cash on Delivery,2.1,True,False
ORD-0000949,2023-01-03,CUST-011627,Central,PRD-0074,Books & Media,ACC-0223,WH-01,2,42.44,Cash on Delivery,2.5,True,False
ORD-0000950,2023-01-03,CUST-017091,East,PRD-0079,Books & Media,ACC-0133,WH-04,1,9.98,Online Payment,3.7,True,False
ORD-0000951,2023-01-03,CUST-015482,Central,PRD-0116,Grocery & Gourmet,ACC-0153,WH-01,1,39.14,Online Payment,2.7,True,False
ORD-0000952,2023-01-03,CUST-032454,East,PRD-0017,Mobile & Tablet,ACC-0101,WH-01,2,373.74,Online Payment,2.1,True,False
ORD-0000953,2023-01-03,CUST-027582,North,PRD-0006,Mobile & Tablet,ACC-0103,WH-01,1,361.82,Online Payment,2.1,True,False
ORD-0000954,2023-01-03,CUST-032994,Central,PRD-0104,Grocery & Gourmet,ACC-0170,WH-01,1,14.26,Online Payment,3.3,False,False
ORD-0000955,2023-01-03,CUST-021537,East,PRD-0148,Sports & Outdoor,ACC-0187,WH-04,2,271.1,Installment Plan,3.4,True,False
ORD-0000956,2023-01-03,CUST-027655,Central,PRD-0132,Home & Kitchen,ACC-0048,WH-01,2,132.7,Wallet Credit,2.2,True,False
ORD-0000957,2023-01-03,CUST-035916,Central,PRD-0040,Fashion & Apparel,ACC-0076,WH-01,1,35.59,Cash on Delivery,2.0,True,True
ORD-0000958,2023-01-03,CUST-030209,North,PRD-0122,Home & Kitchen,ACC-0215,WH-02,2,120.42,Online Payment,3.0,True,True
ORD-0000959,2023-01-03,CUST-014420,West,PRD-0036,Fashion & Apparel,ACC-0158,WH-01,3,249.66,Wallet Credit,2.1,True,False
ORD-0000960,2023-01-03,CUST-013230,West,PRD-0072,Books & Media,ACC-0117,WH-05,1,5.87,Cash on Delivery,3.5,True,False
ORD-0000961,2023-01-03,CUST-005799,Central,PRD-0126,Home & Kitchen,ACC-0245,WH-01,3,174.45,Online Payment,2.3,True,False
ORD-0000962,2023-01-03,CUST-030094,South,PRD-0090,Digital Goods,ACC-0031,WH-03,3,50.64,Installment Plan,2.9,True,False
ORD-0000963,2023-01-03,CUST-012616,South,PRD-0096,Digital Goods,ACC-0157,WH-03,2,51.06,Online Payment,3.5,True,False
ORD-0000964,2023-01-03,CUST-034082,Central,PRD-0049,Fashion & Apparel,ACC-0140,WH-01,1,81.27,Online Payment,2.1,True,False
ORD-0000965,2023-01-03,CUST-003159,North,PRD-0128,Home & Kitchen,ACC-0241,WH-02,1,95.86,Cash on Delivery,3.1,True,False
ORD-0000966,2023-01-03,CUST-034093,Central,PRD-0043,Fashion & Apparel,ACC-0122,WH-01,2,106.64,Cash on Delivery,2.2,True,True
ORD-0000967,2023-01-03,CUST-016855,Central,PRD-0114,Grocery & Gourmet,ACC-0173,WH-01,2,60.48,Cash on Delivery,3.1,False,False
ORD-0000968,2023-01-03,CUST-001850,Central,PRD-0068,Beauty & Health,ACC-0171,WH-01,3,179.25,Online Payment,2.2,True,False
ORD-0000969,2023-01-03,CUST-026739,Central,PRD-0048,Fashion & Apparel,ACC-0141,WH-01,1,71.58,Wallet Credit,2.6,True,True
ORD-0000970,2023-01-03,CUST-035391,East,PRD-0079,Books & Media,ACC-0093,WH-04,1,9.98,Wallet Credit,3.3,True,False
ORD-0000971,2023-01-03,CUST-009912,East,PRD-0079,Books & Media,ACC-0235,WH-04,1,9.98,Online Payment,3.1,True,False
ORD-0000972,2023-01-03,CUST-019094,Central,PRD-0116,Grocery & Gourmet,ACC-0114,WH-01,1,39.14,Wallet Credit,2.2,True,False
ORD-0000973,2023-01-03,CUST-000890,Central,PRD-0023,Home Appliances,ACC-0097,WH-01,1,528.07,Wallet Credit,2.2,True,False
ORD-0000974,2023-01-03,CUST-015022,North,PRD-0039,Fashion & Apparel,ACC-0158,WH-02,2,115.9,Installment Plan,3.3,True,False
ORD-0000975,2023-01-03,CUST-017153,Central,PRD-0118,Grocery & Gourmet,ACC-0087,WH-01,1,47.24,Online Payment,1.8,True,False
ORD-0000976,2023-01-03,CUST-008866,North,PRD-0045,Fashion & Apparel,ACC-0016,WH-02,3,70.38,Online Payment,2.8,True,False
ORD-0000977,2023-01-03,CUST-002330,South,PRD-0079,Books & Media,ACC-0041,WH-03,2,19.96,Installment Plan,4.1,False,False
ORD-0000978,2023-01-03,CUST-022102,South,PRD-0108,Grocery & Gourmet,ACC-0059,WH-03,1,15.58,Online Payment,3.6,True,False
ORD-0000979,2023-01-03,CUST-035401,North,PRD-0016,Mobile & Tablet,ACC-0101,WH-02,3,1265.55,Cash on Delivery,2.7,True,False
ORD-0000980,2023-01-03,CUST-027294,North,PRD-0007,Mobile & Tablet,ACC-0082,WH-02,1,541.66,Online Payment,2.9,True,False
ORD-0000981,2023-01-03,CUST-000594,West,PRD-0002,Mobile & Tablet,ACC-0173,WH-05,1,504.12,Cash on Delivery,3.2,True,False
ORD-0000982,2023-01-03,CUST-009145,East,PRD-0012,Mobile & Tablet,ACC-0069,WH-04,3,1424.64,Installment Plan,4.0,True,False
ORD-0000983,2023-01-03,CUST-008105,South,PRD-0104,Grocery & Gourmet,ACC-0079,WH-03,1,14.26,Wallet Credit,2.9,True,False
ORD-0000984,2023-01-03,CUST-031879,West,PRD-0044,Fashion & Apparel,ACC-0185,WH-05,1,78.47,Installment Plan,3.4,True,False
ORD-0000985,2023-01-03,CUST-017096,North,PRD-0105,Grocery & Gourmet,ACC-0198,WH-02,2,50.36,Installment Plan,3.5,True,False
ORD-0000986,2023-01-03,CUST-025787,North,PRD-0062,Beauty & Health,ACC-0013,WH-02,2,78.38,Online Payment,2.8,True,False
ORD-0000987,2023-01-03,CUST-020425,West,PRD-0012,Mobile & Tablet,ACC-0153,WH-05,2,949.76,Online Payment,3.9,True,False
ORD-0000988,2023-01-03,CUST-010670,South,PRD-0071,Books & Media,ACC-0122,WH-03,1,7.91,Online Payment,3.8,True,False
ORD-0000989,2023-01-03,CUST-021351,West,PRD-0018,Home Appliances,ACC-0015,WH-05,1,305.22,Cash on Delivery,4.3,False,False
ORD-0000990,2023-01-03,CUST-014831,Central,PRD-0137,Sports & Outdoor,ACC-0158,WH-01,1,110.32,Online Payment,1.8,True,False
ORD-0000991,2023-01-03,CUST-003644,West,PRD-0013,Mobile & Tablet,ACC-0155,WH-05,2,704.4,Cash on Delivery,3.7,True,False
ORD-0000992,2023-01-03,CUST-034536,North,PRD-0074,Books & Media,ACC-0007,WH-02,2,42.44,Installment Plan,3.5,True,False
ORD-0000993,2023-01-03,CUST-008825,East,PRD-0014,Mobile & Tablet,ACC-0033,WH-04,2,560.0,Online Payment,3.1,True,False
ORD-0000994,2023-01-03,CUST-023559,East,PRD-0095,Digital Goods,ACC-0119,WH-04,2,65.14,Wallet Credit,3.4,True,False
ORD-0000995,2023-01-03,CUST-008061,South,PRD-0042,Fashion & Apparel,ACC-0103,WH-03,1,94.22,Online Payment,3.4,True,False
ORD-0000996,2023-01-03,CUST-002968,West,PRD-0070,Books & Media,ACC-0061,WH-05,1,22.22,Cash on Delivery,4.3,False,False
ORD-0000997,2023-01-03,CUST-009616,West,PRD-0106,Grocery & Gourmet,ACC-0171,WH-05,1,28.58,Online Payment,4.5,False,False
ORD-0000998,2023-01-03,CUST-030457,South,PRD-0057,Beauty & Health,ACC-0213,WH-03,2,28.54,Online Payment,3.0,True,False
ORD-0000999,2023-01-03,CUST-032423,West,PRD-0056,Beauty & Health,ACC-0118,WH-05,2,47.02,Wallet Credit,3.5,True,False
ORD-0001000,2023-01-03,CUST-014596,East,PRD-0094,Digital Goods,ACC-0179,WH-04,1,31.33,Online Payment,3.4,True,False
ORD-0001001,2023-01-03,CUST-032813,North,PRD-0051,Fashion & Apparel,ACC-0107,WH-02,2,59.26,Online Payment,4.2,False,False
ORD-0001002,2023-01-03,CUST-000204,East,PRD-0118,Grocery & Gourmet,ACC-0062,WH-04,2,94.48,Wallet Credit,3.6,True,False
ORD-0001003,2023-01-03,CUST-003216,South,PRD-0051,Fashion & Apparel,ACC-0085,WH-03,1,29.63,Cash on Delivery,2.7,True,False
ORD-0001004,2023-01-03,CUST-022476,Central,PRD-0083,Books & Media,ACC-0152,WH-01,2,38.68,Wallet Credit,2.5,True,False
ORD-0001005,2023-01-03,CUST-012491,North,PRD-0120,Home & Kitchen,ACC-0093,WH-02,3,216.78,Online Payment,3.3,True,False
ORD-0001006,2023-01-03,CUST-011611,West,PRD-0030,Home Appliances,ACC-0250,WH-05,2,291.52,Cash on Delivery,4.2,False,True
ORD-0001007,2023-01-03,CUST-000233,Central,PRD-0095,Digital Goods,ACC-0001,WH-01,2,65.14,Cash on Delivery,3.4,False,False
ORD-0001008,2023-01-03,CUST-032969,East,PRD-0139,Sports & Outdoor,ACC-0160,WH-04,1,78.53,Online Payment,3.7,True,False
ORD-0001009,2023-01-03,CUST-026998,West,PRD-0007,Mobile & Tablet,ACC-0211,WH-05,1,541.66,Online Payment,3.3,True,False
ORD-0001010,2023-01-03,CUST-026441,South,PRD-0050,Fashion & Apparel,ACC-0060,WH-03,2,60.26,Online Payment,3.6,True,False
ORD-0001011,2023-01-03,CUST-004996,Central,PRD-0075,Books & Media,ACC-0004,WH-01,2,43.72,Online Payment,2.2,True,False
ORD-0001012,2023-01-03,CUST-000043,Central,PRD-0131,Home & Kitchen,ACC-0201,WH-01,3,306.33,Wallet Credit,2.7,True,False
ORD-0001013,2023-01-03,CUST-012224,Central,PRD-0088,Digital Goods,ACC-0256,WH-01,1,32.6,Online Payment,2.7,True,False
ORD-0001014,2023-01-03,CUST-031957,Central,PRD-0091,Digital Goods,ACC-0248,WH-01,1,18.22,Cash on Delivery,3.4,False,False
ORD-0001015,2023-01-03,CUST-034939,Central,PRD-0015,Mobile & Tablet,ACC-0249,WH-01,2,1333.62,Online Payment,2.3,True,False
ORD-0001016,2023-01-03,CUST-013714,East,PRD-0050,Fashion & Apparel,ACC-0063,WH-04,2,60.26,Wallet Credit,4.0,True,False
ORD-0001017,2023-01-03,CUST-032528,Central,PRD-0106,Grocery & Gourmet,ACC-0231,WH-01,1,28.58,Online Payment,3.0,True,False
ORD-0001018,2023-01-03,CUST-025102,West,PRD-0119,Grocery & Gourmet,ACC-0235,WH-05,1,15.1,Cash on Delivery,3.7,True,False
ORD-0001019,2023-01-03,CUST-027972,Central,PRD-0089,Digital Goods,ACC-0141,WH-01,2,72.84,Online Payment,2.2,True,False
ORD-0001020,2023-01-03,CUST-005421,East,PRD-0137,Sports & Outdoor,ACC-0138,WH-04,1,110.32,Online Payment,3.2,True,False
ORD-0001021,2023-01-03,CUST-023734,West,PRD-0129,Home & Kitchen,ACC-0153,WH-05,1,37.2,Online Payment,3.4,True,False
ORD-0001022,2023-01-03,CUST-029829,West,PRD-0127,Home & Kitchen,ACC-0031,WH-05,1,113.98,Online Payment,3.0,True,False
ORD-0001023,2023-01-03,CUST-003214,North,PRD-0102,Digital Goods,ACC-0022,WH-02,1,27.27,Cash on Delivery,3.1,True,False
ORD-0001024,2023-01-03,CUST-019892,Central,PRD-0080,Books & Media,ACC-0215,WH-01,1,12.52,Online Payment,2.1,True,False
ORD-0001025,2023-01-03,CUST-033539,East,PRD-0093,Digital Goods,ACC-0116,WH-04,1,35.6,Wallet Credit,4.3,False,False
ORD-0001026,2023-01-03,CUST-017828,East,PRD-0080,Books & Media,ACC-0187,WH-04,1,12.52,Online Payment,3.2,True,False
ORD-0001027,2023-01-03,CUST-029265,North,PRD-0020,Home Appliances,ACC-0051,WH-02,1,525.87,Online Payment,3.1,True,False
ORD-0001028,2023-01-03,CUST-012598,Central,PRD-0098,Digital Goods,ACC-0088,WH-01,2,60.12,Online Payment,2.9,True,False
ORD-0001029,2023-01-03,CUST-003507,Central,PRD-0082,Books & Media,ACC-0125,WH-01,1,13.77,Cash on Delivery,1.8,True,False
ORD-0001030,2023-01-03,CUST-030828,North,PRD-0039,Fashion & Apparel,ACC-0144,WH-02,3,173.85,Wallet Credit,4.1,False,False
ORD-0001031,2023-01-03,CUST-031613,South,PRD-0134,Home & Kitchen,ACC-0253,WH-03,1,117.79,Wallet Credit,4.7,False,False
ORD-0001032,2023-01-03,CUST-012204,Central,PRD-0053,Beauty & Health,ACC-0031,WH-01,1,49.47,Cash on Delivery,2.7,True,False
ORD-0001033,2023-01-03,CUST-014075,Central,PRD-0066,Beauty & Health,ACC-0200,WH-01,1,57.2,Cash on Delivery,2.4,True,False
ORD-0001034,2023-01-03,CUST-024474,Central,PRD-0088,Digital Goods,ACC-0077,WH-01,1,32.6,Online Payment,2.0,True,False
ORD-0001035,2023-01-03,CUST-025223,South,PRD-0065,Beauty & Health,ACC-0012,WH-03,1,27.09,Cash on Delivery,2.9,True,False
ORD-0001036,2023-01-03,CUST-006568,North,PRD-0134,Home & Kitchen,ACC-0219,WH-02,2,235.58,Online Payment,3.1,True,False
ORD-0001037,2023-01-03,CUST-023459,South,PRD-0066,Beauty & Health,ACC-0235,WH-03,1,57.2,Online Payment,3.2,True,False
ORD-0001038,2023-01-03,CUST-005014,South,PRD-0101,Digital Goods,ACC-0153,WH-03,3,57.69,Wallet Credit,3.0,True,False
ORD-0001039,2023-01-03,CUST-023916,North,PRD-0039,Fashion & Apparel,ACC-0198,WH-02,2,115.9,Online Payment,2.8,True,False
ORD-0001040,2023-01-03,CUST-013032,East,PRD-0020,Home Appliances,ACC-0087,WH-04,3,1577.61,Online Payment,3.8,True,False
ORD-0001041,2023-01-03,CUST-035517,South,PRD-0107,Grocery & Gourmet,ACC-0015,WH-03,1,29.08,Cash on Delivery,3.0,True,False
ORD-0001042,2023-01-03,CUST-028455,Central,PRD-0033,Home Appliances,ACC-0175,WH-01,1,449.97,Online Payment,2.4,True,False
ORD-0001043,2023-01-03,CUST-018437,West,PRD-0080,Books & Media,ACC-0009,WH-05,1,12.52,Online Payment,3.6,True,False
ORD-0001044,2023-01-03,CUST-014778,East,PRD-0039,Fashion & Apparel,ACC-0204,WH-04,1,57.95,Online Payment,3.2,True,False
ORD-0001045,2023-01-03,CUST-009152,Central,PRD-0086,Digital Goods,ACC-0142,WH-01,2,49.98,Wallet Credit,3.5,False,False
ORD-0001046,2023-01-03,CUST-003580,North,PRD-0090,Digital Goods,ACC-0095,WH-01,1,16.88,Online Payment,2.6,True,False
ORD-0001047,2023-01-03,CUST-020509,Central,PRD-0057,Beauty & Health,ACC-0111,WH-01,1,14.27,Wallet Credit,2.2,True,False
ORD-0001048,2023-01-03,CUST-014529,Central,PRD-0090,Digital Goods,ACC-0045,WH-01,1,16.88,Online Payment,2.1,True,False
ORD-0001049,2023-01-03,CUST-008451,Central,PRD-0078,Books & Media,ACC-0118,WH-01,1,17.88,Online Payment,2.5,True,False
ORD-0001050,2023-01-03,CUST-010318,East,PRD-0038,Fashion & Apparel,ACC-0055,WH-04,1,41.73,Cash on Delivery,3.9,True,False
ORD-0001051,2023-01-03,CUST-024050,Central,PRD-0022,Home Appliances,ACC-0101,WH-01,1,265.81,Cash on Delivery,1.9,True,False
ORD-0001052,2023-01-03,CUST-023094,Central,PRD-0009,Mobile & Tablet,ACC-0041,WH-01,3,1638.78,Cash on Delivery,3.1,False,False
ORD-0001053,2023-01-03,CUST-018391,Central,PRD-0011,Mobile & Tablet,ACC-0182,WH-01,2,1472.64,Cash on Delivery,3.9,False,False
ORD-0001054,2023-01-03,CUST-029597,West,PRD-0041,Fashion & Apparel,ACC-0087,WH-05,1,38.91,Online Payment,3.2,True,False
ORD-0001055,2023-01-03,CUST-025029,North,PRD-0017,Mobile & Tablet,ACC-0218,WH-02,3,560.61,Online Payment,2.5,True,False
ORD-0001056,2023-01-03,CUST-017216,West,PRD-0013,Mobile & Tablet,ACC-0236,WH-01,1,352.2,Online Payment,2.1,True,False
ORD-0001057,2023-01-03,CUST-012345,North,PRD-0041,Fashion & Apparel,ACC-0195,WH-02,3,116.73,Online Payment,3.6,True,False
ORD-0001058,2023-01-03,CUST-016394,Central,PRD-0139,Sports & Outdoor,ACC-0064,WH-01,3,235.59,Installment Plan,2.9,True,False
ORD-0001059,2023-01-03,CUST-000943,East,PRD-0141,Sports & Outdoor,ACC-0160,WH-04,1,44.69,Online Payment,2.9,True,True
ORD-0001060,2023-01-03,CUST-008803,East,PRD-0065,Beauty & Health,ACC-0218,WH-04,1,27.09,Installment Plan,3.7,True,False
ORD-0001061,2023-01-03,CUST-027142,East,PRD-0060,Beauty & Health,ACC-0255,WH-04,1,41.99,Wallet Credit,3.2,True,False
ORD-0001062,2023-01-03,CUST-014727,West,PRD-0141,Sports & Outdoor,ACC-0027,WH-01,2,89.38,Cash on Delivery,2.0,True,True
ORD-0001063,2023-01-03,CUST-003964,West,PRD-0139,Sports & Outdoor,ACC-0189,WH-05,3,235.59,Online Payment,3.7,True,False
ORD-0001064,2023-01-03,CUST-018894,South,PRD-0066,Beauty & Health,ACC-0145,WH-03,1,57.2,Cash on Delivery,3.8,True,False
ORD-0001065,2023-01-03,CUST-032443,West,PRD-0094,Digital Goods,ACC-0173,WH-05,1,31.33,Online Payment,3.2,True,False
ORD-0001066,2023-01-03,CUST-007415,South,PRD-0106,Grocery & Gourmet,ACC-0241,WH-03,3,85.74,Cash on Delivery,2.9,True,False
ORD-0001067,2023-01-03,CUST-018018,Central,PRD-0052,Beauty & Health,ACC-0143,WH-01,1,50.83,Wallet Credit,2.6,True,False
ORD-0001068,2023-01-03,CUST-007769,North,PRD-0105,Grocery & Gourmet,ACC-0255,WH-02,1,25.18,Cash on Delivery,2.9,True,False
ORD-0001069,2023-01-03,CUST-029770,Central,PRD-0059,Beauty & Health,ACC-0001,WH-01,2,72.62,Online Payment,2.7,True,False
ORD-0001070,2023-01-03,CUST-007414,North,PRD-0128,Home & Kitchen,ACC-0241,WH-01,1,95.86,Online Payment,2.4,True,False
ORD-0001071,2023-01-03,CUST-011346,Central,PRD-0129,Home & Kitchen,ACC-0160,WH-01,1,37.2,Online Payment,2.0,True,False
ORD-0001072,2023-01-03,CUST-030413,West,PRD-0035,Fashion & Apparel,ACC-0006,WH-05,2,181.12,Online Payment,4.1,False,False
ORD-0001073,2023-01-03,CUST-026533,North,PRD-0063,Beauty & Health,ACC-0143,WH-02,1,27.57,Wallet Credit,3.0,True,False
ORD-0001074,2023-01-03,CUST-033395,Central,PRD-0022,Home Appliances,ACC-0195,WH-01,1,265.81,Online Payment,2.2,True,False
ORD-0001075,2023-01-03,CUST-035657,Central,PRD-0134,Home & Kitchen,ACC-0120,WH-01,2,235.58,Online Payment,2.1,True,False
ORD-0001076,2023-01-03,CUST-031900,Central,PRD-0010,Mobile & Tablet,ACC-0102,WH-01,1,635.84,Online Payment,2.3,True,True
ORD-0001077,2023-01-03,CUST-014574,Central,PRD-0029,Home Appliances,ACC-0050,WH-01,1,248.48,Online Payment,2.3,True,False
ORD-0001078,2023-01-03,CUST-008771,West,PRD-0131,Home & Kitchen,ACC-0218,WH-05,2,204.22,Online Payment,3.6,True,False
ORD-0001079,2023-01-03,CUST-012869,North,PRD-0130,Home & Kitchen,ACC-0091,WH-02,1,30.56,Cash on Delivery,2.9,True,False
ORD-0001080,2023-01-03,CUST-008359,Central,PRD-0113,Grocery & Gourmet,ACC-0079,WH-01,2,34.02,Online Payment,2.1,True,False
ORD-0001081,2023-01-03,CUST-001990,South,PRD-0086,Digital Goods,ACC-0153,WH-03,2,49.98,Online Payment,3.0,True,False
ORD-0001082,2023-01-03,CUST-016355,East,PRD-0069,Books & Media,ACC-0052,WH-04,2,39.86,Online Payment,3.0,True,False
ORD-0001083,2023-01-03,CUST-003797,North,PRD-0146,Sports & Outdoor,ACC-0235,WH-02,3,282.69,Installment Plan,2.5,True,False
ORD-0001084,2023-01-03,CUST-005254,South,PRD-0026,Home Appliances,ACC-0177,WH-03,1,319.15,Online Payment,3.1,True,False
ORD-0001085,2023-01-03,CUST-007175,Central,PRD-0066,Beauty & Health,ACC-0013,WH-01,2,114.4,Cash on Delivery,2.0,True,False
ORD-0001086,2023-01-03,CUST-010549,Central,PRD-0063,Beauty & Health,ACC-0215,WH-01,1,27.57,Online Payment,2.3,True,False
ORD-0001087,2023-01-03,CUST-031733,North,PRD-0055,Beauty & Health,ACC-0241,WH-02,2,123.08,Cash on Delivery,2.9,True,False
ORD-0001088,2023-01-03,CUST-026678,Central,PRD-0119,Grocery & Gourmet,ACC-0179,WH-01,2,30.2,Online Payment,1.9,True,False
ORD-0001089,2023-01-03,CUST-006808,Central,PRD-0030,Home Appliances,ACC-0094,WH-01,2,291.52,Online Payment,2.5,True,False
ORD-0001090,2023-01-03,CUST-028455,Central,PRD-0036,Fashion & Apparel,ACC-0054,WH-01,2,166.44,Online Payment,2.1,True,False
ORD-0001091,2023-01-03,CUST-032635,Central,PRD-0003,Mobile & Tablet,ACC-0092,WH-01,1,226.53,Cash on Delivery,2.7,True,False
ORD-0001092,2023-01-03,CUST-023453,West,PRD-0057,Beauty & Health,ACC-0018,WH-05,1,14.27,Cash on Delivery,4.4,False,False
ORD-0001093,2023-01-03,CUST-000985,Central,PRD-0060,Beauty & Health,ACC-0062,WH-01,2,83.98,Online Payment,2.0,True,False
ORD-0001094,2023-01-03,CUST-002039,Central,PRD-0091,Digital Goods,ACC-0218,WH-01,2,36.44,Installment Plan,2.6,True,False
ORD-0001095,2023-01-03,CUST-016965,West,PRD-0104,Grocery & Gourmet,ACC-0231,WH-05,1,14.26,Online Payment,4.5,False,False
ORD-0001096,2023-01-03,CUST-031797,West,PRD-0070,Books & Media,ACC-0003,WH-05,1,22.22,Online Payment,3.8,True,False
ORD-0001097,2023-01-03,CUST-032856,North,PRD-0005,Mobile & Tablet,ACC-0133,WH-01,2,1432.76,Online Payment,1.9,True,False
ORD-0001098,2023-01-03,CUST-018689,Central,PRD-0020,Home Appliances,ACC-0004,WH-01,1,525.87,Installment Plan,2.9,True,False
ORD-0001099,2023-01-03,CUST-007568,North,PRD-0097,Digital Goods,ACC-0214,WH-02,1,25.18,Online Payment,3.2,True,False
ORD-0001100,2023-01-03,CUST-015096,Central,PRD-0057,Beauty & Health,ACC-0129,WH-01,1,14.27,Installment Plan,2.3,True,False
ORD-0001101,2023-01-03,CUST-006697,West,PRD-0151,Sports & Outdoor,ACC-0021,WH-05,1,30.86,Online Payment,4.7,False,False
ORD-0001102,2023-01-03,CUST-010664,Central,PRD-0068,Beauty & Health,ACC-0168,WH-01,3,179.25,Online Payment,2.4,True,False
ORD-0001103,2023-01-03,CUST-004738,Central,PRD-0084,Books & Media,ACC-0178,WH-01,2,20.72,Cash on Delivery,1.9,True,False
ORD-0001104,2023-01-03,CUST-005902,East,PRD-0075,Books & Media,ACC-0255,WH-04,2,43.72,Online Payment,4.0,True,False
ORD-0001105,2023-01-03,CUST-012639,North,PRD-0145,Sports & Outdoor,ACC-0141,WH-02,1,29.79,Online Payment,3.1,True,False
ORD-0001106,2023-01-03,CUST-007111,Central,PRD-0021,Home Appliances,ACC-0184,WH-01,3,358.44,Wallet Credit,2.4,True,False
ORD-0001107,2023-01-03,CUST-029647,Central,PRD-0039,Fashion & Apparel,ACC-0224,WH-01,2,115.9,Cash on Delivery,1.7,True,True
ORD-0001108,2023-01-03,CUST-021052,West,PRD-0109,Grocery & Gourmet,ACC-0176,WH-05,2,22.96,Cash on Delivery,5.1,False,False
ORD-0001109,2023-01-03,CUST-033380,South,PRD-0054,Beauty & Health,ACC-0255,WH-03,2,58.62,Cash on Delivery,2.8,True,False
ORD-0001110,2023-01-03,CUST-028277,Central,PRD-0051,Fashion & Apparel,ACC-0174,WH-01,3,88.89,Online Payment,1.9,True,False
ORD-0001111,2023-01-03,CUST-001727,Central,PRD-0094,Digital Goods,ACC-0143,WH-01,1,31.33,Wallet Credit,3.3,False,False
ORD-0001112,2023-01-03,CUST-009510,South,PRD-0135,Home & Kitchen,ACC-0009,WH-03,2,177.34,Wallet Credit,3.2,True,False
ORD-0001113,2023-01-03,CUST-023194,Central,PRD-0132,Home & Kitchen,ACC-0155,WH-01,2,132.7,Cash on Delivery,2.3,True,False
ORD-0001114,2023-01-03,CUST-000779,West,PRD-0031,Home Appliances,ACC-0147,WH-05,2,231.02,Installment Plan,3.9,True,False
ORD-0001115,2023-01-03,CUST-027761,North,PRD-0013,Mobile & Tablet,ACC-0179,WH-02,1,352.2,Online Payment,3.1,True,False
ORD-0001116,2023-01-03,CUST-017761,West,PRD-0120,Home & Kitchen,ACC-0212,WH-01,1,72.26,Wallet Credit,1.9,True,False
ORD-0001117,2023-01-03,CUST-011081,North,PRD-0107,Grocery & Gourmet,ACC-0255,WH-02,2,58.16,Cash on Delivery,2.5,True,False
ORD-0001118,2023-01-03,CUST-013937,East,PRD-0044,Fashion & Apparel,ACC-0244,WH-04,2,156.94,Wallet Credit,5.4,False,False
ORD-0001119,2023-01-03,CUST-024514,South,PRD-0068,Beauty & Health,ACC-0083,WH-01,2,119.5,Online Payment,2.1,True,False
ORD-0001120,2023-01-03,CUST-025214,North,PRD-0090,Digital Goods,ACC-0074,WH-02,1,16.88,Wallet Credit,2.8,True,False
ORD-0001121,2023-01-03,CUST-005653,South,PRD-0067,Beauty & Health,ACC-0179,WH-01,1,15.54,Cash on Delivery,2.5,True,False
ORD-0001122,2023-01-03,CUST-011793,South,PRD-0109,Grocery & Gourmet,ACC-0138,WH-03,2,22.96,Wallet Credit,3.7,True,False
ORD-0001123,2023-01-03,CUST-006343,East,PRD-0132,Home & Kitchen,ACC-0157,WH-04,1,66.35,Cash on Delivery,4.2,False,False
ORD-0001124,2023-01-03,CUST-023059,North,PRD-0108,Grocery & Gourmet,ACC-0052,WH-01,1,15.58,Cash on Delivery,2.2,True,False
ORD-0001125,2023-01-03,CUST-031550,Central,PRD-0053,Beauty & Health,ACC-0120,WH-01,1,49.47,Wallet Credit,2.4,True,False
ORD-0001126,2023-01-03,CUST-002905,Central,PRD-0144,Sports & Outdoor,ACC-0181,WH-01,1,72.68,Online Payment,2.0,True,False
ORD-0001127,2023-01-03,CUST-010559,West,PRD-0150,Sports & Outdoor,ACC-0055,WH-05,2,144.98,Online Payment,3.6,True,False
ORD-0001128,2023-01-03,CUST-023059,North,PRD-0080,Books & Media,ACC-0189,WH-02,1,12.52,Installment Plan,3.6,True,False
ORD-0001129,2023-01-03,CUST-006125,Central,PRD-0131,Home & Kitchen,ACC-0123,WH-01,1,102.11,Online Payment,3.8,False,False
ORD-0001130,2023-01-03,CUST-020425,West,PRD-0079,Books & Media,ACC-0107,WH-01,1,9.98,Installment Plan,2.8,True,False
ORD-0001131,2023-01-03,CUST-021417,Central,PRD-0019,Home Appliances,ACC-0154,WH-01,1,419.13,Online Payment,2.8,True,False
ORD-0001132,2023-01-03,CUST-003190,North,PRD-0129,Home & Kitchen,ACC-0041,WH-02,2,74.4,Online Payment,5.4,False,False
ORD-0001133,2023-01-03,CUST-014514,West,PRD-0106,Grocery & Gourmet,ACC-0133,WH-05,1,28.58,Online Payment,4.5,False,False
ORD-0001134,2023-01-03,CUST-012520,North,PRD-0041,Fashion & Apparel,ACC-0254,WH-02,1,38.91,Online Payment,2.8,True,True
ORD-0001135,2023-01-03,CUST-012761,Central,PRD-0143,Sports & Outdoor,ACC-0212,WH-01,1,45.69,Online Payment,2.5,True,False
ORD-0001136,2023-01-03,CUST-018682,West,PRD-0100,Digital Goods,ACC-0028,WH-05,1,10.71,Installment Plan,3.5,True,False
ORD-0001137,2023-01-03,CUST-006293,Central,PRD-0145,Sports & Outdoor,ACC-0168,WH-01,2,59.58,Online Payment,2.8,True,False
ORD-0001138,2023-01-03,CUST-004475,South,PRD-0023,Home Appliances,ACC-0205,WH-03,1,528.07,Online Payment,3.3,True,False
ORD-0001139,2023-01-03,CUST-030190,North,PRD-0118,Grocery & Gourmet,ACC-0250,WH-02,3,141.72,Wallet Credit,3.1,True,False
ORD-0001140,2023-01-03,CUST-017356,East,PRD-0068,Beauty & Health,ACC-0216,WH-04,1,59.75,Online Payment,3.8,True,False
ORD-0001141,2023-01-03,CUST-001395,North,PRD-0104,Grocery & Gourmet,ACC-0255,WH-02,1,14.26,Cash on Delivery,2.8,True,False
ORD-0001142,2023-01-03,CUST-017929,North,PRD-0033,Home Appliances,ACC-0133,WH-02,1,449.97,Online Payment,3.6,True,False
ORD-0001143,2023-01-03,CUST-006771,West,PRD-0132,Home & Kitchen,ACC-0153,WH-05,3,199.05,Online Payment,3.0,True,False
ORD-0001144,2023-01-03,CUST-025406,East,PRD-0096,Digital Goods,ACC-0128,WH-04,1,25.53,Wallet Credit,3.5,True,False
ORD-0001145,2023-01-03,CUST-001369,South,PRD-0034,Home Appliances,ACC-0231,WH-03,1,132.98,Wallet Credit,3.5,True,False
ORD-0001146,2023-01-03,CUST-004594,Central,PRD-0107,Grocery & Gourmet,ACC-0141,WH-01,3,87.24,Online Payment,2.1,True,False
ORD-0001147,2023-01-03,CUST-001386,South,PRD-0074,Books & Media,ACC-0091,WH-03,1,21.22,Online Payment,2.9,True,False
ORD-0001148,2023-01-03,CUST-009117,Central,PRD-0122,Home & Kitchen,ACC-0208,WH-01,3,180.63,Online Payment,2.5,True,False
ORD-0001149,2023-01-03,CUST-005590,South,PRD-0053,Beauty & Health,ACC-0095,WH-03,2,98.94,Cash on Delivery,2.6,True,False
ORD-0001150,2023-01-03,CUST-011477,South,PRD-0068,Beauty & Health,ACC-0208,WH-03,3,179.25,Online Payment,5.0,False,False
ORD-0001151,2023-01-03,CUST-012808,South,PRD-0147,Sports & Outdoor,ACC-0040,WH-03,1,131.3,Online Payment,4.9,False,False
ORD-0001152,2023-01-03,CUST-032124,Central,PRD-0068,Beauty & Health,ACC-0095,WH-01,1,59.75,Installment Plan,1.9,True,False
ORD-0001153,2023-01-03,CUST-023665,North,PRD-0024,Home Appliances,ACC-0139,WH-02,1,262.8,Wallet Credit,3.4,True,False
ORD-0001154,2023-01-03,CUST-022703,Central,PRD-0076,Books & Media,ACC-0052,WH-01,1,7.78,Online Payment,1.9,True,False
ORD-0001155,2023-01-03,CUST-001531,West,PRD-0098,Digital Goods,ACC-0250,WH-05,1,30.06,Online Payment,3.7,True,False
ORD-0001156,2023-01-03,CUST-004306,North,PRD-0115,Grocery & Gourmet,ACC-0059,WH-02,2,37.82,Cash on Delivery,3.1,True,False
ORD-0001157,2023-01-03,CUST-002040,East,PRD-0113,Grocery & Gourmet,ACC-0027,WH-04,3,51.03,Installment Plan,3.5,True,False
ORD-0001158,2023-01-03,CUST-005960,Central,PRD-0036,Fashion & Apparel,ACC-0232,WH-01,2,166.44,Online Payment,2.3,True,False
ORD-0001159,2023-01-03,CUST-005939,North,PRD-0117,Grocery & Gourmet,ACC-0030,WH-02,2,49.72,Wallet Credit,3.0,True,False
ORD-0001160,2023-01-03,CUST-029308,East,PRD-0011,Mobile & Tablet,ACC-0022,WH-04,2,1472.64,Online Payment,3.2,True,False
ORD-0001161,2023-01-03,CUST-034721,South,PRD-0119,Grocery & Gourmet,ACC-0054,WH-03,3,45.3,Wallet Credit,3.3,True,True
ORD-0001162,2023-01-03,CUST-005776,South,PRD-0064,Beauty & Health,ACC-0226,WH-03,1,28.94,Online Payment,3.1,True,False
ORD-0001163,2023-01-03,CUST-034578,North,PRD-0138,Sports & Outdoor,ACC-0009,WH-02,3,320.76,Installment Plan,3.5,True,False
ORD-0001164,2023-01-03,CUST-011164,West,PRD-0105,Grocery & Gourmet,ACC-0173,WH-05,2,50.36,Online Payment,3.1,True,False
ORD-0001165,2023-01-03,CUST-003139,North,PRD-0009,Mobile & Tablet,ACC-0193,WH-02,1,546.26,Online Payment,3.3,True,False
ORD-0001166,2023-01-03,CUST-024291,North,PRD-0120,Home & Kitchen,ACC-0238,WH-02,2,144.52,Wallet Credit,3.2,True,False
ORD-0001167,2023-01-03,CUST-015571,North,PRD-0067,Beauty & Health,ACC-0234,WH-02,1,15.54,Online Payment,3.3,True,False
ORD-0001168,2023-01-03,CUST-001877,South,PRD-0015,Mobile & Tablet,ACC-0005,WH-03,1,666.81,Online Payment,4.0,True,False
ORD-0001169,2023-01-03,CUST-012755,Central,PRD-0150,Sports & Outdoor,ACC-0131,WH-01,1,72.49,Online Payment,2.0,True,False
ORD-0001170,2023-01-03,CUST-033681,Central,PRD-0114,Grocery & Gourmet,ACC-0062,WH-01,3,90.72,Online Payment,1.8,True,False
ORD-0001171,2023-01-03,CUST-021530,North,PRD-0089,Digital Goods,ACC-0226,WH-02,3,109.26,Cash on Delivery,2.6,True,False
ORD-0001172,2023-01-03,CUST-005776,South,PRD-0021,Home Appliances,ACC-0208,WH-01,3,358.44,Online Payment,2.1,True,False
ORD-0001173,2023-01-03,CUST-016168,Central,PRD-0051,Fashion & Apparel,ACC-0002,WH-01,1,29.63,Online Payment,2.3,True,False
ORD-0001174,2023-01-03,CUST-026805,West,PRD-0030,Home Appliances,ACC-0241,WH-05,3,437.28,Installment Plan,3.9,True,False
ORD-0001175,2023-01-03,CUST-003093,North,PRD-0035,Fashion & Apparel,ACC-0198,WH-01,1,90.56,Online Payment,2.4,True,False
ORD-0001176,2023-01-03,CUST-020496,South,PRD-0092,Digital Goods,ACC-0154,WH-03,1,19.67,Cash on Delivery,3.4,True,False
ORD-0001177,2023-01-03,CUST-032029,East,PRD-0133,Home & Kitchen,ACC-0039,WH-04,1,111.35,Online Payment,3.3,True,False
ORD-0001178,2023-01-03,CUST-000218,East,PRD-0046,Fashion & Apparel,ACC-0141,WH-04,2,75.7,Cash on Delivery,3.3,True,False
ORD-0001179,2023-01-03,CUST-010807,Central,PRD-0030,Home Appliances,ACC-0159,WH-01,1,145.76,Installment Plan,2.3,True,False
ORD-0001180,2023-01-03,CUST-015030,West,PRD-0068,Beauty & Health,ACC-0259,WH-05,1,59.75,Online Payment,3.6,True,False
ORD-0001181,2023-01-03,CUST-009857,North,PRD-0007,Mobile & Tablet,ACC-0100,WH-02,1,541.66,Cash on Delivery,2.8,True,False
ORD-0001182,2023-01-03,CUST-021879,Central,PRD-0003,Mobile & Tablet,ACC-0256,WH-01,1,226.53,Cash on Delivery,2.1,True,True
ORD-0001183,2023-01-03,CUST-027582,North,PRD-0094,Digital Goods,ACC-0041,WH-02,1,31.33,Online Payment,3.6,True,False
ORD-0001184,2023-01-03,CUST-031585,Central,PRD-0103,Grocery & Gourmet,ACC-0015,WH-01,1,25.76,Wallet Credit,1.8,True,False
ORD-0001185,2023-01-03,CUST-012881,South,PRD-0145,Sports & Outdoor,ACC-0170,WH-03,1,29.79,Cash on Delivery,3.6,True,False
ORD-0001186,2023-01-03,CUST-006262,West,PRD-0020,Home Appliances,ACC-0057,WH-05,3,1577.61,Installment Plan,3.4,True,False
ORD-0001187,2023-01-03,CUST-035944,South,PRD-0121,Home & Kitchen,ACC-0199,WH-03,2,54.6,Online Payment,3.7,True,False
ORD-0001188,2023-01-03,CUST-013393,West,PRD-0025,Home Appliances,ACC-0211,WH-05,2,357.6,Online Payment,3.3,True,False
ORD-0001189,2023-01-03,CUST-026113,Central,PRD-0075,Books & Media,ACC-0187,WH-01,3,65.58,Cash on Delivery,1.7,True,False
ORD-0001190,2023-01-03,CUST-010935,Central,PRD-0137,Sports & Outdoor,ACC-0052,WH-01,1,110.32,Cash on Delivery,1.9,True,False
ORD-0001191,2023-01-03,CUST-029206,Central,PRD-0133,Home & Kitchen,ACC-0022,WH-01,1,111.35,Cash on Delivery,3.3,False,False
ORD-0001192,2023-01-03,CUST-022251,East,PRD-0066,Beauty & Health,ACC-0151,WH-01,1,57.2,Online Payment,1.9,True,False
ORD-0001193,2023-01-03,CUST-001033,South,PRD-0066,Beauty & Health,ACC-0055,WH-03,2,114.4,Cash on Delivery,2.9,True,False
ORD-0001194,2023-01-03,CUST-009889,West,PRD-0039,Fashion & Apparel,ACC-0049,WH-05,3,173.85,Online Payment,3.1,True,False
ORD-0001195,2023-01-03,CUST-026194,South,PRD-0083,Books & Media,ACC-0187,WH-03,1,19.34,Online Payment,3.8,True,False
ORD-0001196,2023-01-03,CUST-023665,North,PRD-0092,Digital Goods,ACC-0215,WH-01,1,19.67,Online Payment,2.9,True,False
ORD-0001197,2023-01-03,CUST-006540,North,PRD-0028,Home Appliances,ACC-0070,WH-02,1,499.88,Wallet Credit,2.8,True,False
ORD-0001198,2023-01-03,CUST-012918,East,PRD-0030,Home Appliances,ACC-0070,WH-04,1,145.76,Installment Plan,3.8,True,False
ORD-0001199,2023-01-03,CUST-018789,East,PRD-0024,Home Appliances,ACC-0250,WH-04,1,262.8,Cash on Delivery,4.0,True,False
ORD-0001200,2023-01-03,CUST-016613,East,PRD-0048,Fashion & Apparel,ACC-0083,WH-04,1,71.58,Cash on Delivery,3.5,True,True
ORD-0001201,2023-01-03,CUST-019104,South,PRD-0100,Digital Goods,ACC-0171,WH-03,1,10.71,Online Payment,3.3,True,False
ORD-0001202,2023-01-03,CUST-021065,East,PRD-0055,Beauty & Health,ACC-0006,WH-04,2,123.08,Online Payment,3.8,True,False
ORD-0001203,2023-01-03,CUST-031893,South,PRD-0028,Home Appliances,ACC-0012,WH-03,2,999.76,Online Payment,4.3,False,False
ORD-0001204,2023-01-03,CUST-017761,West,PRD-0080,Books & Media,ACC-0066,WH-05,1,12.52,Installment Plan,4.6,False,False
ORD-0001205,2023-01-03,CUST-003611,Central,PRD-0008,Mobile & Tablet,ACC-0163,WH-01,1,220.44,Online Payment,2.4,True,False
ORD-0001206,2023-01-03,CUST-023298,North,PRD-0062,Beauty & Health,ACC-0130,WH-02,2,78.38,Online Payment,3.0,True,False
ORD-0001207,2023-01-03,CUST-034402,West,PRD-0007,Mobile & Tablet,ACC-0101,WH-05,1,541.66,Online Payment,3.1,True,False
ORD-0001208,2023-01-03,CUST-024137,Central,PRD-0011,Mobile & Tablet,ACC-0094,WH-01,2,1472.64,Online Payment,2.3,True,False
ORD-0001209,2023-01-03,CUST-033346,Central,PRD-0009,Mobile & Tablet,ACC-0224,WH-01,2,1092.52,Online Payment,1.7,True,False
ORD-0001210,2023-01-03,CUST-022149,East,PRD-0097,Digital Goods,ACC-0215,WH-04,1,25.18,Cash on Delivery,3.6,True,False
ORD-0001211,2023-01-03,CUST-020425,West,PRD-0067,Beauty & Health,ACC-0230,WH-05,1,15.54,Cash on Delivery,3.7,True,False
ORD-0001212,2023-01-03,CUST-015071,Central,PRD-0131,Home & Kitchen,ACC-0052,WH-01,3,306.33,Wallet Credit,2.1,True,False
ORD-0001213,2023-01-03,CUST-029460,East,PRD-0123,Home & Kitchen,ACC-0164,WH-04,1,82.38,Cash on Delivery,3.4,True,False
ORD-0001214,2023-01-03,CUST-017358,South,PRD-0072,Books & Media,ACC-0226,WH-03,1,5.87,Online Payment,2.8,True,False
ORD-0001215,2023-01-03,CUST-001388,Central,PRD-0008,Mobile & Tablet,ACC-0130,WH-01,2,440.88,Installment Plan,2.2,True,False
ORD-0001216,2023-01-03,CUST-013544,North,PRD-0055,Beauty & Health,ACC-0229,WH-02,2,123.08,Online Payment,3.0,True,False
ORD-0001217,2023-01-03,CUST-012551,South,PRD-0036,Fashion & Apparel,ACC-0215,WH-03,3,249.66,Cash on Delivery,3.0,True,False
ORD-0001218,2023-01-03,CUST-023179,Central,PRD-0001,Mobile & Tablet,ACC-0045,WH-01,2,429.36,Online Payment,1.9,True,False
ORD-0001219,2023-01-03,CUST-032676,West,PRD-0084,Books & Media,ACC-0194,WH-05,1,10.36,Online Payment,3.7,True,False
ORD-0001220,2023-01-03,CUST-021379,North,PRD-0030,Home Appliances,ACC-0253,WH-02,3,437.28,Online Payment,3.3,True,False
ORD-0001221,2023-01-03,CUST-023261,North,PRD-0098,Digital Goods,ACC-0130,WH-02,3,90.18,Online Payment,3.1,True,False
ORD-0001222,2023-01-03,CUST-011625,Central,PRD-0090,Digital Goods,ACC-0171,WH-01,2,33.76,Online Payment,1.8,True,False
ORD-0001223,2023-01-03,CUST-032322,Central,PRD-0009,Mobile & Tablet,ACC-0115,WH-01,2,1092.52,Online Payment,2.6,True,False
ORD-0001224,2023-01-03,CUST-020139,East,PRD-0007,Mobile & Tablet,ACC-0006,WH-04,2,1083.32,Cash on Delivery,3.2,True,False
ORD-0001225,2023-01-03,CUST-031818,East,PRD-0046,Fashion & Apparel,ACC-0179,WH-04,1,37.85,Online Payment,4.4,False,False
ORD-0001226,2023-01-03,CUST-031190,North,PRD-0087,Digital Goods,ACC-0218,WH-02,1,12.22,Cash on Delivery,2.7,True,False
ORD-0001227,2023-01-03,CUST-020354,West,PRD-0007,Mobile & Tablet,ACC-0225,WH-05,1,541.66,Online Payment,3.7,True,False
ORD-0001228,2023-01-03,CUST-025411,Central,PRD-0046,Fashion & Apparel,ACC-0091,WH-01,3,113.55,Cash on Delivery,2.1,True,False
ORD-0001229,2023-01-03,CUST-000630,West,PRD-0005,Mobile & Tablet,ACC-0079,WH-05,3,2149.14,Online Payment,3.5,True,False
ORD-0001230,2023-01-03,CUST-027379,South,PRD-0108,Grocery & Gourmet,ACC-0001,WH-03,2,31.16,Cash on Delivery,3.0,True,False
ORD-0001231,2023-01-03,CUST-004062,Central,PRD-0115,Grocery & Gourmet,ACC-0215,WH-01,1,18.91,Wallet Credit,2.2,True,False
ORD-0001232,2023-01-03,CUST-007618,North,PRD-0129,Home & Kitchen,ACC-0250,WH-02,1,37.2,Online Payment,3.2,True,False
ORD-0001233,2023-01-03,CUST-018384,Central,PRD-0043,Fashion & Apparel,ACC-0235,WH-01,1,53.32,Online Payment,1.8,True,False
ORD-0001234,2023-01-03,CUST-030168,Central,PRD-0011,Mobile & Tablet,ACC-0052,WH-01,1,736.32,Online Payment,2.1,True,False
ORD-0001235,2023-01-03,CUST-006037,West,PRD-0116,Grocery & Gourmet,ACC-0198,WH-05,1,39.14,Online Payment,3.4,True,False
ORD-0001236,2023-01-03,CUST-032443,West,PRD-0098,Digital Goods,ACC-0115,WH-05,2,60.12,Online Payment,3.6,True,False
ORD-0001237,2023-01-03,CUST-021498,South,PRD-0133,Home & Kitchen,ACC-0148,WH-03,1,111.35,Wallet Credit,4.6,False,False
ORD-0001238,2023-01-03,CUST-015233,South,PRD-0112,Grocery & Gourmet,ACC-0161,WH-03,3,40.68,Installment Plan,3.7,True,False
ORD-0001239,2023-01-03,CUST-007464,Central,PRD-0119,Grocery & Gourmet,ACC-0095,WH-01,2,30.2,Online Payment,2.6,True,False
ORD-0001240,2023-01-03,CUST-012029,East,PRD-0032,Home Appliances,ACC-0132,WH-04,2,644.46,Cash on Delivery,3.1,True,False
ORD-0001241,2023-01-03,CUST-030062,East,PRD-0027,Home Appliances,ACC-0158,WH-04,1,129.58,Online Payment,3.2,True,False
ORD-0001242,2023-01-03,CUST-021277,West,PRD-0125,Home & Kitchen,ACC-0103,WH-05,1,108.61,Online Payment,3.6,True,False
ORD-0001243,2023-01-03,CUST-027195,Central,PRD-0128,Home & Kitchen,ACC-0132,WH-01,2,191.72,Wallet Credit,1.8,True,False
ORD-0001244,2023-01-03,CUST-001957,North,PRD-0130,Home & Kitchen,ACC-0076,WH-02,2,61.12,Online Payment,3.7,True,False
ORD-0001245,2023-01-03,CUST-014157,North,PRD-0126,Home & Kitchen,ACC-0044,WH-02,1,58.15,Online Payment,2.8,True,False
ORD-0001246,2023-01-03,CUST-008259,North,PRD-0097,Digital Goods,ACC-0179,WH-02,1,25.18,Installment Plan,2.6,True,False
ORD-0001247,2023-01-03,CUST-018344,South,PRD-0103,Grocery & Gourmet,ACC-0063,WH-03,2,51.52,Online Payment,3.6,True,False
ORD-0001248,2023-01-03,CUST-006293,Central,PRD-0065,Beauty & Health,ACC-0058,WH-01,2,54.18,Wallet Credit,3.1,False,False
ORD-0001249,2023-01-03,CUST-000425,Central,PRD-0018,Home Appliances,ACC-0024,WH-01,1,305.22,Online Payment,2.6,True,False
ORD-0001250,2023-01-03,CUST-033407,West,PRD-0151,Sports & Outdoor,ACC-0038,WH-05,1,30.86,Online Payment,3.9,True,False
ORD-0001251,2023-01-03,CUST-020544,North,PRD-0125,Home & Kitchen,ACC-0213,WH-02,2,217.22,Cash on Delivery,4.6,False,False
ORD-0001252,2023-01-03,CUST-003806,Central,PRD-0089,Digital Goods,ACC-0080,WH-01,3,109.26,Wallet Credit,2.3,True,False
ORD-0001253,2023-01-03,CUST-024313,South,PRD-0035,Fashion & Apparel,ACC-0195,WH-03,3,271.68,Online Payment,3.0,True,False
ORD-0001254,2023-01-03,CUST-013676,West,PRD-0069,Books & Media,ACC-0090,WH-05,1,19.93,Wallet Credit,3.5,True,False
ORD-0001255,2023-01-03,CUST-028942,Central,PRD-0053,Beauty & Health,ACC-0176,WH-01,1,49.47,Online Payment,3.6,False,False
ORD-0001256,2023-01-03,CUST-028812,Central,PRD-0033,Home Appliances,ACC-0118,WH-01,1,449.97,Wallet Credit,2.3,True,False
ORD-0001257,2023-01-03,CUST-010468,Central,PRD-0121,Home & Kitchen,ACC-0197,WH-01,2,54.6,Online Payment,2.9,True,True
ORD-0001258,2023-01-03,CUST-020425,West,PRD-0092,Digital Goods,ACC-0089,WH-01,3,59.01,Online Payment,2.0,True,False
ORD-0001259,2023-01-03,CUST-023812,Central,PRD-0104,Grocery & Gourmet,ACC-0233,WH-01,1,14.26,Online Payment,2.5,True,False
ORD-0001260,2023-01-03,CUST-029472,North,PRD-0093,Digital Goods,ACC-0207,WH-02,1,35.6,Online Payment,2.9,True,False
ORD-0001261,2023-01-03,CUST-025184,Central,PRD-0134,Home & Kitchen,ACC-0013,WH-01,1,117.79,Online Payment,3.0,True,False
ORD-0001262,2023-01-03,CUST-026817,South,PRD-0077,Books & Media,ACC-0233,WH-03,3,46.65,Installment Plan,3.6,True,False
ORD-0001263,2023-01-03,CUST-028859,Central,PRD-0133,Home & Kitchen,ACC-0143,WH-01,1,111.35,Online Payment,2.5,True,True
ORD-0001264,2023-01-03,CUST-000248,North,PRD-0123,Home & Kitchen,ACC-0097,WH-02,2,164.76,Cash on Delivery,2.9,True,False
ORD-0001265,2023-01-03,CUST-007415,South,PRD-0071,Books & Media,ACC-0114,WH-03,2,15.82,Wallet Credit,4.5,False,False
ORD-0001266,2023-01-03,CUST-018663,North,PRD-0023,Home Appliances,ACC-0101,WH-01,1,528.07,Cash on Delivery,2.3,True,False
ORD-0001267,2023-01-03,CUST-005482,Central,PRD-0088,Digital Goods,ACC-0143,WH-01,1,32.6,Installment Plan,2.3,True,False
ORD-0001268,2023-01-03,CUST-030727,West,PRD-0049,Fashion & Apparel,ACC-0212,WH-05,3,243.81,Online Payment,3.2,True,False
ORD-0001269,2023-01-03,CUST-003741,East,PRD-0080,Books & Media,ACC-0157,WH-04,3,37.56,Online Payment,3.4,True,False
ORD-0001270,2023-01-03,CUST-000565,North,PRD-0037,Fashion & Apparel,ACC-0157,WH-02,1,25.53,Online Payment,3.6,True,False
ORD-0001271,2023-01-03,CUST-004693,North,PRD-0102,Digital Goods,ACC-0143,WH-02,3,81.81,Installment Plan,3.1,True,False
ORD-0001272,2023-01-03,CUST-012029,East,PRD-0015,Mobile & Tablet,ACC-0022,WH-04,2,1333.62,Installment Plan,3.9,True,False
ORD-0001273,2023-01-03,CUST-004078,East,PRD-0015,Mobile & Tablet,ACC-0229,WH-04,3,2000.43,Online Payment,3.3,True,True
ORD-0001274,2023-01-03,CUST-023357,North,PRD-0151,Sports & Outdoor,ACC-0198,WH-02,1,30.86,Online Payment,2.7,True,False
ORD-0001275,2023-01-03,CUST-013267,West,PRD-0098,Digital Goods,ACC-0161,WH-05,2,60.12,Online Payment,3.6,True,False
ORD-0001276,2023-01-03,CUST-019855,West,PRD-0034,Home Appliances,ACC-0256,WH-01,1,132.98,Online Payment,1.9,True,False
ORD-0001277,2023-01-03,CUST-001731,Central,PRD-0053,Beauty & Health,ACC-0192,WH-01,3,148.41,Online Payment,2.6,True,False
ORD-0001278,2023-01-03,CUST-017992,South,PRD-0052,Beauty & Health,ACC-0187,WH-03,1,50.83,Wallet Credit,3.4,True,False
ORD-0001279,2023-01-03,CUST-022902,North,PRD-0115,Grocery & Gourmet,ACC-0222,WH-02,1,18.91,Cash on Delivery,2.8,True,False
ORD-0001280,2023-01-03,CUST-003656,Central,PRD-0135,Home & Kitchen,ACC-0235,WH-01,2,177.34,Online Payment,2.0,True,False
ORD-0001281,2023-01-03,CUST-026360,East,PRD-0111,Grocery & Gourmet,ACC-0026,WH-04,3,144.12,Online Payment,4.7,False,False
ORD-0001282,2023-01-03,CUST-019142,North,PRD-0056,Beauty & Health,ACC-0152,WH-02,2,47.02,Online Payment,2.7,True,False
ORD-0001283,2023-01-03,CUST-031300,West,PRD-0110,Grocery & Gourmet,ACC-0179,WH-05,2,94.78,Online Payment,3.3,True,False
ORD-0001284,2023-01-03,CUST-018950,South,PRD-0132,Home & Kitchen,ACC-0136,WH-03,1,66.35,Wallet Credit,3.0,True,False
ORD-0001285,2023-01-03,CUST-018780,West,PRD-0079,Books & Media,ACC-0150,WH-05,3,29.94,Online Payment,3.3,True,False
ORD-0001286,2023-01-03,CUST-001952,East,PRD-0045,Fashion & Apparel,ACC-0144,WH-04,3,70.38,Online Payment,5.2,False,False
ORD-0001287,2023-01-03,CUST-026455,South,PRD-0125,Home & Kitchen,ACC-0013,WH-01,1,108.61,Wallet Credit,1.6,True,False
ORD-0001288,2023-01-03,CUST-033493,West,PRD-0002,Mobile & Tablet,ACC-0115,WH-05,2,1008.24,Online Payment,3.5,True,False
ORD-0001289,2023-01-03,CUST-007815,Central,PRD-0012,Mobile & Tablet,ACC-0195,WH-01,2,949.76,Wallet Credit,2.8,True,False
ORD-0001290,2023-01-03,CUST-022902,North,PRD-0104,Grocery & Gourmet,ACC-0157,WH-02,2,28.52,Online Payment,3.3,True,False
ORD-0001291,2023-01-03,CUST-013382,North,PRD-0001,Mobile & Tablet,ACC-0006,WH-02,2,429.36,Online Payment,2.5,True,False
ORD-0001292,2023-01-03,CUST-031554,Central,PRD-0148,Sports & Outdoor,ACC-0142,WH-01,1,135.55,Online Payment,2.4,True,False
ORD-0001293,2023-01-03,CUST-014050,South,PRD-0059,Beauty & Health,ACC-0033,WH-03,1,36.31,Online Payment,3.1,True,False
ORD-0001294,2023-01-03,CUST-009000,North,PRD-0141,Sports & Outdoor,ACC-0220,WH-02,1,44.69,Online Payment,3.0,True,False
ORD-0001295,2023-01-03,CUST-005033,North,PRD-0064,Beauty & Health,ACC-0249,WH-01,2,57.88,Wallet Credit,1.7,True,False
ORD-0001296,2023-01-03,CUST-001844,Central,PRD-0120,Home & Kitchen,ACC-0187,WH-01,3,216.78,Installment Plan,2.1,True,False
ORD-0001297,2023-01-03,CUST-007909,Central,PRD-0065,Beauty & Health,ACC-0034,WH-01,1,27.09,Cash on Delivery,2.1,True,False
ORD-0001298,2023-01-03,CUST-019609,South,PRD-0078,Books & Media,ACC-0219,WH-03,1,17.88,Wallet Credit,3.0,True,False
ORD-0001299,2023-01-03,CUST-018842,East,PRD-0059,Beauty & Health,ACC-0104,WH-01,3,108.93,Cash on Delivery,2.2,True,True
ORD-0001300,2023-01-03,CUST-008505,Central,PRD-0063,Beauty & Health,ACC-0095,WH-01,1,27.57,Wallet Credit,1.9,True,False
ORD-0001301,2023-01-03,CUST-032589,Central,PRD-0086,Digital Goods,ACC-0019,WH-01,1,24.99,Installment Plan,1.7,True,False
ORD-0001302,2023-01-03,CUST-003797,North,PRD-0089,Digital Goods,ACC-0210,WH-01,1,36.42,Cash on Delivery,2.9,True,False
ORD-0001303,2023-01-03,CUST-001442,South,PRD-0045,Fashion & Apparel,ACC-0243,WH-03,1,23.46,Online Payment,2.9,True,False
ORD-0001304,2023-01-03,CUST-018339,North,PRD-0122,Home & Kitchen,ACC-0047,WH-02,2,120.42,Installment Plan,2.6,True,False
ORD-0001305,2023-01-03,CUST-013707,Central,PRD-0086,Digital Goods,ACC-0171,WH-01,2,49.98,Installment Plan,1.9,True,False
ORD-0001306,2023-01-03,CUST-000293,North,PRD-0140,Sports & Outdoor,ACC-0253,WH-02,1,45.43,Cash on Delivery,4.5,False,False
ORD-0001307,2023-01-03,CUST-002330,South,PRD-0085,Books & Media,ACC-0142,WH-03,2,13.74,Online Payment,3.9,True,False
ORD-0001308,2023-01-03,CUST-006293,Central,PRD-0088,Digital Goods,ACC-0019,WH-01,1,32.6,Online Payment,1.9,True,False
ORD-0001309,2023-01-03,CUST-028565,Central,PRD-0001,Mobile & Tablet,ACC-0189,WH-01,1,214.68,Online Payment,2.5,True,False
ORD-0001310,2023-01-03,CUST-008593,South,PRD-0063,Beauty & Health,ACC-0063,WH-03,2,55.14,Installment Plan,3.4,True,False
ORD-0001311,2023-01-03,CUST-004884,North,PRD-0019,Home Appliances,ACC-0175,WH-02,1,419.13,Wallet Credit,3.2,True,False
ORD-0001312,2023-01-03,CUST-019586,South,PRD-0044,Fashion & Apparel,ACC-0122,WH-03,1,78.47,Installment Plan,2.8,True,False
ORD-0001313,2023-01-03,CUST-007753,Central,PRD-0043,Fashion & Apparel,ACC-0131,WH-01,1,53.32,Online Payment,3.4,False,False
ORD-0001314,2023-01-03,CUST-011980,South,PRD-0029,Home Appliances,ACC-0141,WH-03,1,248.48,Online Payment,2.8,True,False
ORD-0001315,2023-01-03,CUST-025699,West,PRD-0035,Fashion & Apparel,ACC-0153,WH-05,1,90.56,Installment Plan,3.6,True,False
ORD-0001316,2023-01-03,CUST-022934,Central,PRD-0088,Digital Goods,ACC-0109,WH-01,1,32.6,Cash on Delivery,2.1,True,False
ORD-0001317,2023-01-03,CUST-035404,West,PRD-0138,Sports & Outdoor,ACC-0141,WH-05,2,213.84,Cash on Delivery,3.3,True,False
ORD-0001318,2023-01-03,CUST-011456,West,PRD-0028,Home Appliances,ACC-0100,WH-05,1,499.88,Online Payment,3.1,True,False
ORD-0001319,2023-01-03,CUST-026282,East,PRD-0021,Home Appliances,ACC-0167,WH-01,2,238.96,Online Payment,2.2,True,False
ORD-0001320,2023-01-03,CUST-017488,Central,PRD-0029,Home Appliances,ACC-0154,WH-01,1,248.48,Online Payment,2.2,True,False
ORD-0001321,2023-01-03,CUST-007976,West,PRD-0075,Books & Media,ACC-0074,WH-05,1,21.86,Online Payment,3.6,True,False
ORD-0001322,2023-01-03,CUST-013185,North,PRD-0033,Home Appliances,ACC-0190,WH-02,2,899.94,Online Payment,2.6,True,False
ORD-0001323,2023-01-03,CUST-006800,Central,PRD-0121,Home & Kitchen,ACC-0097,WH-01,2,54.6,Online Payment,2.0,True,False
ORD-0001324,2023-01-03,CUST-028899,East,PRD-0094,Digital Goods,ACC-0062,WH-04,1,31.33,Cash on Delivery,3.2,True,False
ORD-0001325,2023-01-03,CUST-012531,West,PRD-0104,Grocery & Gourmet,ACC-0141,WH-01,2,28.52,Cash on Delivery,1.9,True,False
ORD-0001326,2023-01-03,CUST-019609,South,PRD-0036,Fashion & Apparel,ACC-0189,WH-03,1,83.22,Online Payment,3.0,True,False
ORD-0001327,2023-01-03,CUST-017414,South,PRD-0126,Home & Kitchen,ACC-0235,WH-01,2,116.3,Wallet Credit,2.0,True,False
ORD-0001328,2023-01-03,CUST-000634,Central,PRD-0010,Mobile & Tablet,ACC-0009,WH-01,1,635.84,Online Payment,3.3,False,False
ORD-0001329,2023-01-03,CUST-015482,Central,PRD-0069,Books & Media,ACC-0092,WH-01,1,19.93,Installment Plan,2.7,True,False
ORD-0001330,2023-01-03,CUST-012588,North,PRD-0015,Mobile & Tablet,ACC-0119,WH-02,3,2000.43,Online Payment,3.4,True,False
ORD-0001331,2023-01-03,CUST-016624,North,PRD-0020,Home Appliances,ACC-0015,WH-02,2,1051.74,Online Payment,2.7,True,False
ORD-0001332,2023-01-03,CUST-007615,East,PRD-0029,Home Appliances,ACC-0122,WH-04,2,496.96,Cash on Delivery,3.5,True,False
ORD-0001333,2023-01-03,CUST-024368,Central,PRD-0121,Home & Kitchen,ACC-0198,WH-01,1,27.3,Cash on Delivery,2.9,True,False
ORD-0001334,2023-01-03,CUST-003543,South,PRD-0015,Mobile & Tablet,ACC-0068,WH-03,1,666.81,Installment Plan,3.9,True,False
ORD-0001335,2023-01-03,CUST-019159,East,PRD-0153,Sports & Outdoor,ACC-0060,WH-04,2,161.16,Online Payment,3.4,True,False
ORD-0001336,2023-01-03,CUST-022703,Central,PRD-0149,Sports & Outdoor,ACC-0034,WH-01,1,81.88,Online Payment,2.5,True,False
ORD-0001337,2023-01-03,CUST-023034,South,PRD-0057,Beauty & Health,ACC-0177,WH-03,3,42.81,Cash on Delivery,3.2,True,False
ORD-0001338,2023-01-03,CUST-027397,North,PRD-0084,Books & Media,ACC-0163,WH-02,1,10.36,Installment Plan,3.6,True,False
ORD-0001339,2023-01-03,CUST-015504,North,PRD-0026,Home Appliances,ACC-0063,WH-02,1,319.15,Online Payment,3.3,True,False
ORD-0001340,2023-01-03,CUST-026439,Central,PRD-0012,Mobile & Tablet,ACC-0125,WH-01,3,1424.64,Installment Plan,2.2,True,True
ORD-0001341,2023-01-03,CUST-013994,Central,PRD-0128,Home & Kitchen,ACC-0220,WH-01,1,95.86,Wallet Credit,1.8,True,False
ORD-0001342,2023-01-03,CUST-011002,East,PRD-0040,Fashion & Apparel,ACC-0171,WH-04,3,106.77,Installment Plan,3.5,True,False
ORD-0001343,2023-01-03,CUST-000204,East,PRD-0100,Digital Goods,ACC-0160,WH-04,1,10.71,Online Payment,4.1,False,False
ORD-0001344,2023-01-03,CUST-000390,West,PRD-0076,Books & Media,ACC-0070,WH-05,2,15.56,Installment Plan,4.0,True,False
ORD-0001345,2023-01-03,CUST-026088,East,PRD-0128,Home & Kitchen,ACC-0016,WH-04,1,95.86,Cash on Delivery,4.1,False,False
ORD-0001346,2023-01-03,CUST-012238,Central,PRD-0090,Digital Goods,ACC-0165,WH-01,1,16.88,Cash on Delivery,2.0,True,False
ORD-0001347,2023-01-03,CUST-029234,Central,PRD-0035,Fashion & Apparel,ACC-0211,WH-01,1,90.56,Online Payment,2.4,True,True
ORD-0001348,2023-01-03,CUST-018294,Central,PRD-0020,Home Appliances,ACC-0138,WH-01,2,1051.74,Installment Plan,2.6,True,False
ORD-0001349,2023-01-03,CUST-030090,East,PRD-0075,Books & Media,ACC-0105,WH-04,1,21.86,Online Payment,3.2,True,False
ORD-0001350,2023-01-03,CUST-011991,North,PRD-0023,Home Appliances,ACC-0218,WH-02,1,528.07,Cash on Delivery,2.6,True,False
ORD-0001351,2023-01-03,CUST-018754,South,PRD-0070,Books & Media,ACC-0062,WH-03,1,22.22,Wallet Credit,3.5,True,False
ORD-0001352,2023-01-03,CUST-008834,Central,PRD-0005,Mobile & Tablet,ACC-0238,WH-01,1,716.38,Online Payment,3.5,False,False
ORD-0001353,2023-01-03,CUST-024396,South,PRD-0080,Books & Media,ACC-0201,WH-03,1,12.52,Online Payment,3.3,True,False
ORD-0001354,2023-01-03,CUST-002707,Central,PRD-0123,Home & Kitchen,ACC-0196,WH-01,2,164.76,Installment Plan,2.5,True,False
ORD-0001355,2023-01-03,CUST-000780,North,PRD-0068,Beauty & Health,ACC-0063,WH-02,1,59.75,Cash on Delivery,2.7,True,False
ORD-0001356,2023-01-03,CUST-007911,South,PRD-0047,Fashion & Apparel,ACC-0139,WH-01,2,156.18,Online Payment,2.0,True,True
ORD-0001357,2023-01-03,CUST-003703,South,PRD-0027,Home Appliances,ACC-0198,WH-01,3,388.74,Installment Plan,2.1,True,False
ORD-0001358,2023-01-03,CUST-009060,South,PRD-0036,Fashion & Apparel,ACC-0093,WH-03,2,166.44,Online Payment,3.9,True,False
ORD-0001359,2023-01-03,CUST-025498,Central,PRD-0028,Home Appliances,ACC-0165,WH-01,3,1499.64,Online Payment,2.6,True,False
ORD-0001360,2023-01-03,CUST-002195,East,PRD-0115,Grocery & Gourmet,ACC-0060,WH-04,2,37.82,Online Payment,3.5,True,False
ORD-0001361,2023-01-03,CUST-028383,West,PRD-0056,Beauty & Health,ACC-0138,WH-05,1,23.51,Online Payment,3.3,True,False
ORD-0001362,2023-01-03,CUST-033387,East,PRD-0121,Home & Kitchen,ACC-0143,WH-04,1,27.3,Online Payment,3.7,True,False
ORD-0001363,2023-01-03,CUST-014045,West,PRD-0055,Beauty & Health,ACC-0161,WH-05,1,61.54,Cash on Delivery,4.2,False,False
ORD-0001364,2023-01-03,CUST-032267,South,PRD-0123,Home & Kitchen,ACC-0127,WH-03,2,164.76,Online Payment,3.1,True,False
ORD-0001365,2023-01-03,CUST-000634,Central,PRD-0038,Fashion & Apparel,ACC-0140,WH-01,2,83.46,Wallet Credit,2.8,True,False
ORD-0001366,2023-01-03,CUST-004645,West,PRD-0123,Home & Kitchen,ACC-0039,WH-05,1,82.38,Installment Plan,4.0,True,False
ORD-0001367,2023-01-03,CUST-010983,Central,PRD-0101,Digital Goods,ACC-0191,WH-01,2,38.46,Online Payment,2.3,True,False
ORD-0001368,2023-01-03,CUST-017772,East,PRD-0131,Home & Kitchen,ACC-0052,WH-04,1,102.11,Online Payment,3.0,True,False
ORD-0001369,2023-01-03,CUST-028565,Central,PRD-0062,Beauty & Health,ACC-0251,WH-01,1,39.19,Wallet Credit,2.7,True,False
ORD-0001370,2023-01-03,CUST-001890,Central,PRD-0093,Digital Goods,ACC-0136,WH-01,1,35.6,Cash on Delivery,3.6,False,False
ORD-0001371,2023-01-03,CUST-035377,Central,PRD-0066,Beauty & Health,ACC-0036,WH-01,1,57.2,Wallet Credit,2.5,True,False
ORD-0001372,2023-01-03,CUST-002752,South,PRD-0106,Grocery & Gourmet,ACC-0052,WH-03,1,28.58,Installment Plan,3.2,True,False
ORD-0001373,2023-01-03,CUST-029547,Central,PRD-0054,Beauty & Health,ACC-0069,WH-01,2,58.62,Online Payment,2.3,True,False
ORD-0001374,2023-01-03,CUST-007923,North,PRD-0016,Mobile & Tablet,ACC-0122,WH-01,1,421.85,Online Payment,2.0,True,False
ORD-0001375,2023-01-03,CUST-003265,Central,PRD-0121,Home & Kitchen,ACC-0228,WH-01,2,54.6,Online Payment,2.6,True,False
ORD-0001376,2023-01-04,CUST-003198,North,PRD-0052,Beauty & Health,ACC-0157,WH-02,2,101.66,Online Payment,2.8,True,False
ORD-0001377,2023-01-04,CUST-007869,West,PRD-0108,Grocery & Gourmet,ACC-0104,WH-05,1,15.58,Online Payment,4.0,True,False
ORD-0001378,2023-01-04,CUST-000053,East,PRD-0035,Fashion & Apparel,ACC-0013,WH-01,2,181.12,Online Payment,1.7,True,False
ORD-0001379,2023-01-04,CUST-019840,North,PRD-0091,Digital Goods,ACC-0036,WH-02,1,18.22,Online Payment,3.0,True,False
ORD-0001380,2023-01-04,CUST-003423,East,PRD-0023,Home Appliances,ACC-0041,WH-04,1,528.07,Online Payment,4.2,False,False
ORD-0001381,2023-01-04,CUST-009104,North,PRD-0055,Beauty & Health,ACC-0255,WH-02,2,123.08,Wallet Credit,3.1,True,False
ORD-0001382,2023-01-04,CUST-020464,South,PRD-0138,Sports & Outdoor,ACC-0010,WH-03,1,106.92,Cash on Delivery,3.0,True,False
ORD-0001383,2023-01-04,CUST-004838,Central,PRD-0117,Grocery & Gourmet,ACC-0197,WH-01,2,49.72,Online Payment,2.6,True,False
ORD-0001384,2023-01-04,CUST-026227,North,PRD-0104,Grocery & Gourmet,ACC-0134,WH-02,1,14.26,Online Payment,4.5,False,False
ORD-0001385,2023-01-04,CUST-012420,Central,PRD-0014,Mobile & Tablet,ACC-0076,WH-01,1,280.0,Online Payment,2.1,True,False
ORD-0001386,2023-01-04,CUST-018900,Central,PRD-0122,Home & Kitchen,ACC-0190,WH-01,1,60.21,Online Payment,4.8,False,False
ORD-0001387,2023-01-04,CUST-026876,East,PRD-0055,Beauty & Health,ACC-0006,WH-04,1,61.54,Online Payment,3.4,True,False
ORD-0001388,2023-01-04,CUST-017283,North,PRD-0071,Books & Media,ACC-0070,WH-02,1,7.91,Installment Plan,2.6,True,False
ORD-0001389,2023-01-04,CUST-010456,East,PRD-0018,Home Appliances,ACC-0171,WH-04,1,305.22,Wallet Credit,3.4,True,True
ORD-0001390,2023-01-04,CUST-016701,South,PRD-0074,Books & Media,ACC-0019,WH-03,3,63.66,Wallet Credit,3.2,True,False
ORD-0001391,2023-01-04,CUST-007257,Central,PRD-0073,Books & Media,ACC-0104,WH-01,1,20.32,Online Payment,2.2,True,False
ORD-0001392,2023-01-04,CUST-021041,Central,PRD-0144,Sports & Outdoor,ACC-0062,WH-01,2,145.36,Cash on Delivery,1.8,True,False
ORD-0001393,2023-01-04,CUST-027838,West,PRD-0026,Home Appliances,ACC-0157,WH-05,1,319.15,Online Payment,3.6,True,False
ORD-0001394,2023-01-04,CUST-005357,Central,PRD-0084,Books & Media,ACC-0155,WH-01,1,10.36,Cash on Delivery,2.8,True,False
ORD-0001395,2023-01-04,CUST-018096,West,PRD-0064,Beauty & Health,ACC-0176,WH-01,1,28.94,Cash on Delivery,2.5,True,False
ORD-0001396,2023-01-04,CUST-001092,South,PRD-0149,Sports & Outdoor,ACC-0135,WH-03,1,81.88,Wallet Credit,3.4,True,False
ORD-0001397,2023-01-04,CUST-027584,Central,PRD-0088,Digital Goods,ACC-0028,WH-01,1,32.6,Online Payment,1.9,True,False
ORD-0001398,2023-01-04,CUST-020967,Central,PRD-0116,Grocery & Gourmet,ACC-0009,WH-01,2,78.28,Wallet Credit,2.0,True,False
ORD-0001399,2023-01-04,CUST-020879,West,PRD-0060,Beauty & Health,ACC-0204,WH-05,1,41.99,Installment Plan,3.4,True,False
ORD-0001400,2023-01-04,CUST-013502,Central,PRD-0142,Sports & Outdoor,ACC-0024,WH-01,3,249.51,Cash on Delivery,2.3,True,False
ORD-0001401,2023-01-04,CUST-031555,South,PRD-0005,Mobile & Tablet,ACC-0202,WH-01,1,716.38,Cash on Delivery,2.0,True,False
ORD-0001402,2023-01-04,CUST-009144,South,PRD-0006,Mobile & Tablet,ACC-0259,WH-03,1,361.82,Online Payment,3.3,True,False
ORD-0001403,2023-01-04,CUST-017350,Central,PRD-0130,Home & Kitchen,ACC-0168,WH-01,1,30.56,Cash on Delivery,2.7,True,True
ORD-0001404,2023-01-04,CUST-014663,North,PRD-0118,Grocery & Gourmet,ACC-0038,WH-02,2,94.48,Online Payment,3.1,True,False
ORD-0001405,2023-01-04,CUST-012316,Central,PRD-0113,Grocery & Gourmet,ACC-0125,WH-01,1,17.01,Wallet Credit,2.1,True,False
ORD-0001406,2023-01-04,CUST-000512,Central,PRD-0065,Beauty & Health,ACC-0219,WH-01,2,54.18,Wallet Credit,2.3,True,False
ORD-0001407,2023-01-04,CUST-031758,South,PRD-0079,Books & Media,ACC-0052,WH-03,1,9.98,Online Payment,4.2,False,False
ORD-0001408,2023-01-04,CUST-008682,Central,PRD-0033,Home Appliances,ACC-0006,WH-01,2,899.94,Cash on Delivery,1.8,True,False
ORD-0001409,2023-01-04,CUST-026876,East,PRD-0023,Home Appliances,ACC-0073,WH-04,1,528.07,Online Payment,3.8,True,True
ORD-0001410,2023-01-04,CUST-007652,Central,PRD-0035,Fashion & Apparel,ACC-0091,WH-01,1,90.56,Cash on Delivery,1.9,True,False
ORD-0001411,2023-01-04,CUST-015465,Central,PRD-0141,Sports & Outdoor,ACC-0214,WH-01,2,89.38,Online Payment,2.8,True,False
ORD-0001412,2023-01-04,CUST-001536,Central,PRD-0117,Grocery & Gourmet,ACC-0082,WH-01,1,24.86,Online Payment,2.7,True,False
ORD-0001413,2023-01-04,CUST-012676,West,PRD-0054,Beauty & Health,ACC-0129,WH-01,1,29.31,Installment Plan,3.8,False,False
ORD-0001414,2023-01-04,CUST-020076,West,PRD-0132,Home & Kitchen,ACC-0122,WH-05,3,199.05,Cash on Delivery,5.8,False,False
ORD-0001415,2023-01-04,CUST-027597,East,PRD-0059,Beauty & Health,ACC-0117,WH-04,1,36.31,Online Payment,3.3,True,True
ORD-0001416,2023-01-04,CUST-033348,North,PRD-0036,Fashion & Apparel,ACC-0082,WH-02,1,83.22,Cash on Delivery,2.8,True,False
ORD-0001417,2023-01-04,CUST-012084,West,PRD-0112,Grocery & Gourmet,ACC-0193,WH-05,1,13.56,Online Payment,3.9,True,False
ORD-0001418,2023-01-04,CUST-001723,South,PRD-0021,Home Appliances,ACC-0089,WH-03,2,238.96,Online Payment,3.2,True,False
ORD-0001419,2023-01-04,CUST-000281,Central,PRD-0019,Home Appliances,ACC-0212,WH-01,1,419.13,Online Payment,2.0,True,False
ORD-0001420,2023-01-04,CUST-005596,West,PRD-0076,Books & Media,ACC-0087,WH-05,2,15.56,Wallet Credit,3.2,True,False
ORD-0001421,2023-01-04,CUST-018749,East,PRD-0092,Digital Goods,ACC-0141,WH-04,2,39.34,Wallet Credit,4.5,False,False
ORD-0001422,2023-01-04,CUST-018021,East,PRD-0127,Home & Kitchen,ACC-0153,WH-04,1,113.98,Online Payment,3.5,True,False
ORD-0001423,2023-01-04,CUST-016649,Central,PRD-0068,Beauty & Health,ACC-0198,WH-01,1,59.75,Cash on Delivery,2.1,True,False
ORD-0001424,2023-01-04,CUST-016838,East,PRD-0040,Fashion & Apparel,ACC-0253,WH-04,1,35.59,Cash on Delivery,4.3,False,False
ORD-0001425,2023-01-04,CUST-008969,North,PRD-0040,Fashion & Apparel,ACC-0202,WH-01,1,35.59,Online Payment,2.0,True,False
ORD-0001426,2023-01-04,CUST-009912,East,PRD-0025,Home Appliances,ACC-0006,WH-04,2,357.6,Cash on Delivery,3.0,True,False
ORD-0001427,2023-01-04,CUST-025962,Central,PRD-0118,Grocery & Gourmet,ACC-0035,WH-01,1,47.24,Wallet Credit,2.0,True,False
ORD-0001428,2023-01-04,CUST-031613,South,PRD-0128,Home & Kitchen,ACC-0079,WH-03,2,191.72,Online Payment,2.8,True,False
ORD-0001429,2023-01-04,CUST-018010,East,PRD-0144,Sports & Outdoor,ACC-0091,WH-04,1,72.68,Wallet Credit,3.5,True,False
ORD-0001430,2023-01-04,CUST-027623,South,PRD-0022,Home Appliances,ACC-0063,WH-03,3,797.43,Online Payment,2.9,True,False
ORD-0001431,2023-01-04,CUST-003408,South,PRD-0131,Home & Kitchen,ACC-0025,WH-03,1,102.11,Online Payment,3.5,True,False
ORD-0001432,2023-01-04,CUST-026404,South,PRD-0088,Digital Goods,ACC-0029,WH-01,1,32.6,Online Payment,2.1,True,False
ORD-0001433,2023-01-04,CUST-013288,East,PRD-0102,Digital Goods,ACC-0147,WH-04,2,54.54,Wallet Credit,3.6,True,False
ORD-0001434,2023-01-04,CUST-004406,West,PRD-0032,Home Appliances,ACC-0001,WH-05,1,322.23,Online Payment,3.4,True,False
ORD-0001435,2023-01-04,CUST-016290,West,PRD-0047,Fashion & Apparel,ACC-0252,WH-05,1,78.09,Online Payment,3.8,True,False
ORD-0001436,2023-01-04,CUST-013285,Central,PRD-0069,Books & Media,ACC-0115,WH-01,2,39.86,Online Payment,2.2,True,False
ORD-0001437,2023-01-04,CUST-026426,South,PRD-0083,Books & Media,ACC-0056,WH-03,2,38.68,Online Payment,3.0,True,False
ORD-0001438,2023-01-04,CUST-008860,East,PRD-0019,Home Appliances,ACC-0251,WH-04,1,419.13,Wallet Credit,4.1,False,False
ORD-0001439,2023-01-04,CUST-000616,North,PRD-0126,Home & Kitchen,ACC-0154,WH-02,1,58.15,Online Payment,2.8,True,False
ORD-0001440,2023-01-04,CUST-018978,West,PRD-0036,Fashion & Apparel,ACC-0190,WH-05,1,83.22,Wallet Credit,4.1,False,False
ORD-0001441,2023-01-04,CUST-012617,South,PRD-0071,Books & Media,ACC-0080,WH-03,3,23.73,Online Payment,3.7,True,False
ORD-0001442,2023-01-04,CUST-009645,North,PRD-0073,Books & Media,ACC-0101,WH-02,1,20.32,Online Payment,2.9,True,False
ORD-0001443,2023-01-04,CUST-016727,North,PRD-0054,Beauty & Health,ACC-0012,WH-02,2,58.62,Online Payment,3.1,True,False
ORD-0001444,2023-01-04,CUST-009614,West,PRD-0059,Beauty & Health,ACC-0197,WH-05,2,72.62,Wallet Credit,3.7,True,False
ORD-0001445,2023-01-04,CUST-012053,South,PRD-0027,Home Appliances,ACC-0160,WH-03,1,129.58,Wallet Credit,3.5,True,False
ORD-0001446,2023-01-04,CUST-018026,East,PRD-0092,Digital Goods,ACC-0217,WH-04,2,39.34,Online Payment,3.6,True,False
ORD-0001447,2023-01-04,CUST-034857,West,PRD-0063,Beauty & Health,ACC-0009,WH-05,1,27.57,Online Payment,3.3,True,False
ORD-0001448,2023-01-04,CUST-014053,East,PRD-0130,Home & Kitchen,ACC-0133,WH-04,1,30.56,Installment Plan,3.5,True,False
ORD-0001449,2023-01-04,CUST-002998,South,PRD-0091,Digital Goods,ACC-0245,WH-03,2,36.44,Wallet Credit,2.9,True,False
ORD-0001450,2023-01-04,CUST-027680,Central,PRD-0020,Home Appliances,ACC-0149,WH-01,1,525.87,Online Payment,2.0,True,True
ORD-0001451,2023-01-04,CUST-004678,South,PRD-0035,Fashion & Apparel,ACC-0246,WH-03,1,90.56,Online Payment,3.1,True,False
ORD-0001452,2023-01-04,CUST-006041,Central,PRD-0065,Beauty & Health,ACC-0084,WH-01,1,27.09,Online Payment,1.7,True,False
ORD-0001453,2023-01-04,CUST-004820,Central,PRD-0120,Home & Kitchen,ACC-0025,WH-01,2,144.52,Online Payment,2.7,True,False
ORD-0001454,2023-01-04,CUST-013630,South,PRD-0093,Digital Goods,ACC-0026,WH-01,1,35.6,Cash on Delivery,2.8,True,False
ORD-0001455,2023-01-04,CUST-006059,Central,PRD-0072,Books & Media,ACC-0147,WH-01,1,5.87,Online Payment,2.4,True,False
ORD-0001456,2023-01-04,CUST-020128,East,PRD-0026,Home Appliances,ACC-0084,WH-04,2,638.3,Online Payment,3.4,True,False
ORD-0001457,2023-01-04,CUST-012332,West,PRD-0144,Sports & Outdoor,ACC-0008,WH-01,1,72.68,Online Payment,2.5,True,False
ORD-0001458,2023-01-04,CUST-015919,Central,PRD-0070,Books & Media,ACC-0234,WH-01,2,44.44,Online Payment,1.8,True,False
ORD-0001459,2023-01-04,CUST-001150,Central,PRD-0105,Grocery & Gourmet,ACC-0141,WH-01,1,25.18,Online Payment,2.0,True,False
ORD-0001460,2023-01-04,CUST-016509,Central,PRD-0129,Home & Kitchen,ACC-0157,WH-01,2,74.4,Cash on Delivery,2.3,True,False
ORD-0001461,2023-01-04,CUST-002102,South,PRD-0018,Home Appliances,ACC-0119,WH-03,1,305.22,Online Payment,3.6,True,False
ORD-0001462,2023-01-04,CUST-028412,South,PRD-0043,Fashion & Apparel,ACC-0169,WH-03,2,106.64,Online Payment,4.4,False,True
ORD-0001463,2023-01-04,CUST-012765,West,PRD-0089,Digital Goods,ACC-0187,WH-05,1,36.42,Online Payment,3.0,True,False
ORD-0001464,2023-01-04,CUST-002213,Central,PRD-0077,Books & Media,ACC-0226,WH-01,2,31.1,Cash on Delivery,1.7,True,False
ORD-0001465,2023-01-04,CUST-000398,Central,PRD-0013,Mobile & Tablet,ACC-0207,WH-01,1,352.2,Cash on Delivery,1.8,True,False
ORD-0001466,2023-01-04,CUST-024733,East,PRD-0011,Mobile & Tablet,ACC-0029,WH-04,2,1472.64,Online Payment,3.7,True,True
ORD-0001467,2023-01-04,CUST-025274,South,PRD-0075,Books & Media,ACC-0187,WH-03,1,21.86,Online Payment,3.5,True,False
ORD-0001468,2023-01-04,CUST-013929,Central,PRD-0004,Mobile & Tablet,ACC-0195,WH-01,1,179.1,Online Payment,2.2,True,False
ORD-0001469,2023-01-04,CUST-024835,East,PRD-0087,Digital Goods,ACC-0258,WH-04,1,12.22,Installment Plan,3.7,True,False
ORD-0001470,2023-01-04,CUST-033790,Central,PRD-0102,Digital Goods,ACC-0126,WH-01,3,81.81,Cash on Delivery,1.7,True,False
ORD-0001471,2023-01-04,CUST-026091,West,PRD-0110,Grocery & Gourmet,ACC-0058,WH-05,1,47.39,Online Payment,4.0,True,False
ORD-0001472,2023-01-04,CUST-012929,Central,PRD-0047,Fashion & Apparel,ACC-0055,WH-01,1,78.09,Online Payment,2.0,True,False
ORD-0001473,2023-01-04,CUST-032589,Central,PRD-0089,Digital Goods,ACC-0146,WH-01,1,36.42,Online Payment,3.0,True,False
ORD-0001474,2023-01-04,CUST-030566,Central,PRD-0055,Beauty & Health,ACC-0015,WH-01,1,61.54,Wallet Credit,1.7,True,True
ORD-0001475,2023-01-04,CUST-025685,Central,PRD-0020,Home Appliances,ACC-0112,WH-01,2,1051.74,Installment Plan,2.4,True,False
ORD-0001476,2023-01-04,CUST-004012,West,PRD-0067,Beauty & Health,ACC-0218,WH-05,2,31.08,Installment Plan,3.0,True,False
ORD-0001477,2023-01-04,CUST-025790,South,PRD-0057,Beauty & Health,ACC-0019,WH-03,1,14.27,Cash on Delivery,3.1,True,True
ORD-0001478,2023-01-04,CUST-010570,South,PRD-0150,Sports & Outdoor,ACC-0003,WH-03,1,72.49,Online Payment,3.6,True,False
ORD-0001479,2023-01-04,CUST-030062,East,PRD-0008,Mobile & Tablet,ACC-0235,WH-04,1,220.44,Cash on Delivery,3.1,True,False
ORD-0001480,2023-01-04,CUST-010324,North,PRD-0049,Fashion & Apparel,ACC-0047,WH-02,2,162.54,Online Payment,3.2,True,True
ORD-0001481,2023-01-04,CUST-015819,Central,PRD-0078,Books & Media,ACC-0255,WH-01,2,35.76,Online Payment,1.6,True,False
ORD-0001482,2023-01-04,CUST-025183,Central,PRD-0116,Grocery & Gourmet,ACC-0091,WH-01,3,117.42,Online Payment,2.1,True,False
ORD-0001483,2023-01-04,CUST-000995,Central,PRD-0113,Grocery & Gourmet,ACC-0070,WH-01,2,34.02,Online Payment,2.8,True,False
ORD-0001484,2023-01-04,CUST-029206,Central,PRD-0083,Books & Media,ACC-0100,WH-01,3,58.02,Wallet Credit,2.2,True,False
ORD-0001485,2023-01-04,CUST-006118,Central,PRD-0014,Mobile & Tablet,ACC-0094,WH-01,3,840.0,Online Payment,2.6,True,False
ORD-0001486,2023-01-04,CUST-023197,Central,PRD-0092,Digital Goods,ACC-0224,WH-01,2,39.34,Online Payment,1.7,True,False
ORD-0001487,2023-01-04,CUST-024805,Central,PRD-0114,Grocery & Gourmet,ACC-0122,WH-01,2,60.48,Online Payment,2.9,True,False
ORD-0001488,2023-01-04,CUST-014685,East,PRD-0122,Home & Kitchen,ACC-0241,WH-04,2,120.42,Wallet Credit,3.4,True,False
ORD-0001489,2023-01-04,CUST-028648,Central,PRD-0138,Sports & Outdoor,ACC-0187,WH-01,1,106.92,Online Payment,1.9,True,True
ORD-0001490,2023-01-04,CUST-017636,East,PRD-0075,Books & Media,ACC-0089,WH-04,2,43.72,Cash on Delivery,3.2,True,False
ORD-0001491,2023-01-04,CUST-008509,North,PRD-0096,Digital Goods,ACC-0202,WH-02,1,25.53,Online Payment,3.0,True,False
ORD-0001492,2023-01-04,CUST-033519,Central,PRD-0121,Home & Kitchen,ACC-0253,WH-01,2,54.6,Online Payment,2.8,True,True
ORD-0001493,2023-01-04,CUST-012250,East,PRD-0041,Fashion & Apparel,ACC-0255,WH-04,2,77.82,Online Payment,3.2,True,True
ORD-0001494,2023-01-04,CUST-022722,South,PRD-0013,Mobile & Tablet,ACC-0196,WH-03,1,352.2,Cash on Delivery,3.4,True,False
ORD-0001495,2023-01-04,CUST-002170,South,PRD-0104,Grocery & Gourmet,ACC-0039,WH-03,3,42.78,Online Payment,3.2,True,False
ORD-0001496,2023-01-04,CUST-020778,North,PRD-0013,Mobile & Tablet,ACC-0209,WH-02,2,704.4,Online Payment,3.1,True,True
ORD-0001497,2023-01-04,CUST-016421,North,PRD-0091,Digital Goods,ACC-0215,WH-02,1,18.22,Online Payment,3.0,True,False
ORD-0001498,2023-01-04,CUST-012053,South,PRD-0010,Mobile & Tablet,ACC-0187,WH-01,1,635.84,Cash on Delivery,1.8,True,False
ORD-0001499,2023-01-04,CUST-022766,East,PRD-0109,Grocery & Gourmet,ACC-0055,WH-04,1,11.48,Online Payment,3.4,True,False
ORD-0001500,2023-01-04,CUST-000125,West,PRD-0050,Fashion & Apparel,ACC-0089,WH-05,2,60.26,Wallet Credit,3.1,True,False
ORD-0001501,2023-01-04,CUST-012617,South,PRD-0011,Mobile & Tablet,ACC-0219,WH-03,2,1472.64,Cash on Delivery,3.3,True,False
ORD-0001502,2023-01-04,CUST-034252,East,PRD-0132,Home & Kitchen,ACC-0101,WH-04,1,66.35,Online Payment,2.9,True,False
ORD-0001503,2023-01-04,CUST-026560,West,PRD-0082,Books & Media,ACC-0112,WH-01,2,27.54,Installment Plan,3.1,False,False
ORD-0001504,2023-01-04,CUST-017965,South,PRD-0037,Fashion & Apparel,ACC-0100,WH-03,1,25.53,Online Payment,3.2,True,False
ORD-0001505,2023-01-04,CUST-022304,East,PRD-0086,Digital Goods,ACC-0171,WH-04,2,49.98,Online Payment,3.3,True,False
ORD-0001506,2023-01-04,CUST-008654,West,PRD-0135,Home & Kitchen,ACC-0190,WH-05,1,88.67,Online Payment,3.3,True,False
ORD-0001507,2023-01-04,CUST-021427,South,PRD-0017,Mobile & Tablet,ACC-0229,WH-03,2,373.74,Installment Plan,3.3,True,False
ORD-0001508,2023-01-04,CUST-020128,East,PRD-0008,Mobile & Tablet,ACC-0217,WH-01,1,220.44,Online Payment,2.4,True,False
ORD-0001509,2023-01-04,CUST-023769,Central,PRD-0034,Home Appliances,ACC-0095,WH-01,2,265.96,Online Payment,2.2,True,False
ORD-0001510,2023-01-04,CUST-001496,Central,PRD-0070,Books & Media,ACC-0196,WH-01,2,44.44,Cash on Delivery,2.1,True,False
ORD-0001511,2023-01-04,CUST-002143,Central,PRD-0013,Mobile & Tablet,ACC-0144,WH-01,3,1056.6,Online Payment,2.4,True,False
ORD-0001512,2023-01-04,CUST-024084,Central,PRD-0024,Home Appliances,ACC-0039,WH-01,2,525.6,Wallet Credit,2.2,True,False
ORD-0001513,2023-01-04,CUST-000865,South,PRD-0134,Home & Kitchen,ACC-0110,WH-03,2,235.58,Online Payment,3.8,True,False
ORD-0001514,2023-01-04,CUST-006429,Central,PRD-0093,Digital Goods,ACC-0172,WH-01,1,35.6,Online Payment,3.0,True,False
ORD-0001515,2023-01-04,CUST-013393,West,PRD-0039,Fashion & Apparel,ACC-0246,WH-05,1,57.95,Online Payment,4.9,False,False
ORD-0001516,2023-01-04,CUST-012332,West,PRD-0137,Sports & Outdoor,ACC-0125,WH-05,3,330.96,Online Payment,3.4,True,False
ORD-0001517,2023-01-04,CUST-024851,Central,PRD-0104,Grocery & Gourmet,ACC-0229,WH-01,2,28.52,Online Payment,1.9,True,True
ORD-0001518,2023-01-04,CUST-013109,Central,PRD-0093,Digital Goods,ACC-0171,WH-01,1,35.6,Cash on Delivery,2.3,True,False
ORD-0001519,2023-01-04,CUST-019998,Central,PRD-0074,Books & Media,ACC-0041,WH-01,1,21.22,Cash on Delivery,4.0,False,False
ORD-0001520,2023-01-04,CUST-007441,Central,PRD-0107,Grocery & Gourmet,ACC-0043,WH-01,3,87.24,Online Payment,2.2,True,False
ORD-0001521,2023-01-04,CUST-012586,North,PRD-0003,Mobile & Tablet,ACC-0117,WH-02,1,226.53,Installment Plan,3.7,True,False
ORD-0001522,2023-01-04,CUST-005212,East,PRD-0093,Digital Goods,ACC-0007,WH-04,1,35.6,Installment Plan,3.7,True,False
ORD-0001523,2023-01-04,CUST-009749,South,PRD-0031,Home Appliances,ACC-0229,WH-03,1,115.51,Online Payment,2.8,True,False
ORD-0001524,2023-01-04,CUST-000804,Central,PRD-0093,Digital Goods,ACC-0012,WH-01,3,106.8,Installment Plan,2.5,True,False
ORD-0001525,2023-01-04,CUST-008036,West,PRD-0009,Mobile & Tablet,ACC-0039,WH-05,1,546.26,Cash on Delivery,3.8,True,False
ORD-0001526,2023-01-04,CUST-010200,South,PRD-0033,Home Appliances,ACC-0009,WH-03,3,1349.91,Online Payment,3.1,True,False
ORD-0001527,2023-01-04,CUST-018931,North,PRD-0012,Mobile & Tablet,ACC-0098,WH-02,1,474.88,Cash on Delivery,2.8,True,False
ORD-0001528,2023-01-04,CUST-001854,South,PRD-0068,Beauty & Health,ACC-0196,WH-03,1,59.75,Online Payment,3.9,True,False
ORD-0001529,2023-01-04,CUST-003041,North,PRD-0101,Digital Goods,ACC-0216,WH-02,3,57.69,Online Payment,2.8,True,False
ORD-0001530,2023-01-04,CUST-003293,Central,PRD-0099,Digital Goods,ACC-0129,WH-01,2,46.54,Cash on Delivery,2.2,True,False
ORD-0001531,2023-01-04,CUST-031669,South,PRD-0056,Beauty & Health,ACC-0255,WH-01,2,47.02,Online Payment,1.8,True,False
ORD-0001532,2023-01-04,CUST-005431,West,PRD-0083,Books & Media,ACC-0095,WH-05,1,19.34,Cash on Delivery,3.2,True,False
ORD-0001533,2023-01-04,CUST-012269,West,PRD-0133,Home & Kitchen,ACC-0132,WH-05,1,111.35,Online Payment,3.1,True,False
ORD-0001534,2023-01-04,CUST-004164,East,PRD-0059,Beauty & Health,ACC-0133,WH-04,2,72.62,Cash on Delivery,3.0,True,False
ORD-0001535,2023-01-04,CUST-023755,West,PRD-0095,Digital Goods,ACC-0087,WH-05,1,32.57,Online Payment,4.5,False,False
ORD-0001536,2023-01-04,CUST-026389,East,PRD-0136,Home & Kitchen,ACC-0153,WH-01,1,40.13,Cash on Delivery,1.7,True,False
ORD-0001537,2023-01-04,CUST-029472,North,PRD-0092,Digital Goods,ACC-0219,WH-02,1,19.67,Online Payment,3.0,True,False
ORD-0001538,2023-01-04,CUST-006801,South,PRD-0022,Home Appliances,ACC-0090,WH-03,1,265.81,Online Payment,3.4,True,False
ORD-0001539,2023-01-04,CUST-011627,Central,PRD-0076,Books & Media,ACC-0026,WH-01,2,15.56,Cash on Delivery,2.0,True,False
ORD-0001540,2023-01-04,CUST-021615,West,PRD-0080,Books & Media,ACC-0190,WH-01,2,25.04,Online Payment,2.1,True,False
ORD-0001541,2023-01-04,CUST-029062,West,PRD-0038,Fashion & Apparel,ACC-0152,WH-05,1,41.73,Installment Plan,3.6,True,False
ORD-0001542,2023-01-04,CUST-033055,Central,PRD-0120,Home & Kitchen,ACC-0140,WH-01,1,72.26,Online Payment,3.5,False,False
ORD-0001543,2023-01-04,CUST-017614,West,PRD-0126,Home & Kitchen,ACC-0164,WH-05,1,58.15,Cash on Delivery,3.7,True,False
ORD-0001544,2023-01-04,CUST-019593,West,PRD-0049,Fashion & Apparel,ACC-0180,WH-05,2,162.54,Online Payment,3.6,True,True
ORD-0001545,2023-01-04,CUST-027680,Central,PRD-0059,Beauty & Health,ACC-0121,WH-01,2,72.62,Cash on Delivery,2.0,True,True
ORD-0001546,2023-01-04,CUST-031950,Central,PRD-0031,Home Appliances,ACC-0095,WH-01,1,115.51,Online Payment,2.0,True,False
ORD-0001547,2023-01-04,CUST-026777,South,PRD-0128,Home & Kitchen,ACC-0195,WH-03,1,95.86,Installment Plan,3.2,True,False
ORD-0001548,2023-01-04,CUST-026130,Central,PRD-0022,Home Appliances,ACC-0047,WH-01,1,265.81,Online Payment,2.3,True,False
ORD-0001549,2023-01-04,CUST-024533,North,PRD-0016,Mobile & Tablet,ACC-0101,WH-02,1,421.85,Wallet Credit,4.0,True,False
ORD-0001550,2023-01-04,CUST-003683,North,PRD-0096,Digital Goods,ACC-0048,WH-02,1,25.53,Cash on Delivery,3.3,True,False
ORD-0001551,2023-01-04,CUST-003806,Central,PRD-0042,Fashion & Apparel,ACC-0103,WH-01,2,188.44,Installment Plan,1.9,True,False
ORD-0001552,2023-01-04,CUST-015207,West,PRD-0039,Fashion & Apparel,ACC-0088,WH-05,2,115.9,Online Payment,4.3,False,False
ORD-0001553,2023-01-04,CUST-033467,West,PRD-0054,Beauty & Health,ACC-0226,WH-05,1,29.31,Online Payment,3.2,True,False
ORD-0001554,2023-01-04,CUST-022010,Central,PRD-0035,Fashion & Apparel,ACC-0075,WH-01,1,90.56,Cash on Delivery,2.1,True,True
ORD-0001555,2023-01-04,CUST-011854,East,PRD-0136,Home & Kitchen,ACC-0086,WH-04,1,40.13,Cash on Delivery,3.5,True,True
ORD-0001556,2023-01-04,CUST-026547,East,PRD-0040,Fashion & Apparel,ACC-0170,WH-04,2,71.18,Cash on Delivery,3.7,True,False
ORD-0001557,2023-01-04,CUST-025974,West,PRD-0023,Home Appliances,ACC-0046,WH-05,1,528.07,Cash on Delivery,3.3,True,False
ORD-0001558,2023-01-04,CUST-018998,North,PRD-0107,Grocery & Gourmet,ACC-0198,WH-02,1,29.08,Online Payment,2.6,True,False
ORD-0001559,2023-01-04,CUST-006796,Central,PRD-0074,Books & Media,ACC-0002,WH-01,2,42.44,Wallet Credit,3.3,False,False
ORD-0001560,2023-01-04,CUST-012290,Central,PRD-0057,Beauty & Health,ACC-0113,WH-01,1,14.27,Wallet Credit,2.5,True,False
ORD-0001561,2023-01-04,CUST-029340,West,PRD-0142,Sports & Outdoor,ACC-0162,WH-01,2,166.34,Wallet Credit,2.1,True,False
ORD-0001562,2023-01-04,CUST-010442,East,PRD-0081,Books & Media,ACC-0260,WH-04,3,33.21,Wallet Credit,3.5,True,False
ORD-0001563,2023-01-04,CUST-008803,East,PRD-0048,Fashion & Apparel,ACC-0064,WH-04,3,214.74,Installment Plan,3.4,True,False
ORD-0001564,2023-01-04,CUST-023862,East,PRD-0122,Home & Kitchen,ACC-0057,WH-04,2,120.42,Online Payment,3.2,True,False
ORD-0001565,2023-01-04,CUST-027698,West,PRD-0060,Beauty & Health,ACC-0228,WH-05,1,41.99,Wallet Credit,3.6,True,False
ORD-0001566,2023-01-04,CUST-022921,South,PRD-0061,Beauty & Health,ACC-0111,WH-03,1,13.15,Online Payment,2.9,True,True
ORD-0001567,2023-01-04,CUST-021187,Central,PRD-0132,Home & Kitchen,ACC-0250,WH-01,2,132.7,Wallet Credit,3.3,False,False
ORD-0001568,2023-01-04,CUST-009729,Central,PRD-0022,Home Appliances,ACC-0059,WH-01,1,265.81,Online Payment,3.0,True,False
ORD-0001569,2023-01-04,CUST-023769,Central,PRD-0018,Home Appliances,ACC-0062,WH-01,2,610.44,Cash on Delivery,2.1,True,False
ORD-0001570,2023-01-04,CUST-034202,South,PRD-0131,Home & Kitchen,ACC-0255,WH-01,2,204.22,Cash on Delivery,1.7,True,False
ORD-0001571,2023-01-04,CUST-015019,North,PRD-0153,Sports & Outdoor,ACC-0088,WH-02,2,161.16,Installment Plan,3.3,True,False
ORD-0001572,2023-01-04,CUST-023214,Central,PRD-0089,Digital Goods,ACC-0073,WH-01,1,36.42,Online Payment,2.3,True,False
ORD-0001573,2023-01-04,CUST-011380,Central,PRD-0050,Fashion & Apparel,ACC-0171,WH-01,1,30.13,Installment Plan,1.9,True,False
ORD-0001574,2023-01-04,CUST-006065,North,PRD-0075,Books & Media,ACC-0166,WH-02,1,21.86,Online Payment,3.4,True,False
ORD-0001575,2023-01-04,CUST-003504,Central,PRD-0152,Sports & Outdoor,ACC-0199,WH-01,3,164.34,Wallet Credit,2.4,True,False
ORD-0001576,2023-01-04,CUST-003797,North,PRD-0089,Digital Goods,ACC-0142,WH-02,3,109.26,Online Payment,3.2,True,False
ORD-0001577,2023-01-04,CUST-005482,Central,PRD-0072,Books & Media,ACC-0247,WH-01,1,5.87,Online Payment,2.4,True,False
ORD-0001578,2023-01-04,CUST-030255,North,PRD-0081,Books & Media,ACC-0229,WH-02,1,11.07,Online Payment,2.8,True,False
ORD-0001579,2023-01-04,CUST-030449,Central,PRD-0012,Mobile & Tablet,ACC-0018,WH-01,1,474.88,Installment Plan,2.5,True,False
ORD-0001580,2023-01-04,CUST-034934,Central,PRD-0075,Books & Media,ACC-0211,WH-01,1,21.86,Installment Plan,2.7,True,False
ORD-0001581,2023-01-04,CUST-021864,East,PRD-0033,Home Appliances,ACC-0224,WH-04,1,449.97,Online Payment,3.1,True,False
ORD-0001582,2023-01-04,CUST-032585,South,PRD-0002,Mobile & Tablet,ACC-0096,WH-03,1,504.12,Online Payment,3.9,True,False
ORD-0001583,2023-01-04,CUST-023059,North,PRD-0139,Sports & Outdoor,ACC-0148,WH-02,2,157.06,Cash on Delivery,3.1,True,False
ORD-0001584,2023-01-04,CUST-025942,North,PRD-0030,Home Appliances,ACC-0218,WH-02,3,437.28,Online Payment,2.6,True,False
ORD-0001585,2023-01-04,CUST-017275,South,PRD-0136,Home & Kitchen,ACC-0094,WH-03,2,80.26,Installment Plan,3.3,True,False
ORD-0001586,2023-01-04,CUST-011077,Central,PRD-0142,Sports & Outdoor,ACC-0052,WH-01,2,166.34,Online Payment,2.7,True,False
ORD-0001587,2023-01-04,CUST-023636,North,PRD-0109,Grocery & Gourmet,ACC-0006,WH-02,2,22.96,Installment Plan,4.1,False,False
ORD-0001588,2023-01-04,CUST-027582,North,PRD-0027,Home Appliances,ACC-0101,WH-02,1,129.58,Cash on Delivery,2.5,True,False
ORD-0001589,2023-01-04,CUST-008787,North,PRD-0075,Books & Media,ACC-0089,WH-02,1,21.86,Online Payment,2.8,True,False
ORD-0001590,2023-01-04,CUST-023759,North,PRD-0036,Fashion & Apparel,ACC-0084,WH-02,1,83.22,Wallet Credit,2.8,True,False
ORD-0001591,2023-01-04,CUST-034402,West,PRD-0080,Books & Media,ACC-0103,WH-05,3,37.56,Wallet Credit,3.7,True,False
ORD-0001592,2023-01-04,CUST-023459,South,PRD-0069,Books & Media,ACC-0029,WH-03,2,39.86,Cash on Delivery,3.5,True,False
ORD-0001593,2023-01-04,CUST-027734,North,PRD-0056,Beauty & Health,ACC-0052,WH-02,1,23.51,Online Payment,2.7,True,False
ORD-0001594,2023-01-04,CUST-021425,Central,PRD-0006,Mobile & Tablet,ACC-0051,WH-01,3,1085.46,Installment Plan,2.1,True,False
ORD-0001595,2023-01-04,CUST-007223,West,PRD-0057,Beauty & Health,ACC-0150,WH-01,1,14.27,Online Payment,2.0,True,False
ORD-0001596,2023-01-04,CUST-026911,South,PRD-0082,Books & Media,ACC-0036,WH-03,2,27.54,Wallet Credit,3.5,True,False
ORD-0001597,2023-01-04,CUST-033254,South,PRD-0009,Mobile & Tablet,ACC-0085,WH-03,2,1092.52,Cash on Delivery,2.7,True,False
ORD-0001598,2023-01-04,CUST-004223,Central,PRD-0095,Digital Goods,ACC-0222,WH-01,3,97.71,Online Payment,2.0,True,False
ORD-0001599,2023-01-04,CUST-016364,North,PRD-0015,Mobile & Tablet,ACC-0190,WH-02,1,666.81,Online Payment,3.2,True,False
ORD-0001600,2023-01-04,CUST-002955,South,PRD-0066,Beauty & Health,ACC-0145,WH-01,1,57.2,Wallet Credit,2.1,True,False
ORD-0001601,2023-01-04,CUST-026113,Central,PRD-0011,Mobile & Tablet,ACC-0255,WH-01,2,1472.64,Cash on Delivery,2.8,True,False
ORD-0001602,2023-01-04,CUST-025699,West,PRD-0090,Digital Goods,ACC-0001,WH-05,1,16.88,Wallet Credit,3.1,True,False
ORD-0001603,2023-01-04,CUST-007611,Central,PRD-0062,Beauty & Health,ACC-0040,WH-01,1,39.19,Online Payment,2.9,True,False
ORD-0001604,2023-01-04,CUST-014650,East,PRD-0066,Beauty & Health,ACC-0169,WH-04,2,114.4,Online Payment,3.5,True,False
ORD-0001605,2023-01-04,CUST-023970,West,PRD-0044,Fashion & Apparel,ACC-0011,WH-05,1,78.47,Cash on Delivery,4.2,False,False
ORD-0001606,2023-01-04,CUST-007816,South,PRD-0031,Home Appliances,ACC-0063,WH-03,1,115.51,Wallet Credit,2.9,True,False
ORD-0001607,2023-01-04,CUST-031937,Central,PRD-0064,Beauty & Health,ACC-0234,WH-01,1,28.94,Online Payment,2.5,True,False
ORD-0001608,2023-01-04,CUST-032026,Central,PRD-0059,Beauty & Health,ACC-0091,WH-01,1,36.31,Online Payment,2.0,True,False
ORD-0001609,2023-01-04,CUST-028047,South,PRD-0104,Grocery & Gourmet,ACC-0255,WH-01,1,14.26,Wallet Credit,1.6,True,False
ORD-0001610,2023-01-04,CUST-008483,West,PRD-0064,Beauty & Health,ACC-0132,WH-05,3,86.82,Cash on Delivery,3.3,True,False
ORD-0001611,2023-01-04,CUST-024289,Central,PRD-0011,Mobile & Tablet,ACC-0145,WH-01,1,736.32,Cash on Delivery,2.6,True,False
ORD-0001612,2023-01-04,CUST-029024,East,PRD-0041,Fashion & Apparel,ACC-0125,WH-04,1,38.91,Online Payment,3.1,True,True
ORD-0001613,2023-01-04,CUST-008526,South,PRD-0033,Home Appliances,ACC-0247,WH-01,3,1349.91,Online Payment,2.5,True,False
ORD-0001614,2023-01-04,CUST-015124,North,PRD-0047,Fashion & Apparel,ACC-0175,WH-02,2,156.18,Wallet Credit,2.7,True,False
ORD-0001615,2023-01-04,CUST-011729,South,PRD-0141,Sports & Outdoor,ACC-0015,WH-03,2,89.38,Cash on Delivery,3.5,True,False
ORD-0001616,2023-01-04,CUST-006435,North,PRD-0069,Books & Media,ACC-0195,WH-02,2,39.86,Cash on Delivery,2.9,True,False
ORD-0001617,2023-01-04,CUST-009729,Central,PRD-0084,Books & Media,ACC-0005,WH-01,1,10.36,Online Payment,2.7,True,False
ORD-0001618,2023-01-04,CUST-015269,West,PRD-0048,Fashion & Apparel,ACC-0125,WH-05,1,71.58,Cash on Delivery,3.4,True,False
ORD-0001619,2023-01-04,CUST-006245,Central,PRD-0046,Fashion & Apparel,ACC-0079,WH-01,1,37.85,Installment Plan,2.3,True,False
ORD-0001620,2023-01-04,CUST-011280,West,PRD-0016,Mobile & Tablet,ACC-0072,WH-05,2,843.7,Online Payment,3.2,True,False
ORD-0001621,2023-01-04,CUST-009075,South,PRD-0064,Beauty & Health,ACC-0082,WH-03,2,57.88,Online Payment,4.6,False,True
ORD-0001622,2023-01-04,CUST-019046,East,PRD-0066,Beauty & Health,ACC-0117,WH-04,2,114.4,Online Payment,3.7,True,False
ORD-0001623,2023-01-04,CUST-013897,Central,PRD-0069,Books & Media,ACC-0108,WH-01,3,59.79,Online Payment,2.4,True,False
ORD-0001624,2023-01-04,CUST-031474,Central,PRD-0133,Home & Kitchen,ACC-0187,WH-01,2,222.7,Online Payment,2.4,True,False
ORD-0001625,2023-01-04,CUST-017876,West,PRD-0113,Grocery & Gourmet,ACC-0226,WH-05,2,34.02,Cash on Delivery,3.5,True,False
ORD-0001626,2023-01-04,CUST-005298,Central,PRD-0087,Digital Goods,ACC-0122,WH-01,1,12.22,Online Payment,1.9,True,False
ORD-0001627,2023-01-04,CUST-031224,East,PRD-0035,Fashion & Apparel,ACC-0008,WH-04,2,181.12,Online Payment,4.9,False,False
ORD-0001628,2023-01-04,CUST-034514,North,PRD-0088,Digital Goods,ACC-0086,WH-02,3,97.8,Wallet Credit,4.8,False,False
ORD-0001629,2023-01-04,CUST-035428,North,PRD-0044,Fashion & Apparel,ACC-0129,WH-01,1,78.47,Online Payment,2.3,True,False
ORD-0001630,2023-01-04,CUST-014048,West,PRD-0038,Fashion & Apparel,ACC-0142,WH-05,3,125.19,Installment Plan,4.6,False,False
ORD-0001631,2023-01-04,CUST-002876,Central,PRD-0046,Fashion & Apparel,ACC-0127,WH-01,1,37.85,Installment Plan,2.1,True,False
ORD-0001632,2023-01-04,CUST-000833,South,PRD-0044,Fashion & Apparel,ACC-0217,WH-03,1,78.47,Online Payment,3.4,True,False
ORD-0001633,2023-01-04,CUST-031321,Central,PRD-0020,Home Appliances,ACC-0256,WH-01,2,1051.74,Cash on Delivery,2.0,True,False
ORD-0001634,2023-01-04,CUST-004675,Central,PRD-0031,Home Appliances,ACC-0156,WH-01,2,231.02,Wallet Credit,2.1,True,False
ORD-0001635,2023-01-04,CUST-002301,West,PRD-0088,Digital Goods,ACC-0119,WH-05,1,32.6,Installment Plan,4.5,False,False
ORD-0001636,2023-01-04,CUST-017929,North,PRD-0035,Fashion & Apparel,ACC-0182,WH-02,2,181.12,Online Payment,3.0,True,False
ORD-0001637,2023-01-04,CUST-025325,Central,PRD-0105,Grocery & Gourmet,ACC-0101,WH-01,1,25.18,Installment Plan,3.1,False,False
ORD-0001638,2023-01-04,CUST-031988,South,PRD-0100,Digital Goods,ACC-0139,WH-03,2,21.42,Online Payment,3.3,True,False
ORD-0001639,2023-01-04,CUST-014557,Central,PRD-0091,Digital Goods,ACC-0062,WH-01,3,54.66,Wallet Credit,2.0,True,False
ORD-0001640,2023-01-04,CUST-023670,North,PRD-0078,Books & Media,ACC-0112,WH-02,1,17.88,Online Payment,3.6,True,False
ORD-0001641,2023-01-04,CUST-031613,South,PRD-0022,Home Appliances,ACC-0176,WH-03,2,531.62,Wallet Credit,3.8,True,False
ORD-0001642,2023-01-04,CUST-021533,Central,PRD-0152,Sports & Outdoor,ACC-0250,WH-01,1,54.78,Installment Plan,2.1,True,False
ORD-0001643,2023-01-04,CUST-032795,West,PRD-0092,Digital Goods,ACC-0078,WH-05,3,59.01,Online Payment,3.9,True,False
ORD-0001644,2023-01-04,CUST-035770,Central,PRD-0127,Home & Kitchen,ACC-0174,WH-01,2,227.96,Online Payment,2.7,True,False
ORD-0001645,2023-01-04,CUST-025102,West,PRD-0033,Home Appliances,ACC-0155,WH-01,1,449.97,Online Payment,3.2,False,False
ORD-0001646,2023-01-04,CUST-028428,West,PRD-0095,Digital Goods,ACC-0195,WH-05,3,97.71,Online Payment,3.3,True,False
ORD-0001647,2023-01-04,CUST-009955,Central,PRD-0002,Mobile & Tablet,ACC-0224,WH-01,2,1008.24,Online Payment,2.4,True,False
ORD-0001648,2023-01-04,CUST-030763,Central,PRD-0114,Grocery & Gourmet,ACC-0105,WH-01,3,90.72,Wallet Credit,3.1,False,False
ORD-0001649,2023-01-04,CUST-018709,East,PRD-0049,Fashion & Apparel,ACC-0232,WH-04,1,81.27,Online Payment,4.7,False,False
ORD-0001650,2023-01-04,CUST-009475,East,PRD-0015,Mobile & Tablet,ACC-0199,WH-04,1,666.81,Online Payment,3.8,True,False
ORD-0001651,2023-01-04,CUST-024972,South,PRD-0150,Sports & Outdoor,ACC-0121,WH-03,2,144.98,Installment Plan,4.2,False,False
ORD-0001652,2023-01-04,CUST-025477,West,PRD-0140,Sports & Outdoor,ACC-0216,WH-05,2,90.86,Wallet Credit,4.0,True,False
ORD-0001653,2023-01-04,CUST-030538,Central,PRD-0069,Books & Media,ACC-0100,WH-01,2,39.86,Online Payment,2.2,True,False
ORD-0001654,2023-01-04,CUST-018931,North,PRD-0131,Home & Kitchen,ACC-0031,WH-02,2,204.22,Online Payment,2.8,True,False
ORD-0001655,2023-01-04,CUST-010814,East,PRD-0063,Beauty & Health,ACC-0162,WH-04,1,27.57,Online Payment,4.6,False,False
ORD-0001656,2023-01-04,CUST-020744,Central,PRD-0109,Grocery & Gourmet,ACC-0088,WH-01,1,11.48,Online Payment,1.9,True,False
ORD-0001657,2023-01-04,CUST-029820,East,PRD-0118,Grocery & Gourmet,ACC-0235,WH-04,1,47.24,Online Payment,3.0,True,False
ORD-0001658,2023-01-04,CUST-016727,North,PRD-0137,Sports & Outdoor,ACC-0079,WH-01,2,220.64,Online Payment,2.3,True,True
ORD-0001659,2023-01-04,CUST-000068,Central,PRD-0069,Books & Media,ACC-0036,WH-01,3,59.79,Cash on Delivery,2.3,True,False
ORD-0001660,2023-01-04,CUST-022902,North,PRD-0016,Mobile & Tablet,ACC-0174,WH-02,1,421.85,Online Payment,3.0,True,True
ORD-0001661,2023-01-04,CUST-030476,North,PRD-0126,Home & Kitchen,ACC-0003,WH-02,1,58.15,Online Payment,2.7,True,False
ORD-0001662,2023-01-04,CUST-030959,South,PRD-0127,Home & Kitchen,ACC-0022,WH-03,1,113.98,Cash on Delivery,3.3,True,False
ORD-0001663,2023-01-04,CUST-015235,West,PRD-0145,Sports & Outdoor,ACC-0219,WH-05,1,29.79,Wallet Credit,4.1,False,False
ORD-0001664,2023-01-04,CUST-031613,South,PRD-0018,Home Appliances,ACC-0250,WH-03,2,610.44,Cash on Delivery,3.0,True,False
ORD-0001665,2023-01-04,CUST-002392,North,PRD-0090,Digital Goods,ACC-0088,WH-02,1,16.88,Online Payment,3.3,True,False
ORD-0001666,2023-01-04,CUST-034167,Central,PRD-0083,Books & Media,ACC-0207,WH-01,2,38.68,Online Payment,1.9,True,False
ORD-0001667,2023-01-04,CUST-014596,East,PRD-0010,Mobile & Tablet,ACC-0005,WH-04,2,1271.68,Cash on Delivery,3.3,True,False
ORD-0001668,2023-01-04,CUST-026894,Central,PRD-0060,Beauty & Health,ACC-0215,WH-01,1,41.99,Online Payment,2.0,True,False
ORD-0001669,2023-01-04,CUST-021864,East,PRD-0054,Beauty & Health,ACC-0126,WH-04,2,58.62,Wallet Credit,3.2,True,False
ORD-0001670,2023-01-04,CUST-017882,South,PRD-0011,Mobile & Tablet,ACC-0197,WH-03,1,736.32,Online Payment,3.7,True,False
ORD-0001671,2023-01-04,CUST-006568,North,PRD-0072,Books & Media,ACC-0089,WH-02,3,17.61,Online Payment,3.6,True,False
ORD-0001672,2023-01-04,CUST-001334,East,PRD-0018,Home Appliances,ACC-0019,WH-04,2,610.44,Cash on Delivery,3.6,True,True
ORD-0001673,2023-01-04,CUST-001421,Central,PRD-0152,Sports & Outdoor,ACC-0057,WH-01,1,54.78,Wallet Credit,2.9,True,False
ORD-0001674,2023-01-04,CUST-028751,Central,PRD-0133,Home & Kitchen,ACC-0094,WH-01,3,334.05,Cash on Delivery,1.7,True,False
ORD-0001675,2023-01-04,CUST-009206,South,PRD-0069,Books & Media,ACC-0053,WH-03,1,19.93,Cash on Delivery,3.9,True,False
ORD-0001676,2023-01-04,CUST-032951,North,PRD-0011,Mobile & Tablet,ACC-0113,WH-02,2,1472.64,Online Payment,4.0,True,False
ORD-0001677,2023-01-04,CUST-030092,South,PRD-0003,Mobile & Tablet,ACC-0260,WH-03,1,226.53,Online Payment,3.3,True,False
ORD-0001678,2023-01-04,CUST-004328,Central,PRD-0064,Beauty & Health,ACC-0158,WH-01,1,28.94,Online Payment,2.3,True,False
ORD-0001679,2023-01-04,CUST-020028,North,PRD-0122,Home & Kitchen,ACC-0087,WH-02,1,60.21,Online Payment,2.8,True,False
ORD-0001680,2023-01-04,CUST-006961,West,PRD-0038,Fashion & Apparel,ACC-0233,WH-05,2,83.46,Online Payment,3.9,True,False
ORD-0001681,2023-01-04,CUST-027372,South,PRD-0113,Grocery & Gourmet,ACC-0226,WH-03,1,17.01,Installment Plan,2.8,True,True
ORD-0001682,2023-01-04,CUST-025997,West,PRD-0079,Books & Media,ACC-0230,WH-05,1,9.98,Installment Plan,4.4,False,False
ORD-0001683,2023-01-04,CUST-000818,North,PRD-0040,Fashion & Apparel,ACC-0079,WH-02,2,71.18,Online Payment,3.0,True,False
ORD-0001684,2023-01-04,CUST-022151,East,PRD-0063,Beauty & Health,ACC-0100,WH-04,1,27.57,Cash on Delivery,3.2,True,False
ORD-0001685,2023-01-04,CUST-012287,North,PRD-0049,Fashion & Apparel,ACC-0144,WH-02,2,162.54,Installment Plan,3.6,True,False
ORD-0001686,2023-01-04,CUST-019602,Central,PRD-0143,Sports & Outdoor,ACC-0157,WH-01,3,137.07,Wallet Credit,2.4,True,False
ORD-0001687,2023-01-04,CUST-004097,East,PRD-0092,Digital Goods,ACC-0125,WH-04,1,19.67,Online Payment,2.9,True,False
ORD-0001688,2023-01-04,CUST-016962,South,PRD-0082,Books & Media,ACC-0061,WH-03,1,13.77,Installment Plan,3.0,True,False
ORD-0001689,2023-01-04,CUST-016261,Central,PRD-0084,Books & Media,ACC-0160,WH-01,1,10.36,Online Payment,1.7,True,False
ORD-0001690,2023-01-04,CUST-023635,North,PRD-0086,Digital Goods,ACC-0141,WH-01,2,49.98,Wallet Credit,2.2,True,False
ORD-0001691,2023-01-04,CUST-030388,West,PRD-0137,Sports & Outdoor,ACC-0144,WH-05,3,330.96,Online Payment,3.9,True,False
ORD-0001692,2023-01-04,CUST-020982,East,PRD-0042,Fashion & Apparel,ACC-0166,WH-04,2,188.44,Cash on Delivery,3.6,True,True
ORD-0001693,2023-01-04,CUST-012095,South,PRD-0100,Digital Goods,ACC-0032,WH-03,2,21.42,Online Payment,3.0,True,False
ORD-0001694,2023-01-04,CUST-013893,Central,PRD-0105,Grocery & Gourmet,ACC-0109,WH-01,1,25.18,Online Payment,1.8,True,False
ORD-0001695,2023-01-04,CUST-012280,Central,PRD-0145,Sports & Outdoor,ACC-0069,WH-01,2,59.58,Cash on Delivery,2.7,True,False
ORD-0001696,2023-01-04,CUST-014933,North,PRD-0098,Digital Goods,ACC-0033,WH-01,1,30.06,Online Payment,2.2,True,False
ORD-0001697,2023-01-04,CUST-035380,Central,PRD-0123,Home & Kitchen,ACC-0191,WH-01,1,82.38,Installment Plan,2.2,True,False
ORD-0001698,2023-01-04,CUST-011707,Central,PRD-0032,Home Appliances,ACC-0070,WH-01,1,322.23,Cash on Delivery,2.6,True,False
ORD-0001699,2023-01-04,CUST-033708,Central,PRD-0038,Fashion & Apparel,ACC-0235,WH-01,2,83.46,Online Payment,2.5,True,False
ORD-0001700,2023-01-04,CUST-016836,East,PRD-0106,Grocery & Gourmet,ACC-0080,WH-04,2,57.16,Online Payment,3.8,True,False
ORD-0001701,2023-01-04,CUST-018645,North,PRD-0117,Grocery & Gourmet,ACC-0220,WH-02,1,24.86,Online Payment,2.9,True,False
ORD-0001702,2023-01-04,CUST-018745,South,PRD-0071,Books & Media,ACC-0172,WH-03,3,23.73,Installment Plan,3.4,True,False
ORD-0001703,2023-01-04,CUST-031575,Central,PRD-0006,Mobile & Tablet,ACC-0019,WH-01,1,361.82,Wallet Credit,2.0,True,False
ORD-0001704,2023-01-04,CUST-034359,East,PRD-0149,Sports & Outdoor,ACC-0227,WH-04,1,81.88,Online Payment,3.2,True,True
ORD-0001705,2023-01-04,CUST-006800,Central,PRD-0005,Mobile & Tablet,ACC-0222,WH-01,2,1432.76,Online Payment,1.8,True,False
ORD-0001706,2023-01-04,CUST-016887,East,PRD-0043,Fashion & Apparel,ACC-0006,WH-04,1,53.32,Online Payment,3.4,True,True
ORD-0001707,2023-01-04,CUST-032478,North,PRD-0125,Home & Kitchen,ACC-0249,WH-01,1,108.61,Online Payment,3.0,True,False
ORD-0001708,2023-01-04,CUST-021560,North,PRD-0009,Mobile & Tablet,ACC-0128,WH-02,1,546.26,Online Payment,3.4,True,False
ORD-0001709,2023-01-04,CUST-003041,North,PRD-0036,Fashion & Apparel,ACC-0092,WH-02,2,166.44,Cash on Delivery,3.1,True,False
ORD-0001710,2023-01-04,CUST-028578,Central,PRD-0054,Beauty & Health,ACC-0100,WH-01,1,29.31,Online Payment,1.9,True,False
ORD-0001711,2023-01-04,CUST-035884,North,PRD-0038,Fashion & Apparel,ACC-0249,WH-02,2,83.46,Online Payment,3.2,True,False
ORD-0001712,2023-01-04,CUST-007471,North,PRD-0013,Mobile & Tablet,ACC-0094,WH-02,2,704.4,Wallet Credit,2.7,True,False
ORD-0001713,2023-01-04,CUST-006522,Central,PRD-0025,Home Appliances,ACC-0125,WH-01,1,178.8,Online Payment,2.2,True,False
ORD-0001714,2023-01-04,CUST-020732,Central,PRD-0124,Home & Kitchen,ACC-0090,WH-01,1,26.46,Installment Plan,2.0,True,False
ORD-0001715,2023-01-04,CUST-023576,North,PRD-0073,Books & Media,ACC-0159,WH-02,1,20.32,Cash on Delivery,3.8,True,False
ORD-0001716,2023-01-04,CUST-003639,East,PRD-0052,Beauty & Health,ACC-0156,WH-04,1,50.83,Online Payment,3.4,True,False
ORD-0001717,2023-01-04,CUST-019245,South,PRD-0039,Fashion & Apparel,ACC-0246,WH-01,3,173.85,Online Payment,2.2,True,False
ORD-0001718,2023-01-04,CUST-023599,East,PRD-0017,Mobile & Tablet,ACC-0177,WH-04,2,373.74,Wallet Credit,3.1,True,False
ORD-0001719,2023-01-04,CUST-007181,South,PRD-0063,Beauty & Health,ACC-0032,WH-03,1,27.57,Installment Plan,3.2,True,False
ORD-0001720,2023-01-04,CUST-001850,Central,PRD-0116,Grocery & Gourmet,ACC-0125,WH-01,1,39.14,Online Payment,2.2,True,False
ORD-0001721,2023-01-04,CUST-002515,South,PRD-0001,Mobile & Tablet,ACC-0057,WH-03,2,429.36,Online Payment,3.5,True,False
ORD-0001722,2023-01-04,CUST-021746,West,PRD-0036,Fashion & Apparel,ACC-0200,WH-05,1,83.22,Online Payment,3.3,True,False
ORD-0001723,2023-01-04,CUST-027749,South,PRD-0026,Home Appliances,ACC-0027,WH-01,1,319.15,Installment Plan,1.9,True,False
ORD-0001724,2023-01-04,CUST-034402,West,PRD-0031,Home Appliances,ACC-0005,WH-05,1,115.51,Installment Plan,4.0,True,False
ORD-0001725,2023-01-04,CUST-017935,North,PRD-0102,Digital Goods,ACC-0127,WH-02,1,27.27,Installment Plan,3.7,True,False
ORD-0001726,2023-01-04,CUST-000410,South,PRD-0051,Fashion & Apparel,ACC-0259,WH-03,1,29.63,Online Payment,3.6,True,True
ORD-0001727,2023-01-04,CUST-003080,West,PRD-0014,Mobile & Tablet,ACC-0017,WH-01,2,560.0,Cash on Delivery,3.0,True,False
ORD-0001728,2023-01-04,CUST-032807,North,PRD-0054,Beauty & Health,ACC-0207,WH-02,1,29.31,Wallet Credit,2.8,True,False
ORD-0001729,2023-01-04,CUST-023666,Central,PRD-0101,Digital Goods,ACC-0001,WH-01,2,38.46,Online Payment,2.4,True,False
ORD-0001730,2023-01-04,CUST-022902,North,PRD-0047,Fashion & Apparel,ACC-0235,WH-02,1,78.09,Online Payment,2.7,True,False
ORD-0001731,2023-01-04,CUST-029152,Central,PRD-0092,Digital Goods,ACC-0026,WH-01,2,39.34,Wallet Credit,2.6,True,False
ORD-0001732,2023-01-04,CUST-013962,East,PRD-0011,Mobile & Tablet,ACC-0259,WH-04,2,1472.64,Cash on Delivery,4.7,False,False
ORD-0001733,2023-01-04,CUST-017768,Central,PRD-0123,Home & Kitchen,ACC-0185,WH-01,2,164.76,Online Payment,2.2,True,False
ORD-0001734,2023-01-04,CUST-022235,West,PRD-0090,Digital Goods,ACC-0119,WH-05,1,16.88,Cash on Delivery,3.4,True,False
ORD-0001735,2023-01-04,CUST-000342,East,PRD-0055,Beauty & Health,ACC-0187,WH-04,2,123.08,Online Payment,2.9,True,False
ORD-0001736,2023-01-04,CUST-023934,West,PRD-0146,Sports & Outdoor,ACC-0200,WH-05,2,188.46,Online Payment,3.8,True,False
ORD-0001737,2023-01-04,CUST-032674,South,PRD-0015,Mobile & Tablet,ACC-0177,WH-03,3,2000.43,Online Payment,4.8,False,False
ORD-0001738,2023-01-04,CUST-013294,Central,PRD-0053,Beauty & Health,ACC-0052,WH-01,3,148.41,Online Payment,1.8,True,False
ORD-0001739,2023-01-04,CUST-019312,South,PRD-0060,Beauty & Health,ACC-0158,WH-01,3,125.97,Cash on Delivery,2.1,True,False
ORD-0001740,2023-01-04,CUST-035325,South,PRD-0114,Grocery & Gourmet,ACC-0067,WH-03,2,60.48,Wallet Credit,2.9,True,False
ORD-0001741,2023-01-04,CUST-022394,Central,PRD-0045,Fashion & Apparel,ACC-0158,WH-01,1,23.46,Online Payment,2.3,True,False
ORD-0001742,2023-01-04,CUST-009758,West,PRD-0076,Books & Media,ACC-0110,WH-05,1,7.78,Online Payment,4.0,True,True
ORD-0001743,2023-01-04,CUST-008133,East,PRD-0001,Mobile & Tablet,ACC-0142,WH-04,2,429.36,Wallet Credit,5.2,False,False
ORD-0001744,2023-01-04,CUST-005436,Central,PRD-0133,Home & Kitchen,ACC-0091,WH-01,1,111.35,Wallet Credit,2.7,True,False
ORD-0001745,2023-01-04,CUST-019138,South,PRD-0117,Grocery & Gourmet,ACC-0241,WH-03,1,24.86,Installment Plan,3.1,True,False
ORD-0001746,2023-01-04,CUST-014398,Central,PRD-0126,Home & Kitchen,ACC-0092,WH-01,2,116.3,Installment Plan,3.5,False,False
ORD-0001747,2023-01-04,CUST-014299,West,PRD-0151,Sports & Outdoor,ACC-0144,WH-05,1,30.86,Online Payment,3.8,True,False
ORD-0001748,2023-01-04,CUST-028469,West,PRD-0018,Home Appliances,ACC-0136,WH-05,2,610.44,Online Payment,3.3,True,False
ORD-0001749,2023-01-04,CUST-035528,West,PRD-0059,Beauty & Health,ACC-0196,WH-05,3,108.93,Online Payment,3.4,True,False
ORD-0001750,2023-01-04,CUST-016139,West,PRD-0036,Fashion & Apparel,ACC-0116,WH-05,1,83.22,Online Payment,4.4,False,False
ORD-0001751,2023-01-04,CUST-018018,Central,PRD-0044,Fashion & Apparel,ACC-0023,WH-01,1,78.47,Online Payment,3.0,True,False
ORD-0001752,2023-01-04,CUST-005372,North,PRD-0115,Grocery & Gourmet,ACC-0198,WH-02,3,56.73,Wallet Credit,2.6,True,False
ORD-0001753,2023-01-04,CUST-010386,East,PRD-0042,Fashion & Apparel,ACC-0200,WH-04,2,188.44,Online Payment,5.1,False,False
ORD-0001754,2023-01-04,CUST-017644,North,PRD-0046,Fashion & Apparel,ACC-0196,WH-02,2,75.7,Online Payment,3.0,True,False
ORD-0001755,2023-01-04,CUST-004459,West,PRD-0075,Books & Media,ACC-0111,WH-05,1,21.86,Online Payment,3.3,True,False
ORD-0001756,2023-01-04,CUST-027584,Central,PRD-0118,Grocery & Gourmet,ACC-0224,WH-01,1,47.24,Online Payment,2.3,True,False
ORD-0001757,2023-01-04,CUST-004640,South,PRD-0043,Fashion & Apparel,ACC-0091,WH-03,3,159.96,Online Payment,2.9,True,False
ORD-0001758,2023-01-04,CUST-025738,Central,PRD-0118,Grocery & Gourmet,ACC-0183,WH-01,3,141.72,Cash on Delivery,1.8,True,False
ORD-0001759,2023-01-04,CUST-009680,East,PRD-0095,Digital Goods,ACC-0011,WH-04,2,65.14,Online Payment,3.4,True,False
ORD-0001760,2023-01-04,CUST-026496,Central,PRD-0134,Home & Kitchen,ACC-0109,WH-01,3,353.37,Installment Plan,2.1,True,False
ORD-0001761,2023-01-04,CUST-035880,Central,PRD-0105,Grocery & Gourmet,ACC-0131,WH-01,1,25.18,Cash on Delivery,2.2,True,False
ORD-0001762,2023-01-04,CUST-006475,East,PRD-0025,Home Appliances,ACC-0175,WH-04,2,357.6,Cash on Delivery,3.1,True,False
ORD-0001763,2023-01-04,CUST-035714,North,PRD-0128,Home & Kitchen,ACC-0005,WH-02,1,95.86,Cash on Delivery,3.1,True,False
ORD-0001764,2023-01-04,CUST-013455,West,PRD-0069,Books & Media,ACC-0131,WH-05,1,19.93,Wallet Credit,4.2,False,False
ORD-0001765,2023-01-04,CUST-028312,Central,PRD-0150,Sports & Outdoor,ACC-0226,WH-01,2,144.98,Online Payment,2.1,True,False
ORD-0001766,2023-01-04,CUST-000351,North,PRD-0123,Home & Kitchen,ACC-0212,WH-02,1,82.38,Cash on Delivery,2.9,True,False
ORD-0001767,2023-01-04,CUST-026817,South,PRD-0105,Grocery & Gourmet,ACC-0131,WH-03,2,50.36,Online Payment,3.8,True,False
ORD-0001768,2023-01-04,CUST-005798,West,PRD-0133,Home & Kitchen,ACC-0015,WH-05,1,111.35,Wallet Credit,3.1,True,False
ORD-0001769,2023-01-04,CUST-006844,East,PRD-0128,Home & Kitchen,ACC-0155,WH-04,3,287.58,Online Payment,3.6,True,False
ORD-0001770,2023-01-04,CUST-005029,West,PRD-0065,Beauty & Health,ACC-0231,WH-05,2,54.18,Cash on Delivery,5.0,False,False
ORD-0001771,2023-01-04,CUST-002195,East,PRD-0013,Mobile & Tablet,ACC-0077,WH-04,3,1056.6,Online Payment,3.0,True,False
ORD-0001772,2023-01-04,CUST-024064,West,PRD-0012,Mobile & Tablet,ACC-0047,WH-05,3,1424.64,Installment Plan,3.5,True,False
ORD-0001773,2023-01-04,CUST-005307,South,PRD-0122,Home & Kitchen,ACC-0182,WH-03,1,60.21,Installment Plan,3.6,True,False
ORD-0001774,2023-01-04,CUST-008942,West,PRD-0100,Digital Goods,ACC-0111,WH-05,1,10.71,Online Payment,3.5,True,False
ORD-0001775,2023-01-04,CUST-010814,East,PRD-0107,Grocery & Gourmet,ACC-0013,WH-04,1,29.08,Online Payment,3.0,True,False
ORD-0001776,2023-01-04,CUST-005427,West,PRD-0038,Fashion & Apparel,ACC-0094,WH-05,1,41.73,Online Payment,3.9,True,False
ORD-0001777,2023-01-04,CUST-001396,South,PRD-0145,Sports & Outdoor,ACC-0082,WH-03,3,89.37,Installment Plan,3.7,True,True
ORD-0001778,2023-01-04,CUST-028774,East,PRD-0114,Grocery & Gourmet,ACC-0224,WH-04,3,90.72,Cash on Delivery,3.8,True,False
ORD-0001779,2023-01-04,CUST-008133,East,PRD-0142,Sports & Outdoor,ACC-0062,WH-04,3,249.51,Cash on Delivery,3.5,True,False
ORD-0001780,2023-01-04,CUST-014438,Central,PRD-0103,Grocery & Gourmet,ACC-0019,WH-01,1,25.76,Online Payment,2.1,True,False
ORD-0001781,2023-01-04,CUST-003318,West,PRD-0025,Home Appliances,ACC-0229,WH-05,2,357.6,Online Payment,3.3,True,False
ORD-0001782,2023-01-04,CUST-002858,East,PRD-0035,Fashion & Apparel,ACC-0031,WH-04,1,90.56,Online Payment,3.8,True,False
ORD-0001783,2023-01-04,CUST-000928,North,PRD-0124,Home & Kitchen,ACC-0065,WH-02,2,52.92,Cash on Delivery,4.6,False,False
ORD-0001784,2023-01-04,CUST-003548,Central,PRD-0012,Mobile & Tablet,ACC-0157,WH-01,2,949.76,Online Payment,2.1,True,False
ORD-0001785,2023-01-04,CUST-015071,Central,PRD-0143,Sports & Outdoor,ACC-0006,WH-01,1,45.69,Cash on Delivery,2.0,True,False
ORD-0001786,2023-01-04,CUST-023632,West,PRD-0063,Beauty & Health,ACC-0007,WH-05,1,27.57,Installment Plan,3.5,True,False
ORD-0001787,2023-01-04,CUST-004341,West,PRD-0129,Home & Kitchen,ACC-0052,WH-05,2,74.4,Wallet Credit,3.1,True,False
ORD-0001788,2023-01-04,CUST-001641,North,PRD-0122,Home & Kitchen,ACC-0211,WH-02,1,60.21,Online Payment,2.6,True,False
ORD-0001789,2023-01-04,CUST-000129,East,PRD-0116,Grocery & Gourmet,ACC-0124,WH-04,1,39.14,Installment Plan,3.1,True,False
ORD-0001790,2023-01-04,CUST-012477,Central,PRD-0151,Sports & Outdoor,ACC-0219,WH-01,2,61.72,Cash on Delivery,2.3,True,False
ORD-0001791,2023-01-04,CUST-003793,West,PRD-0058,Beauty & Health,ACC-0012,WH-05,3,129.81,Installment Plan,3.5,True,False
ORD-0001792,2023-01-04,CUST-031224,East,PRD-0063,Beauty & Health,ACC-0101,WH-04,1,27.57,Online Payment,4.1,False,False
ORD-0001793,2023-01-04,CUST-009842,West,PRD-0057,Beauty & Health,ACC-0103,WH-05,1,14.27,Cash on Delivery,3.3,True,False
ORD-0001794,2023-01-04,CUST-017260,North,PRD-0001,Mobile & Tablet,ACC-0225,WH-02,2,429.36,Installment Plan,3.2,True,False
ORD-0001795,2023-01-04,CUST-033179,West,PRD-0120,Home & Kitchen,ACC-0160,WH-05,1,72.26,Online Payment,4.6,False,False
ORD-0001796,2023-01-04,CUST-025993,Central,PRD-0025,Home Appliances,ACC-0101,WH-01,1,178.8,Wallet Credit,1.7,True,False
ORD-0001797,2023-01-04,CUST-017325,South,PRD-0012,Mobile & Tablet,ACC-0200,WH-03,2,949.76,Online Payment,3.4,True,False
ORD-0001798,2023-01-04,CUST-011935,Central,PRD-0019,Home Appliances,ACC-0149,WH-01,2,838.26,Online Payment,4.0,False,False
ORD-0001799,2023-01-04,CUST-025962,Central,PRD-0057,Beauty & Health,ACC-0212,WH-01,2,28.54,Online Payment,3.1,False,False
ORD-0001800,2023-01-04,CUST-014027,South,PRD-0079,Books & Media,ACC-0251,WH-03,1,9.98,Wallet Credit,3.2,True,False
ORD-0001801,2023-01-04,CUST-012690,Central,PRD-0009,Mobile & Tablet,ACC-0222,WH-01,2,1092.52,Wallet Credit,2.6,True,True
ORD-0001802,2023-01-04,CUST-024151,North,PRD-0020,Home Appliances,ACC-0052,WH-02,2,1051.74,Online Payment,3.0,True,False
ORD-0001803,2023-01-04,CUST-024331,South,PRD-0093,Digital Goods,ACC-0013,WH-03,1,35.6,Online Payment,3.2,True,False
ORD-0001804,2023-01-04,CUST-006713,East,PRD-0134,Home & Kitchen,ACC-0177,WH-04,2,235.58,Online Payment,3.5,True,False
ORD-0001805,2023-01-04,CUST-019643,Central,PRD-0069,Books & Media,ACC-0059,WH-01,1,19.93,Cash on Delivery,2.4,True,False
ORD-0001806,2023-01-04,CUST-029597,West,PRD-0014,Mobile & Tablet,ACC-0214,WH-05,2,560.0,Online Payment,3.8,True,False
ORD-0001807,2023-01-04,CUST-014053,East,PRD-0142,Sports & Outdoor,ACC-0017,WH-04,1,83.17,Wallet Credit,3.3,True,False
ORD-0001808,2023-01-04,CUST-013376,North,PRD-0101,Digital Goods,ACC-0235,WH-02,1,19.23,Online Payment,3.0,True,False
ORD-0001809,2023-01-04,CUST-022701,Central,PRD-0102,Digital Goods,ACC-0235,WH-01,1,27.27,Online Payment,2.0,True,False
ORD-0001810,2023-01-04,CUST-000980,Central,PRD-0027,Home Appliances,ACC-0258,WH-01,3,388.74,Wallet Credit,2.3,True,False
ORD-0001811,2023-01-04,CUST-002356,East,PRD-0013,Mobile & Tablet,ACC-0064,WH-04,1,352.2,Cash on Delivery,3.6,True,False
ORD-0001812,2023-01-04,CUST-020050,East,PRD-0019,Home Appliances,ACC-0169,WH-04,1,419.13,Cash on Delivery,3.3,True,False
ORD-0001813,2023-01-04,CUST-008417,South,PRD-0019,Home Appliances,ACC-0094,WH-03,1,419.13,Wallet Credit,3.1,True,False
ORD-0001814,2023-01-04,CUST-025447,Central,PRD-0087,Digital Goods,ACC-0189,WH-01,1,12.22,Online Payment,2.9,True,False
ORD-0001815,2023-01-04,CUST-030140,Central,PRD-0086,Digital Goods,ACC-0202,WH-01,2,49.98,Online Payment,2.6,True,False
ORD-0001816,2023-01-04,CUST-035401,North,PRD-0070,Books & Media,ACC-0015,WH-01,1,22.22,Wallet Credit,2.4,True,False
ORD-0001817,2023-01-04,CUST-021150,West,PRD-0122,Home & Kitchen,ACC-0070,WH-05,1,60.21,Wallet Credit,3.5,True,False
ORD-0001818,2023-01-04,CUST-024481,North,PRD-0009,Mobile & Tablet,ACC-0179,WH-02,2,1092.52,Installment Plan,2.7,True,False
ORD-0001819,2023-01-04,CUST-034488,South,PRD-0030,Home Appliances,ACC-0136,WH-03,1,145.76,Online Payment,3.4,True,False
ORD-0001820,2023-01-04,CUST-018494,West,PRD-0133,Home & Kitchen,ACC-0006,WH-05,2,222.7,Online Payment,4.2,False,False
ORD-0001821,2023-01-04,CUST-016652,North,PRD-0022,Home Appliances,ACC-0249,WH-02,2,531.62,Online Payment,2.8,True,False
ORD-0001822,2023-01-04,CUST-034658,West,PRD-0046,Fashion & Apparel,ACC-0017,WH-05,2,75.7,Online Payment,3.6,True,False
ORD-0001823,2023-01-04,CUST-009145,East,PRD-0080,Books & Media,ACC-0126,WH-01,3,37.56,Online Payment,2.3,True,False
ORD-0001824,2023-01-04,CUST-001536,Central,PRD-0095,Digital Goods,ACC-0014,WH-01,2,65.14,Online Payment,1.9,True,False
ORD-0001825,2023-01-04,CUST-012747,Central,PRD-0049,Fashion & Apparel,ACC-0220,WH-01,1,81.27,Cash on Delivery,2.8,True,False
ORD-0001826,2023-01-04,CUST-035081,South,PRD-0040,Fashion & Apparel,ACC-0091,WH-03,2,71.18,Cash on Delivery,3.2,True,True
ORD-0001827,2023-01-04,CUST-033652,Central,PRD-0076,Books & Media,ACC-0179,WH-01,2,15.56,Wallet Credit,2.5,True,False
ORD-0001828,2023-01-04,CUST-015096,Central,PRD-0129,Home & Kitchen,ACC-0230,WH-01,1,37.2,Online Payment,3.8,False,False
ORD-0001829,2023-01-04,CUST-014374,Central,PRD-0007,Mobile & Tablet,ACC-0155,WH-01,3,1624.98,Wallet Credit,2.4,True,False
ORD-0001830,2023-01-04,CUST-012960,North,PRD-0074,Books & Media,ACC-0218,WH-02,1,21.22,Installment Plan,4.0,True,False
ORD-0001831,2023-01-04,CUST-033181,North,PRD-0082,Books & Media,ACC-0238,WH-02,2,27.54,Online Payment,4.2,False,False
ORD-0001832,2023-01-04,CUST-007345,North,PRD-0146,Sports & Outdoor,ACC-0186,WH-02,1,94.23,Installment Plan,3.1,True,False
ORD-0001833,2023-01-04,CUST-008169,South,PRD-0034,Home Appliances,ACC-0176,WH-03,2,265.96,Installment Plan,3.2,True,False
ORD-0001834,2023-01-04,CUST-000283,East,PRD-0038,Fashion & Apparel,ACC-0012,WH-04,1,41.73,Installment Plan,3.1,True,False
ORD-0001835,2023-01-04,CUST-008168,East,PRD-0126,Home & Kitchen,ACC-0048,WH-04,3,174.45,Online Payment,3.5,True,False
ORD-0001836,2023-01-04,CUST-028581,East,PRD-0069,Books & Media,ACC-0160,WH-04,3,59.79,Cash on Delivery,3.2,True,False
ORD-0001837,2023-01-04,CUST-030937,North,PRD-0115,Grocery & Gourmet,ACC-0202,WH-02,2,37.82,Online Payment,2.9,True,False
ORD-0001838,2023-01-04,CUST-000224,East,PRD-0048,Fashion & Apparel,ACC-0033,WH-04,1,71.58,Cash on Delivery,3.2,True,False
ORD-0001839,2023-01-04,CUST-003599,West,PRD-0014,Mobile & Tablet,ACC-0017,WH-05,2,560.0,Online Payment,3.1,True,False
ORD-0001840,2023-01-04,CUST-005138,North,PRD-0029,Home Appliances,ACC-0141,WH-02,1,248.48,Online Payment,2.8,True,False
ORD-0001841,2023-01-04,CUST-029644,East,PRD-0069,Books & Media,ACC-0233,WH-01,3,59.79,Installment Plan,2.8,True,False
ORD-0001842,2023-01-04,CUST-001996,North,PRD-0069,Books & Media,ACC-0255,WH-02,2,39.86,Cash on Delivery,2.5,True,False
ORD-0001843,2023-01-04,CUST-006035,Central,PRD-0027,Home Appliances,ACC-0079,WH-01,2,259.16,Online Payment,2.1,True,False
ORD-0001844,2023-01-04,CUST-010787,North,PRD-0010,Mobile & Tablet,ACC-0104,WH-02,2,1271.68,Online Payment,3.8,True,False
ORD-0001845,2023-01-04,CUST-028266,Central,PRD-0038,Fashion & Apparel,ACC-0228,WH-01,2,83.46,Wallet Credit,2.5,True,False
ORD-0001846,2023-01-04,CUST-033681,Central,PRD-0042,Fashion & Apparel,ACC-0255,WH-01,1,94.22,Installment Plan,1.9,True,False
ORD-0001847,2023-01-04,CUST-011625,Central,PRD-0143,Sports & Outdoor,ACC-0081,WH-01,1,45.69,Online Payment,2.1,True,False
ORD-0001848,2023-01-04,CUST-000254,West,PRD-0145,Sports & Outdoor,ACC-0155,WH-05,1,29.79,Installment Plan,4.7,False,False
ORD-0001849,2023-01-04,CUST-031613,South,PRD-0050,Fashion & Apparel,ACC-0019,WH-03,2,60.26,Online Payment,3.4,True,False
ORD-0001850,2023-01-04,CUST-016631,East,PRD-0098,Digital Goods,ACC-0224,WH-04,2,60.12,Online Payment,3.1,True,False
ORD-0001851,2023-01-04,CUST-012826,North,PRD-0084,Books & Media,ACC-0182,WH-02,1,10.36,Wallet Credit,3.7,True,False
ORD-0001852,2023-01-04,CUST-008526,South,PRD-0116,Grocery & Gourmet,ACC-0045,WH-03,1,39.14,Online Payment,5.7,False,False
ORD-0001853,2023-01-04,CUST-003531,West,PRD-0123,Home & Kitchen,ACC-0015,WH-05,2,164.76,Online Payment,3.0,True,False
ORD-0001854,2023-01-04,CUST-017358,South,PRD-0122,Home & Kitchen,ACC-0244,WH-03,3,180.63,Wallet Credit,3.4,True,False
ORD-0001855,2023-01-04,CUST-027996,Central,PRD-0080,Books & Media,ACC-0144,WH-01,1,12.52,Online Payment,3.0,True,False
ORD-0001856,2023-01-04,CUST-000609,North,PRD-0126,Home & Kitchen,ACC-0110,WH-02,3,174.45,Online Payment,3.2,True,False
ORD-0001857,2023-01-04,CUST-024036,Central,PRD-0083,Books & Media,ACC-0214,WH-01,3,58.02,Wallet Credit,2.2,True,False
ORD-0001858,2023-01-04,CUST-007974,West,PRD-0101,Digital Goods,ACC-0009,WH-05,2,38.46,Installment Plan,3.2,True,False
ORD-0001859,2023-01-04,CUST-002714,North,PRD-0117,Grocery & Gourmet,ACC-0039,WH-02,1,24.86,Online Payment,4.3,False,False
ORD-0001860,2023-01-04,CUST-007816,South,PRD-0138,Sports & Outdoor,ACC-0089,WH-03,2,213.84,Online Payment,3.7,True,False
ORD-0001861,2023-01-04,CUST-004430,North,PRD-0038,Fashion & Apparel,ACC-0095,WH-02,1,41.73,Online Payment,2.6,True,False
ORD-0001862,2023-01-04,CUST-035830,North,PRD-0107,Grocery & Gourmet,ACC-0175,WH-02,1,29.08,Wallet Credit,2.7,True,False
ORD-0001863,2023-01-04,CUST-014222,Central,PRD-0022,Home Appliances,ACC-0211,WH-01,1,265.81,Wallet Credit,2.5,True,False
ORD-0001864,2023-01-04,CUST-020326,West,PRD-0112,Grocery & Gourmet,ACC-0052,WH-05,2,27.12,Installment Plan,3.6,True,False
ORD-0001865,2023-01-04,CUST-003823,South,PRD-0130,Home & Kitchen,ACC-0098,WH-03,2,61.12,Installment Plan,4.5,False,False
ORD-0001866,2023-01-04,CUST-026457,Central,PRD-0030,Home Appliances,ACC-0006,WH-01,3,437.28,Installment Plan,2.0,True,False
ORD-0001867,2023-01-04,CUST-016519,West,PRD-0037,Fashion & Apparel,ACC-0122,WH-05,1,25.53,Online Payment,3.3,True,False
ORD-0001868,2023-01-05,CUST-009955,Central,PRD-0040,Fashion & Apparel,ACC-0185,WH-01,1,35.59,Online Payment,2.3,True,False
ORD-0001869,2023-01-05,CUST-018381,Central,PRD-0042,Fashion & Apparel,ACC-0157,WH-01,1,94.22,Online Payment,2.2,True,False
ORD-0001870,2023-01-05,CUST-030392,Central,PRD-0073,Books & Media,ACC-0234,WH-01,3,60.96,Wallet Credit,2.2,True,False
ORD-0001871,2023-01-05,CUST-027591,Central,PRD-0103,Grocery & Gourmet,ACC-0153,WH-01,2,51.52,Cash on Delivery,2.3,True,False
ORD-0001872,2023-01-05,CUST-001996,North,PRD-0119,Grocery & Gourmet,ACC-0039,WH-02,1,15.1,Online Payment,3.9,True,False
ORD-0001873,2023-01-05,CUST-000268,Central,PRD-0089,Digital Goods,ACC-0235,WH-01,1,36.42,Online Payment,2.5,True,False
ORD-0001874,2023-01-05,CUST-031119,Central,PRD-0113,Grocery & Gourmet,ACC-0174,WH-01,1,17.01,Cash on Delivery,2.1,True,False
ORD-0001875,2023-01-05,CUST-022476,Central,PRD-0036,Fashion & Apparel,ACC-0253,WH-01,3,249.66,Cash on Delivery,2.2,True,False
ORD-0001876,2023-01-05,CUST-001997,East,PRD-0080,Books & Media,ACC-0139,WH-04,1,12.52,Online Payment,3.2,True,False
ORD-0001877,2023-01-05,CUST-014027,South,PRD-0009,Mobile & Tablet,ACC-0250,WH-03,1,546.26,Installment Plan,3.3,True,False
ORD-0001878,2023-01-05,CUST-025738,Central,PRD-0079,Books & Media,ACC-0235,WH-01,3,29.94,Wallet Credit,2.0,True,False
ORD-0001879,2023-01-05,CUST-016838,East,PRD-0042,Fashion & Apparel,ACC-0157,WH-04,2,188.44,Online Payment,3.4,True,True
ORD-0001880,2023-01-05,CUST-012408,West,PRD-0079,Books & Media,ACC-0118,WH-05,1,9.98,Online Payment,3.9,True,False
ORD-0001881,2023-01-05,CUST-016301,North,PRD-0053,Beauty & Health,ACC-0171,WH-02,2,98.94,Installment Plan,2.6,True,False
ORD-0001882,2023-01-05,CUST-002302,North,PRD-0141,Sports & Outdoor,ACC-0144,WH-01,2,89.38,Online Payment,2.3,True,False
ORD-0001883,2023-01-05,CUST-019964,West,PRD-0023,Home Appliances,ACC-0142,WH-05,1,528.07,Online Payment,3.3,True,False
ORD-0001884,2023-01-05,CUST-008237,Central,PRD-0093,Digital Goods,ACC-0204,WH-01,1,35.6,Online Payment,2.6,True,False
ORD-0001885,2023-01-05,CUST-018792,North,PRD-0090,Digital Goods,ACC-0101,WH-02,2,33.76,Online Payment,2.6,True,False
ORD-0001886,2023-01-05,CUST-003962,West,PRD-0093,Digital Goods,ACC-0028,WH-01,1,35.6,Wallet Credit,2.3,True,False
ORD-0001887,2023-01-05,CUST-026113,Central,PRD-0026,Home Appliances,ACC-0235,WH-01,1,319.15,Online Payment,2.0,True,False
ORD-0001888,2023-01-05,CUST-002027,North,PRD-0152,Sports & Outdoor,ACC-0200,WH-02,2,109.56,Online Payment,3.3,True,True
ORD-0001889,2023-01-05,CUST-015105,East,PRD-0038,Fashion & Apparel,ACC-0226,WH-04,3,125.19,Cash on Delivery,3.1,True,True
ORD-0001890,2023-01-05,CUST-009266,East,PRD-0040,Fashion & Apparel,ACC-0077,WH-01,2,71.18,Wallet Credit,1.9,True,True
ORD-0001891,2023-01-05,CUST-001850,Central,PRD-0060,Beauty & Health,ACC-0160,WH-01,2,83.98,Online Payment,1.9,True,False
ORD-0001892,2023-01-05,CUST-033279,South,PRD-0004,Mobile & Tablet,ACC-0175,WH-03,1,179.1,Online Payment,3.9,True,False
ORD-0001893,2023-01-05,CUST-020383,South,PRD-0007,Mobile & Tablet,ACC-0253,WH-01,1,541.66,Online Payment,2.9,True,False
ORD-0001894,2023-01-05,CUST-024958,Central,PRD-0023,Home Appliances,ACC-0079,WH-01,1,528.07,Wallet Credit,1.9,True,False
ORD-0001895,2023-01-05,CUST-016365,South,PRD-0070,Books & Media,ACC-0257,WH-03,1,22.22,Online Payment,3.1,True,False
ORD-0001896,2023-01-05,CUST-024084,Central,PRD-0024,Home Appliances,ACC-0160,WH-01,1,262.8,Wallet Credit,1.9,True,False
ORD-0001897,2023-01-05,CUST-002774,Central,PRD-0014,Mobile & Tablet,ACC-0108,WH-01,1,280.0,Cash on Delivery,2.4,True,False
ORD-0001898,2023-01-05,CUST-033309,Central,PRD-0101,Digital Goods,ACC-0175,WH-01,2,38.46,Online Payment,2.9,True,False
ORD-0001899,2023-01-05,CUST-013884,Central,PRD-0020,Home Appliances,ACC-0128,WH-01,1,525.87,Wallet Credit,2.4,True,False
ORD-0001900,2023-01-05,CUST-006889,North,PRD-0021,Home Appliances,ACC-0081,WH-02,1,119.48,Cash on Delivery,3.0,True,False
ORD-0001901,2023-01-05,CUST-015366,West,PRD-0007,Mobile & Tablet,ACC-0202,WH-05,2,1083.32,Cash on Delivery,3.7,True,False
ORD-0001902,2023-01-05,CUST-002393,Central,PRD-0105,Grocery & Gourmet,ACC-0109,WH-01,2,50.36,Online Payment,2.1,True,False
ORD-0001903,2023-01-05,CUST-025394,East,PRD-0134,Home & Kitchen,ACC-0137,WH-04,3,353.37,Online Payment,3.3,True,False
ORD-0001904,2023-01-05,CUST-021796,West,PRD-0054,Beauty & Health,ACC-0009,WH-05,2,58.62,Online Payment,3.2,True,False
ORD-0001905,2023-01-05,CUST-033433,South,PRD-0006,Mobile & Tablet,ACC-0094,WH-03,3,1085.46,Online Payment,3.7,True,False
ORD-0001906,2023-01-05,CUST-018001,Central,PRD-0136,Home & Kitchen,ACC-0033,WH-01,1,40.13,Online Payment,2.2,True,False
ORD-0001907,2023-01-05,CUST-017325,South,PRD-0099,Digital Goods,ACC-0258,WH-03,2,46.54,Online Payment,3.3,True,False
ORD-0001908,2023-01-05,CUST-028578,Central,PRD-0031,Home Appliances,ACC-0136,WH-01,2,231.02,Online Payment,2.2,True,False
ORD-0001909,2023-01-05,CUST-022947,South,PRD-0110,Grocery & Gourmet,ACC-0205,WH-03,1,47.39,Online Payment,4.2,False,False
ORD-0001910,2023-01-05,CUST-016989,North,PRD-0103,Grocery & Gourmet,ACC-0204,WH-02,1,25.76,Online Payment,2.9,True,False
ORD-0001911,2023-01-05,CUST-012894,North,PRD-0091,Digital Goods,ACC-0086,WH-02,2,36.44,Wallet Credit,3.6,True,False
ORD-0001912,2023-01-05,CUST-028645,Central,PRD-0090,Digital Goods,ACC-0052,WH-01,2,33.76,Online Payment,2.1,True,False
ORD-0001913,2023-01-05,CUST-020571,East,PRD-0109,Grocery & Gourmet,ACC-0250,WH-04,2,22.96,Online Payment,3.0,True,False
ORD-0001914,2023-01-05,CUST-027364,Central,PRD-0017,Mobile & Tablet,ACC-0216,WH-01,1,186.87,Cash on Delivery,1.8,True,False
ORD-0001915,2023-01-05,CUST-018745,South,PRD-0052,Beauty & Health,ACC-0205,WH-03,3,152.49,Online Payment,3.6,True,True
ORD-0001916,2023-01-05,CUST-002955,South,PRD-0094,Digital Goods,ACC-0029,WH-03,2,62.66,Online Payment,3.1,True,False
ORD-0001917,2023-01-05,CUST-016569,North,PRD-0036,Fashion & Apparel,ACC-0013,WH-02,1,83.22,Online Payment,2.6,True,False
ORD-0001918,2023-01-05,CUST-034551,Central,PRD-0026,Home Appliances,ACC-0102,WH-01,1,319.15,Wallet Credit,2.3,True,False
ORD-0001919,2023-01-05,CUST-008381,Central,PRD-0108,Grocery & Gourmet,ACC-0253,WH-01,3,46.74,Cash on Delivery,2.2,True,False
ORD-0001920,2023-01-05,CUST-030159,Central,PRD-0108,Grocery & Gourmet,ACC-0102,WH-01,1,15.58,Online Payment,2.9,True,False
ORD-0001921,2023-01-05,CUST-017713,Central,PRD-0017,Mobile & Tablet,ACC-0072,WH-01,1,186.87,Wallet Credit,2.4,True,False
ORD-0001922,2023-01-05,CUST-012919,Central,PRD-0006,Mobile & Tablet,ACC-0122,WH-01,1,361.82,Cash on Delivery,1.8,True,False
ORD-0001923,2023-01-05,CUST-022740,Central,PRD-0036,Fashion & Apparel,ACC-0132,WH-01,2,166.44,Wallet Credit,2.3,True,False
ORD-0001924,2023-01-05,CUST-002605,South,PRD-0031,Home Appliances,ACC-0212,WH-03,1,115.51,Online Payment,3.3,True,False
ORD-0001925,2023-01-05,CUST-011515,East,PRD-0010,Mobile & Tablet,ACC-0056,WH-04,1,635.84,Installment Plan,3.2,True,False
ORD-0001926,2023-01-05,CUST-023155,South,PRD-0098,Digital Goods,ACC-0244,WH-01,1,30.06,Installment Plan,2.5,True,False
ORD-0001927,2023-01-05,CUST-009875,Central,PRD-0048,Fashion & Apparel,ACC-0083,WH-01,1,71.58,Wallet Credit,3.0,True,False
ORD-0001928,2023-01-05,CUST-007652,Central,PRD-0040,Fashion & Apparel,ACC-0059,WH-01,1,35.59,Online Payment,2.1,True,False
ORD-0001929,2023-01-05,CUST-013985,Central,PRD-0055,Beauty & Health,ACC-0250,WH-01,1,61.54,Online Payment,1.7,True,False
ORD-0001930,2023-01-05,CUST-003852,South,PRD-0126,Home & Kitchen,ACC-0160,WH-03,2,116.3,Online Payment,3.3,True,False
ORD-0001931,2023-01-05,CUST-009110,Central,PRD-0001,Mobile & Tablet,ACC-0222,WH-01,1,214.68,Online Payment,1.9,True,False
ORD-0001932,2023-01-05,CUST-007488,West,PRD-0109,Grocery & Gourmet,ACC-0070,WH-05,1,11.48,Online Payment,3.8,True,False
ORD-0001933,2023-01-05,CUST-017425,Central,PRD-0152,Sports & Outdoor,ACC-0131,WH-01,2,109.56,Cash on Delivery,2.2,True,False
ORD-0001934,2023-01-05,CUST-008835,Central,PRD-0075,Books & Media,ACC-0115,WH-01,2,43.72,Online Payment,2.5,True,False
ORD-0001935,2023-01-05,CUST-017593,South,PRD-0045,Fashion & Apparel,ACC-0110,WH-03,3,70.38,Online Payment,3.8,True,True
ORD-0001936,2023-01-05,CUST-012617,South,PRD-0148,Sports & Outdoor,ACC-0138,WH-03,1,135.55,Cash on Delivery,3.1,True,False
ORD-0001937,2023-01-05,CUST-035328,South,PRD-0044,Fashion & Apparel,ACC-0152,WH-01,3,235.41,Installment Plan,2.1,True,False
ORD-0001938,2023-01-05,CUST-000933,South,PRD-0131,Home & Kitchen,ACC-0049,WH-03,2,204.22,Online Payment,3.2,True,False
ORD-0001939,2023-01-05,CUST-022413,South,PRD-0073,Books & Media,ACC-0249,WH-01,3,60.96,Wallet Credit,2.5,True,False
ORD-0001940,2023-01-05,CUST-003359,Central,PRD-0119,Grocery & Gourmet,ACC-0195,WH-01,1,15.1,Online Payment,2.3,True,False
ORD-0001941,2023-01-05,CUST-000933,South,PRD-0138,Sports & Outdoor,ACC-0099,WH-03,3,320.76,Online Payment,3.0,True,False
ORD-0001942,2023-01-05,CUST-034860,Central,PRD-0099,Digital Goods,ACC-0208,WH-01,1,23.27,Wallet Credit,2.7,True,False
ORD-0001943,2023-01-05,CUST-012234,Central,PRD-0132,Home & Kitchen,ACC-0100,WH-01,1,66.35,Installment Plan,1.8,True,False
ORD-0001944,2023-01-05,CUST-019593,West,PRD-0021,Home Appliances,ACC-0094,WH-05,1,119.48,Cash on Delivery,4.1,False,False
ORD-0001945,2023-01-05,CUST-023675,Central,PRD-0022,Home Appliances,ACC-0100,WH-01,1,265.81,Cash on Delivery,2.3,True,False
ORD-0001946,2023-01-05,CUST-006320,East,PRD-0110,Grocery & Gourmet,ACC-0260,WH-04,1,47.39,Online Payment,4.2,False,False
ORD-0001947,2023-01-05,CUST-000890,Central,PRD-0030,Home Appliances,ACC-0249,WH-01,2,291.52,Cash on Delivery,1.7,True,False
ORD-0001948,2023-01-05,CUST-018222,South,PRD-0134,Home & Kitchen,ACC-0034,WH-03,1,117.79,Wallet Credit,3.1,True,False
ORD-0001949,2023-01-05,CUST-034784,Central,PRD-0062,Beauty & Health,ACC-0122,WH-01,2,78.38,Online Payment,2.4,True,False
ORD-0001950,2023-01-05,CUST-001442,South,PRD-0079,Books & Media,ACC-0179,WH-03,1,9.98,Cash on Delivery,2.8,True,False
ORD-0001951,2023-01-05,CUST-014529,Central,PRD-0146,Sports & Outdoor,ACC-0235,WH-01,3,282.69,Cash on Delivery,2.2,True,False
ORD-0001952,2023-01-05,CUST-007672,South,PRD-0026,Home Appliances,ACC-0215,WH-03,2,638.3,Online Payment,3.3,True,False
ORD-0001953,2023-01-05,CUST-020632,Central,PRD-0119,Grocery & Gourmet,ACC-0211,WH-01,2,30.2,Cash on Delivery,2.5,True,False
ORD-0001954,2023-01-05,CUST-013831,Central,PRD-0077,Books & Media,ACC-0260,WH-01,1,15.55,Online Payment,2.5,True,False
ORD-0001955,2023-01-05,CUST-019538,Central,PRD-0081,Books & Media,ACC-0200,WH-01,2,22.14,Online Payment,2.0,True,False
ORD-0001956,2023-01-05,CUST-000580,South,PRD-0130,Home & Kitchen,ACC-0069,WH-01,1,30.56,Cash on Delivery,2.2,True,True
ORD-0001957,2023-01-05,CUST-015409,East,PRD-0018,Home Appliances,ACC-0147,WH-04,1,305.22,Cash on Delivery,4.4,False,False
ORD-0001958,2023-01-05,CUST-028045,North,PRD-0017,Mobile & Tablet,ACC-0053,WH-02,1,186.87,Installment Plan,3.0,True,False
ORD-0001959,2023-01-05,CUST-010930,North,PRD-0013,Mobile & Tablet,ACC-0235,WH-02,2,704.4,Wallet Credit,2.8,True,False
ORD-0001960,2023-01-05,CUST-009681,South,PRD-0135,Home & Kitchen,ACC-0014,WH-03,3,266.01,Online Payment,3.0,True,False
ORD-0001961,2023-01-05,CUST-022106,East,PRD-0092,Digital Goods,ACC-0146,WH-04,1,19.67,Online Payment,3.2,True,False
ORD-0001962,2023-01-05,CUST-010151,East,PRD-0089,Digital Goods,ACC-0063,WH-04,2,72.84,Wallet Credit,3.1,True,False
ORD-0001963,2023-01-05,CUST-031879,West,PRD-0107,Grocery & Gourmet,ACC-0052,WH-01,1,29.08,Installment Plan,2.3,True,False
ORD-0001964,2023-01-05,CUST-011891,Central,PRD-0089,Digital Goods,ACC-0084,WH-01,1,36.42,Installment Plan,1.8,True,False
ORD-0001965,2023-01-05,CUST-014458,North,PRD-0061,Beauty & Health,ACC-0197,WH-02,2,26.3,Online Payment,3.0,True,False
ORD-0001966,2023-01-05,CUST-025546,Central,PRD-0034,Home Appliances,ACC-0135,WH-01,2,265.96,Online Payment,2.6,True,False
ORD-0001967,2023-01-05,CUST-016326,West,PRD-0110,Grocery & Gourmet,ACC-0141,WH-05,2,94.78,Online Payment,3.2,True,False
ORD-0001968,2023-01-05,CUST-033992,South,PRD-0086,Digital Goods,ACC-0027,WH-03,1,24.99,Online Payment,3.2,True,False
ORD-0001969,2023-01-05,CUST-013100,South,PRD-0048,Fashion & Apparel,ACC-0103,WH-03,2,143.16,Online Payment,3.2,True,False
ORD-0001970,2023-01-05,CUST-034037,Central,PRD-0152,Sports & Outdoor,ACC-0142,WH-01,1,54.78,Online Payment,2.5,True,False
ORD-0001971,2023-01-05,CUST-028823,North,PRD-0046,Fashion & Apparel,ACC-0194,WH-02,1,37.85,Online Payment,3.0,True,True
ORD-0001972,2023-01-05,CUST-001185,East,PRD-0060,Beauty & Health,ACC-0131,WH-04,1,41.99,Online Payment,3.7,True,False
ORD-0001973,2023-01-05,CUST-027310,East,PRD-0038,Fashion & Apparel,ACC-0013,WH-04,2,83.46,Online Payment,3.8,True,False
ORD-0001974,2023-01-05,CUST-031920,Central,PRD-0137,Sports & Outdoor,ACC-0045,WH-01,2,220.64,Cash on Delivery,2.9,True,False
ORD-0001975,2023-01-05,CUST-019903,North,PRD-0110,Grocery & Gourmet,ACC-0250,WH-02,1,47.39,Online Payment,2.7,True,False
ORD-0001976,2023-01-05,CUST-024474,Central,PRD-0048,Fashion & Apparel,ACC-0214,WH-01,2,143.16,Online Payment,2.4,True,False
ORD-0001977,2023-01-05,CUST-011921,Central,PRD-0143,Sports & Outdoor,ACC-0202,WH-01,1,45.69,Cash on Delivery,3.3,False,False
ORD-0001978,2023-01-05,CUST-020724,East,PRD-0022,Home Appliances,ACC-0079,WH-04,1,265.81,Installment Plan,3.3,True,False
ORD-0001979,2023-01-05,CUST-007318,Central,PRD-0055,Beauty & Health,ACC-0202,WH-01,2,123.08,Cash on Delivery,2.3,True,False
ORD-0001980,2023-01-05,CUST-021792,Central,PRD-0103,Grocery & Gourmet,ACC-0043,WH-01,3,77.28,Online Payment,2.5,True,False
ORD-0001981,2023-01-05,CUST-005006,Central,PRD-0047,Fashion & Apparel,ACC-0251,WH-01,2,156.18,Online Payment,1.7,True,False
ORD-0001982,2023-01-05,CUST-019635,East,PRD-0116,Grocery & Gourmet,ACC-0102,WH-04,3,117.42,Online Payment,3.4,True,False
ORD-0001983,2023-01-05,CUST-029525,North,PRD-0111,Grocery & Gourmet,ACC-0124,WH-02,2,96.08,Online Payment,3.3,True,False
ORD-0001984,2023-01-05,CUST-007049,North,PRD-0072,Books & Media,ACC-0131,WH-02,1,5.87,Wallet Credit,3.6,True,False
ORD-0001985,2023-01-05,CUST-008052,Central,PRD-0094,Digital Goods,ACC-0013,WH-01,3,93.99,Wallet Credit,1.7,True,False
ORD-0001986,2023-01-05,CUST-019108,East,PRD-0015,Mobile & Tablet,ACC-0158,WH-04,1,666.81,Online Payment,3.1,True,False
ORD-0001987,2023-01-05,CUST-026802,Central,PRD-0039,Fashion & Apparel,ACC-0057,WH-01,2,115.9,Online Payment,2.5,True,False
ORD-0001988,2023-01-05,CUST-028277,Central,PRD-0023,Home Appliances,ACC-0147,WH-01,1,528.07,Online Payment,1.9,True,False
ORD-0001989,2023-01-05,CUST-017851,East,PRD-0050,Fashion & Apparel,ACC-0064,WH-04,1,30.13,Online Payment,3.7,True,False
ORD-0001990,2023-01-05,CUST-024872,East,PRD-0149,Sports & Outdoor,ACC-0063,WH-04,1,81.88,Cash on Delivery,3.6,True,False
ORD-0001991,2023-01-05,CUST-012639,North,PRD-0023,Home Appliances,ACC-0153,WH-02,1,528.07,Online Payment,3.4,True,False
ORD-0001992,2023-01-05,CUST-028908,North,PRD-0129,Home & Kitchen,ACC-0218,WH-02,1,37.2,Installment Plan,3.0,True,False
ORD-0001993,2023-01-05,CUST-008624,Central,PRD-0013,Mobile & Tablet,ACC-0251,WH-01,1,352.2,Wallet Credit,3.5,False,False
ORD-0001994,2023-01-05,CUST-002766,West,PRD-0105,Grocery & Gourmet,ACC-0073,WH-05,3,75.54,Wallet Credit,4.3,False,False
ORD-0001995,2023-01-05,CUST-024034,East,PRD-0102,Digital Goods,ACC-0035,WH-04,1,27.27,Online Payment,3.3,True,False
ORD-0001996,2023-01-05,CUST-004537,West,PRD-0104,Grocery & Gourmet,ACC-0196,WH-05,1,14.26,Wallet Credit,3.9,True,False
ORD-0001997,2023-01-05,CUST-016773,South,PRD-0056,Beauty & Health,ACC-0216,WH-03,2,47.02,Installment Plan,3.1,True,False
ORD-0001998,2023-01-05,CUST-001622,North,PRD-0033,Home Appliances,ACC-0126,WH-02,2,899.94,Wallet Credit,2.6,True,False
ORD-0001999,2023-01-05,CUST-025171,West,PRD-0079,Books & Media,ACC-0103,WH-05,1,9.98,Online Payment,3.4,True,False
ORD-0002000,2023-01-05,CUST-005236,West,PRD-0135,Home & Kitchen,ACC-0023,WH-05,1,88.67,Online Payment,4.1,False,False
ORD-0002001,2023-01-05,CUST-006392,South,PRD-0040,Fashion & Apparel,ACC-0026,WH-03,2,71.18,Online Payment,3.0,True,False
ORD-0002002,2023-01-05,CUST-000015,West,PRD-0020,Home Appliances,ACC-0113,WH-05,2,1051.74,Online Payment,4.2,False,False
ORD-0002003,2023-01-05,CUST-008569,Central,PRD-0110,Grocery & Gourmet,ACC-0227,WH-01,1,47.39,Cash on Delivery,3.4,False,False
ORD-0002004,2023-01-05,CUST-034698,South,PRD-0026,Home Appliances,ACC-0058,WH-03,2,638.3,Online Payment,3.4,True,False
ORD-0002005,2023-01-05,CUST-031224,East,PRD-0024,Home Appliances,ACC-0171,WH-04,1,262.8,Online Payment,3.8,True,False
ORD-0002006,2023-01-05,CUST-033821,Central,PRD-0099,Digital Goods,ACC-0065,WH-01,2,46.54,Online Payment,2.1,True,True
ORD-0002007,2023-01-05,CUST-016019,Central,PRD-0003,Mobile & Tablet,ACC-0198,WH-01,1,226.53,Cash on Delivery,3.1,False,False
ORD-0002008,2023-01-05,CUST-009680,East,PRD-0127,Home & Kitchen,ACC-0167,WH-04,1,113.98,Online Payment,4.5,False,False
ORD-0002009,2023-01-05,CUST-018171,West,PRD-0067,Beauty & Health,ACC-0077,WH-05,1,15.54,Cash on Delivery,3.1,True,False
ORD-0002010,2023-01-05,CUST-017730,West,PRD-0066,Beauty & Health,ACC-0027,WH-01,1,57.2,Online Payment,2.1,True,False
ORD-0002011,2023-01-05,CUST-000310,North,PRD-0051,Fashion & Apparel,ACC-0186,WH-02,1,29.63,Installment Plan,3.5,True,False
ORD-0002012,2023-01-05,CUST-030849,Central,PRD-0136,Home & Kitchen,ACC-0235,WH-01,1,40.13,Wallet Credit,1.8,True,False
ORD-0002013,2023-01-05,CUST-024368,Central,PRD-0048,Fashion & Apparel,ACC-0152,WH-01,1,71.58,Online Payment,3.1,False,False
ORD-0002014,2023-01-05,CUST-025709,Central,PRD-0007,Mobile & Tablet,ACC-0208,WH-01,1,541.66,Cash on Delivery,2.5,True,False
ORD-0002015,2023-01-05,CUST-027999,East,PRD-0033,Home Appliances,ACC-0039,WH-04,3,1349.91,Online Payment,3.3,True,False
ORD-0002016,2023-01-05,CUST-025704,East,PRD-0114,Grocery & Gourmet,ACC-0056,WH-04,1,30.24,Online Payment,3.4,True,False
ORD-0002017,2023-01-05,CUST-025636,South,PRD-0143,Sports & Outdoor,ACC-0160,WH-03,2,91.38,Online Payment,2.8,True,False
ORD-0002018,2023-01-05,CUST-018462,Central,PRD-0133,Home & Kitchen,ACC-0001,WH-01,3,334.05,Online Payment,2.0,True,False
ORD-0002019,2023-01-05,CUST-031900,Central,PRD-0045,Fashion & Apparel,ACC-0122,WH-01,1,23.46,Online Payment,2.8,True,False
ORD-0002020,2023-01-05,CUST-035341,West,PRD-0038,Fashion & Apparel,ACC-0086,WH-05,1,41.73,Online Payment,3.6,True,False
ORD-0002021,2023-01-05,CUST-029858,North,PRD-0002,Mobile & Tablet,ACC-0122,WH-01,2,1008.24,Online Payment,2.5,True,False
ORD-0002022,2023-01-05,CUST-000607,East,PRD-0136,Home & Kitchen,ACC-0126,WH-04,1,40.13,Online Payment,3.9,True,False
ORD-0002023,2023-01-05,CUST-006808,Central,PRD-0123,Home & Kitchen,ACC-0110,WH-01,1,82.38,Online Payment,1.9,True,False
ORD-0002024,2023-01-05,CUST-008298,West,PRD-0134,Home & Kitchen,ACC-0190,WH-05,2,235.58,Online Payment,4.6,False,False
ORD-0002025,2023-01-05,CUST-022727,Central,PRD-0110,Grocery & Gourmet,ACC-0045,WH-01,1,47.39,Online Payment,1.9,True,False
ORD-0002026,2023-01-05,CUST-016114,West,PRD-0044,Fashion & Apparel,ACC-0249,WH-05,1,78.47,Wallet Credit,3.2,True,False
ORD-0002027,2023-01-05,CUST-004570,West,PRD-0100,Digital Goods,ACC-0171,WH-05,1,10.71,Online Payment,3.3,True,False
ORD-0002028,2023-01-05,CUST-026070,Central,PRD-0084,Books & Media,ACC-0062,WH-01,2,20.72,Online Payment,2.6,True,False
ORD-0002029,2023-01-05,CUST-020179,North,PRD-0081,Books & Media,ACC-0057,WH-02,1,11.07,Installment Plan,2.8,True,False
ORD-0002030,2023-01-05,CUST-012191,South,PRD-0004,Mobile & Tablet,ACC-0100,WH-03,2,358.2,Installment Plan,3.0,True,False
ORD-0002031,2023-01-05,CUST-014039,North,PRD-0095,Digital Goods,ACC-0258,WH-02,2,65.14,Cash on Delivery,3.4,True,False
ORD-0002032,2023-01-05,CUST-008369,East,PRD-0051,Fashion & Apparel,ACC-0204,WH-04,2,59.26,Wallet Credit,3.5,True,True
ORD-0002033,2023-01-05,CUST-017349,West,PRD-0113,Grocery & Gourmet,ACC-0216,WH-05,1,17.01,Installment Plan,3.7,True,False
ORD-0002034,2023-01-05,CUST-014304,South,PRD-0045,Fashion & Apparel,ACC-0230,WH-03,1,23.46,Online Payment,3.0,True,False
ORD-0002035,2023-01-05,CUST-002834,West,PRD-0001,Mobile & Tablet,ACC-0074,WH-05,1,214.68,Wallet Credit,4.1,False,False
ORD-0002036,2023-01-05,CUST-020278,Central,PRD-0131,Home & Kitchen,ACC-0081,WH-01,2,204.22,Online Payment,2.1,True,False
ORD-0002037,2023-01-05,CUST-005275,South,PRD-0065,Beauty & Health,ACC-0187,WH-03,1,27.09,Online Payment,3.8,True,False
ORD-0002038,2023-01-05,CUST-013962,East,PRD-0020,Home Appliances,ACC-0052,WH-04,2,1051.74,Cash on Delivery,3.0,True,False
ORD-0002039,2023-01-05,CUST-019389,Central,PRD-0065,Beauty & Health,ACC-0013,WH-01,1,27.09,Cash on Delivery,1.8,True,False
ORD-0002040,2023-01-05,CUST-033821,Central,PRD-0039,Fashion & Apparel,ACC-0255,WH-01,2,115.9,Online Payment,1.8,True,False
ORD-0002041,2023-01-05,CUST-027632,Central,PRD-0009,Mobile & Tablet,ACC-0172,WH-01,3,1638.78,Wallet Credit,2.8,True,False
ORD-0002042,2023-01-05,CUST-019787,Central,PRD-0023,Home Appliances,ACC-0189,WH-01,1,528.07,Online Payment,1.9,True,True
ORD-0002043,2023-01-05,CUST-009505,East,PRD-0035,Fashion & Apparel,ACC-0096,WH-04,3,271.68,Cash on Delivery,3.4,True,False
ORD-0002044,2023-01-05,CUST-007568,North,PRD-0023,Home Appliances,ACC-0015,WH-02,2,1056.14,Online Payment,2.6,True,False
ORD-0002045,2023-01-05,CUST-022627,Central,PRD-0062,Beauty & Health,ACC-0157,WH-01,1,39.19,Installment Plan,2.1,True,False
ORD-0002046,2023-01-05,CUST-022084,South,PRD-0080,Books & Media,ACC-0136,WH-03,3,37.56,Cash on Delivery,3.6,True,False
ORD-0002047,2023-01-05,CUST-030366,West,PRD-0118,Grocery & Gourmet,ACC-0009,WH-05,1,47.24,Online Payment,3.1,True,False
ORD-0002048,2023-01-05,CUST-025283,Central,PRD-0085,Books & Media,ACC-0230,WH-01,1,6.87,Wallet Credit,2.0,True,False
ORD-0002049,2023-01-05,CUST-001269,North,PRD-0033,Home Appliances,ACC-0117,WH-02,2,899.94,Online Payment,3.8,True,False
ORD-0002050,2023-01-05,CUST-008738,North,PRD-0133,Home & Kitchen,ACC-0188,WH-02,1,111.35,Installment Plan,2.7,True,False
ORD-0002051,2023-01-05,CUST-030513,West,PRD-0019,Home Appliances,ACC-0104,WH-05,2,838.26,Online Payment,3.8,True,False
ORD-0002052,2023-01-05,CUST-035288,Central,PRD-0017,Mobile & Tablet,ACC-0072,WH-01,1,186.87,Online Payment,3.0,True,False
ORD-0002053,2023-01-05,CUST-034057,North,PRD-0059,Beauty & Health,ACC-0140,WH-02,1,36.31,Cash on Delivery,3.9,True,False
ORD-0002054,2023-01-05,CUST-005308,South,PRD-0017,Mobile & Tablet,ACC-0137,WH-01,1,186.87,Cash on Delivery,3.4,False,True
ORD-0002055,2023-01-05,CUST-010824,East,PRD-0118,Grocery & Gourmet,ACC-0246,WH-04,3,141.72,Wallet Credit,3.4,True,False
ORD-0002056,2023-01-05,CUST-018381,Central,PRD-0118,Grocery & Gourmet,ACC-0136,WH-01,2,94.48,Online Payment,2.3,True,False
ORD-0002057,2023-01-05,CUST-017792,South,PRD-0020,Home Appliances,ACC-0234,WH-03,2,1051.74,Online Payment,4.4,False,False
ORD-0002058,2023-01-05,CUST-009635,Central,PRD-0021,Home Appliances,ACC-0056,WH-01,3,358.44,Cash on Delivery,3.1,False,False
ORD-0002059,2023-01-05,CUST-000833,South,PRD-0063,Beauty & Health,ACC-0045,WH-01,2,55.14,Online Payment,2.2,True,False
ORD-0002060,2023-01-05,CUST-017325,South,PRD-0120,Home & Kitchen,ACC-0254,WH-03,1,72.26,Cash on Delivery,4.6,False,False
ORD-0002061,2023-01-05,CUST-009013,Central,PRD-0142,Sports & Outdoor,ACC-0116,WH-01,3,249.51,Online Payment,2.6,True,False
ORD-0002062,2023-01-05,CUST-011515,East,PRD-0005,Mobile & Tablet,ACC-0024,WH-04,1,716.38,Cash on Delivery,3.8,True,False
ORD-0002063,2023-01-05,CUST-025183,Central,PRD-0137,Sports & Outdoor,ACC-0005,WH-01,2,220.64,Online Payment,3.2,False,False
ORD-0002064,2023-01-05,CUST-019285,Central,PRD-0137,Sports & Outdoor,ACC-0076,WH-01,1,110.32,Wallet Credit,2.0,True,False
ORD-0002065,2023-01-05,CUST-026227,North,PRD-0109,Grocery & Gourmet,ACC-0031,WH-02,1,11.48,Online Payment,2.6,True,False
ORD-0002066,2023-01-05,CUST-023666,Central,PRD-0032,Home Appliances,ACC-0009,WH-01,1,322.23,Wallet Credit,2.5,True,False
ORD-0002067,2023-01-05,CUST-023459,South,PRD-0043,Fashion & Apparel,ACC-0136,WH-03,1,53.32,Online Payment,3.1,True,False
ORD-0002068,2023-01-05,CUST-023924,West,PRD-0099,Digital Goods,ACC-0206,WH-05,2,46.54,Online Payment,3.9,True,False
ORD-0002069,2023-01-05,CUST-019092,West,PRD-0017,Mobile & Tablet,ACC-0237,WH-05,2,373.74,Online Payment,3.6,True,False
ORD-0002070,2023-01-05,CUST-012617,South,PRD-0122,Home & Kitchen,ACC-0160,WH-03,2,120.42,Online Payment,3.7,True,False
ORD-0002071,2023-01-05,CUST-002265,East,PRD-0007,Mobile & Tablet,ACC-0118,WH-04,1,541.66,Cash on Delivery,3.4,True,False
ORD-0002072,2023-01-05,CUST-003797,North,PRD-0094,Digital Goods,ACC-0096,WH-02,2,62.66,Online Payment,2.9,True,False
ORD-0002073,2023-01-05,CUST-035403,East,PRD-0147,Sports & Outdoor,ACC-0005,WH-04,1,131.3,Cash on Delivery,3.4,True,False
ORD-0002074,2023-01-05,CUST-018381,Central,PRD-0084,Books & Media,ACC-0015,WH-01,1,10.36,Online Payment,2.0,True,False
ORD-0002075,2023-01-05,CUST-028260,West,PRD-0055,Beauty & Health,ACC-0173,WH-05,1,61.54,Online Payment,3.5,True,False
ORD-0002076,2023-01-05,CUST-000847,Central,PRD-0135,Home & Kitchen,ACC-0173,WH-01,1,88.67,Installment Plan,2.4,True,False
ORD-0002077,2023-01-05,CUST-034015,Central,PRD-0088,Digital Goods,ACC-0149,WH-01,1,32.6,Installment Plan,2.8,True,False
ORD-0002078,2023-01-05,CUST-006118,Central,PRD-0040,Fashion & Apparel,ACC-0132,WH-01,2,71.18,Cash on Delivery,2.4,True,False
ORD-0002079,2023-01-05,CUST-027470,North,PRD-0133,Home & Kitchen,ACC-0157,WH-02,1,111.35,Online Payment,3.8,True,False
ORD-0002080,2023-01-05,CUST-016507,South,PRD-0020,Home Appliances,ACC-0042,WH-03,3,1577.61,Cash on Delivery,4.9,False,False
ORD-0002081,2023-01-05,CUST-015181,Central,PRD-0009,Mobile & Tablet,ACC-0031,WH-01,3,1638.78,Online Payment,2.0,True,False
ORD-0002082,2023-01-05,CUST-006665,Central,PRD-0078,Books & Media,ACC-0230,WH-01,2,35.76,Cash on Delivery,2.0,True,False
ORD-0002083,2023-01-05,CUST-034402,West,PRD-0037,Fashion & Apparel,ACC-0211,WH-05,2,51.06,Online Payment,3.7,True,False
ORD-0002084,2023-01-05,CUST-015500,East,PRD-0037,Fashion & Apparel,ACC-0158,WH-04,1,25.53,Cash on Delivery,3.4,True,False
ORD-0002085,2023-01-05,CUST-015743,West,PRD-0126,Home & Kitchen,ACC-0134,WH-05,1,58.15,Online Payment,3.4,True,False
ORD-0002086,2023-01-05,CUST-018190,North,PRD-0032,Home Appliances,ACC-0130,WH-02,1,322.23,Cash on Delivery,3.2,True,False
ORD-0002087,2023-01-05,CUST-033703,Central,PRD-0029,Home Appliances,ACC-0162,WH-01,1,248.48,Online Payment,2.6,True,False
ORD-0002088,2023-01-05,CUST-012236,Central,PRD-0134,Home & Kitchen,ACC-0052,WH-01,3,353.37,Online Payment,1.9,True,False
ORD-0002089,2023-01-05,CUST-020291,East,PRD-0076,Books & Media,ACC-0255,WH-04,1,7.78,Online Payment,3.7,True,False
ORD-0002090,2023-01-05,CUST-013951,West,PRD-0085,Books & Media,ACC-0108,WH-05,2,13.74,Online Payment,3.7,True,False
ORD-0002091,2023-01-05,CUST-009642,South,PRD-0077,Books & Media,ACC-0094,WH-03,1,15.55,Online Payment,4.6,False,False
ORD-0002092,2023-01-05,CUST-003359,Central,PRD-0020,Home Appliances,ACC-0226,WH-01,2,1051.74,Cash on Delivery,3.3,False,False
ORD-0002093,2023-01-05,CUST-028812,Central,PRD-0151,Sports & Outdoor,ACC-0057,WH-01,1,30.86,Cash on Delivery,1.9,True,False
ORD-0002094,2023-01-05,CUST-013875,Central,PRD-0100,Digital Goods,ACC-0252,WH-01,1,10.71,Online Payment,2.5,True,False
ORD-0002095,2023-01-05,CUST-032049,Central,PRD-0088,Digital Goods,ACC-0062,WH-01,1,32.6,Online Payment,2.4,True,False
ORD-0002096,2023-01-05,CUST-004172,North,PRD-0056,Beauty & Health,ACC-0010,WH-01,2,47.02,Cash on Delivery,2.2,True,True
ORD-0002097,2023-01-05,CUST-029294,Central,PRD-0120,Home & Kitchen,ACC-0132,WH-01,1,72.26,Installment Plan,2.2,True,False
ORD-0002098,2023-01-05,CUST-016441,West,PRD-0126,Home & Kitchen,ACC-0124,WH-05,1,58.15,Online Payment,3.6,True,False
ORD-0002099,2023-01-05,CUST-012537,Central,PRD-0077,Books & Media,ACC-0187,WH-01,2,31.1,Online Payment,2.0,True,False
ORD-0002100,2023-01-05,CUST-029085,East,PRD-0028,Home Appliances,ACC-0160,WH-04,2,999.76,Online Payment,3.5,True,False
ORD-0002101,2023-01-05,CUST-015208,East,PRD-0093,Digital Goods,ACC-0052,WH-04,2,71.2,Cash on Delivery,3.7,True,False
ORD-0002102,2023-01-05,CUST-010801,North,PRD-0097,Digital Goods,ACC-0091,WH-02,1,25.18,Online Payment,2.6,True,False
ORD-0002103,2023-01-05,CUST-030069,West,PRD-0124,Home & Kitchen,ACC-0152,WH-05,1,26.46,Online Payment,3.5,True,False
ORD-0002104,2023-01-05,CUST-024873,South,PRD-0101,Digital Goods,ACC-0001,WH-03,1,19.23,Online Payment,4.3,False,False
ORD-0002105,2023-01-05,CUST-033743,Central,PRD-0088,Digital Goods,ACC-0069,WH-01,2,65.2,Online Payment,2.3,True,False
ORD-0002106,2023-01-05,CUST-006063,East,PRD-0094,Digital Goods,ACC-0211,WH-04,2,62.66,Cash on Delivery,3.8,True,False
ORD-0002107,2023-01-05,CUST-021017,West,PRD-0006,Mobile & Tablet,ACC-0159,WH-05,1,361.82,Installment Plan,3.8,True,False
ORD-0002108,2023-01-05,CUST-016934,Central,PRD-0151,Sports & Outdoor,ACC-0043,WH-01,2,61.72,Wallet Credit,2.3,True,False
ORD-0002109,2023-01-05,CUST-006796,Central,PRD-0051,Fashion & Apparel,ACC-0051,WH-01,1,29.63,Online Payment,2.3,True,False
ORD-0002110,2023-01-05,CUST-029107,North,PRD-0089,Digital Goods,ACC-0032,WH-01,1,36.42,Wallet Credit,2.1,True,False
ORD-0002111,2023-01-05,CUST-028823,North,PRD-0146,Sports & Outdoor,ACC-0087,WH-02,3,282.69,Wallet Credit,3.1,True,False
ORD-0002112,2023-01-05,CUST-018163,Central,PRD-0083,Books & Media,ACC-0089,WH-01,1,19.34,Online Payment,2.3,True,False
ORD-0002113,2023-01-05,CUST-004701,East,PRD-0033,Home Appliances,ACC-0168,WH-04,2,899.94,Cash on Delivery,3.9,True,False
ORD-0002114,2023-01-05,CUST-004088,Central,PRD-0020,Home Appliances,ACC-0072,WH-01,3,1577.61,Online Payment,2.1,True,True
ORD-0002115,2023-01-05,CUST-026527,East,PRD-0045,Fashion & Apparel,ACC-0052,WH-04,2,46.92,Online Payment,3.7,True,False
ORD-0002116,2023-01-05,CUST-035944,South,PRD-0116,Grocery & Gourmet,ACC-0017,WH-03,2,78.28,Cash on Delivery,3.1,True,False
ORD-0002117,2023-01-05,CUST-013152,South,PRD-0057,Beauty & Health,ACC-0096,WH-03,1,14.27,Online Payment,3.2,True,False
ORD-0002118,2023-01-05,CUST-017761,West,PRD-0004,Mobile & Tablet,ACC-0088,WH-05,3,537.3,Online Payment,3.7,True,False
ORD-0002119,2023-01-05,CUST-010887,West,PRD-0051,Fashion & Apparel,ACC-0088,WH-01,1,29.63,Cash on Delivery,2.3,True,False
ORD-0002120,2023-01-05,CUST-011980,South,PRD-0089,Digital Goods,ACC-0252,WH-03,2,72.84,Online Payment,4.2,False,False
ORD-0002121,2023-01-05,CUST-005336,Central,PRD-0072,Books & Media,ACC-0253,WH-01,1,5.87,Online Payment,2.0,True,False
ORD-0002122,2023-01-05,CUST-014070,North,PRD-0001,Mobile & Tablet,ACC-0013,WH-02,2,429.36,Online Payment,2.8,True,False
ORD-0002123,2023-01-05,CUST-033652,Central,PRD-0064,Beauty & Health,ACC-0216,WH-01,2,57.88,Online Payment,3.0,True,False
ORD-0002124,2023-01-05,CUST-028260,West,PRD-0140,Sports & Outdoor,ACC-0199,WH-05,2,90.86,Wallet Credit,3.9,True,False
ORD-0002125,2023-01-05,CUST-033078,East,PRD-0095,Digital Goods,ACC-0208,WH-04,1,32.57,Wallet Credit,3.2,True,False
ORD-0002126,2023-01-05,CUST-029806,Central,PRD-0036,Fashion & Apparel,ACC-0126,WH-01,1,83.22,Wallet Credit,2.1,True,False
ORD-0002127,2023-01-05,CUST-009342,North,PRD-0011,Mobile & Tablet,ACC-0198,WH-02,1,736.32,Online Payment,4.0,True,False
ORD-0002128,2023-01-05,CUST-029477,North,PRD-0067,Beauty & Health,ACC-0121,WH-02,1,15.54,Cash on Delivery,2.9,True,False
ORD-0002129,2023-01-05,CUST-026660,Central,PRD-0107,Grocery & Gourmet,ACC-0144,WH-01,1,29.08,Online Payment,2.4,True,False
ORD-0002130,2023-01-05,CUST-023501,Central,PRD-0069,Books & Media,ACC-0206,WH-01,1,19.93,Online Payment,2.1,True,False
ORD-0002131,2023-01-05,CUST-028067,West,PRD-0055,Beauty & Health,ACC-0043,WH-05,3,184.62,Online Payment,3.3,True,False
ORD-0002132,2023-01-05,CUST-012980,East,PRD-0058,Beauty & Health,ACC-0009,WH-04,1,43.27,Online Payment,3.6,True,False
ORD-0002133,2023-01-05,CUST-004556,North,PRD-0077,Books & Media,ACC-0158,WH-02,3,46.65,Online Payment,3.4,True,False
ORD-0002134,2023-01-05,CUST-032076,South,PRD-0096,Digital Goods,ACC-0176,WH-03,2,51.06,Cash on Delivery,4.0,True,False
ORD-0002135,2023-01-05,CUST-004878,Central,PRD-0059,Beauty & Health,ACC-0234,WH-01,2,72.62,Online Payment,2.7,True,False
ORD-0002136,2023-01-05,CUST-034550,West,PRD-0063,Beauty & Health,ACC-0012,WH-05,1,27.57,Online Payment,3.2,True,False
ORD-0002137,2023-01-05,CUST-025345,West,PRD-0024,Home Appliances,ACC-0247,WH-05,1,262.8,Cash on Delivery,3.4,True,False
ORD-0002138,2023-01-05,CUST-024665,East,PRD-0098,Digital Goods,ACC-0191,WH-04,3,90.18,Online Payment,3.3,True,False
ORD-0002139,2023-01-05,CUST-005551,South,PRD-0104,Grocery & Gourmet,ACC-0009,WH-01,2,28.52,Wallet Credit,1.7,True,False
ORD-0002140,2023-01-05,CUST-008435,North,PRD-0008,Mobile & Tablet,ACC-0199,WH-02,1,220.44,Online Payment,2.9,True,False
ORD-0002141,2023-01-05,CUST-023314,Central,PRD-0037,Fashion & Apparel,ACC-0126,WH-01,2,51.06,Installment Plan,1.8,True,False
ORD-0002142,2023-01-05,CUST-001434,East,PRD-0059,Beauty & Health,ACC-0030,WH-04,2,72.62,Cash on Delivery,3.2,True,False
ORD-0002143,2023-01-05,CUST-013594,West,PRD-0074,Books & Media,ACC-0009,WH-05,3,63.66,Online Payment,3.4,True,False
ORD-0002144,2023-01-05,CUST-004938,East,PRD-0046,Fashion & Apparel,ACC-0091,WH-01,1,37.85,Online Payment,2.0,True,False
ORD-0002145,2023-01-05,CUST-027202,North,PRD-0128,Home & Kitchen,ACC-0211,WH-02,1,95.86,Installment Plan,2.7,True,False
ORD-0002146,2023-01-05,CUST-034141,West,PRD-0072,Books & Media,ACC-0141,WH-05,1,5.87,Cash on Delivery,3.3,True,False
ORD-0002147,2023-01-05,CUST-027749,South,PRD-0058,Beauty & Health,ACC-0142,WH-03,1,43.27,Online Payment,3.7,True,False
ORD-0002148,2023-01-05,CUST-001921,West,PRD-0040,Fashion & Apparel,ACC-0208,WH-05,1,35.59,Cash on Delivery,4.5,False,False
ORD-0002149,2023-01-05,CUST-027397,North,PRD-0041,Fashion & Apparel,ACC-0025,WH-02,1,38.91,Online Payment,3.3,True,False
ORD-0002150,2023-01-05,CUST-026131,West,PRD-0082,Books & Media,ACC-0131,WH-05,1,13.77,Online Payment,4.3,False,False
ORD-0002151,2023-01-05,CUST-013578,South,PRD-0066,Beauty & Health,ACC-0002,WH-03,1,57.2,Online Payment,3.5,True,False
ORD-0002152,2023-01-05,CUST-015051,South,PRD-0090,Digital Goods,ACC-0034,WH-03,1,16.88,Wallet Credit,2.9,True,False
ORD-0002153,2023-01-05,CUST-022144,Central,PRD-0105,Grocery & Gourmet,ACC-0132,WH-01,1,25.18,Cash on Delivery,2.6,True,False
ORD-0002154,2023-01-05,CUST-033657,South,PRD-0092,Digital Goods,ACC-0194,WH-03,2,39.34,Installment Plan,3.2,True,False
ORD-0002155,2023-01-05,CUST-027369,South,PRD-0074,Books & Media,ACC-0122,WH-01,3,63.66,Online Payment,1.9,True,False
ORD-0002156,2023-01-05,CUST-018760,West,PRD-0063,Beauty & Health,ACC-0013,WH-05,1,27.57,Cash on Delivery,3.6,True,False
ORD-0002157,2023-01-05,CUST-015181,Central,PRD-0105,Grocery & Gourmet,ACC-0146,WH-01,3,75.54,Online Payment,2.3,True,False
ORD-0002158,2023-01-05,CUST-012813,East,PRD-0114,Grocery & Gourmet,ACC-0015,WH-04,1,30.24,Online Payment,3.0,True,False
ORD-0002159,2023-01-05,CUST-003295,North,PRD-0028,Home Appliances,ACC-0103,WH-02,2,999.76,Wallet Credit,2.7,True,False
ORD-0002160,2023-01-05,CUST-024300,East,PRD-0037,Fashion & Apparel,ACC-0145,WH-04,1,25.53,Online Payment,3.5,True,False
ORD-0002161,2023-01-05,CUST-031261,South,PRD-0012,Mobile & Tablet,ACC-0183,WH-03,3,1424.64,Wallet Credit,3.1,True,False
ORD-0002162,2023-01-05,CUST-025790,South,PRD-0038,Fashion & Apparel,ACC-0184,WH-01,1,41.73,Online Payment,3.6,False,False
ORD-0002163,2023-01-05,CUST-030763,Central,PRD-0022,Home Appliances,ACC-0040,WH-01,2,531.62,Online Payment,2.1,True,False
ORD-0002164,2023-01-05,CUST-028377,East,PRD-0103,Grocery & Gourmet,ACC-0102,WH-04,2,51.52,Installment Plan,4.5,False,False
ORD-0002165,2023-01-05,CUST-029062,West,PRD-0108,Grocery & Gourmet,ACC-0215,WH-05,2,31.16,Wallet Credit,3.3,True,False
ORD-0002166,2023-01-05,CUST-010588,North,PRD-0097,Digital Goods,ACC-0085,WH-02,3,75.54,Online Payment,2.7,True,False
ORD-0002167,2023-01-05,CUST-021647,East,PRD-0034,Home Appliances,ACC-0087,WH-04,2,265.96,Wallet Credit,3.0,True,False
ORD-0002168,2023-01-05,CUST-034725,North,PRD-0018,Home Appliances,ACC-0101,WH-02,3,915.66,Cash on Delivery,3.1,True,False
ORD-0002169,2023-01-05,CUST-023311,South,PRD-0139,Sports & Outdoor,ACC-0006,WH-03,2,157.06,Cash on Delivery,3.3,True,False
ORD-0002170,2023-01-05,CUST-034826,East,PRD-0090,Digital Goods,ACC-0038,WH-04,3,50.64,Online Payment,3.4,True,False
ORD-0002171,2023-01-05,CUST-006800,Central,PRD-0128,Home & Kitchen,ACC-0257,WH-01,1,95.86,Cash on Delivery,2.0,True,False
ORD-0002172,2023-01-05,CUST-004191,Central,PRD-0117,Grocery & Gourmet,ACC-0138,WH-01,3,74.58,Cash on Delivery,2.2,True,False
ORD-0002173,2023-01-05,CUST-026420,West,PRD-0120,Home & Kitchen,ACC-0009,WH-05,2,144.52,Online Payment,3.3,True,False
ORD-0002174,2023-01-05,CUST-022492,Central,PRD-0093,Digital Goods,ACC-0177,WH-01,1,35.6,Wallet Credit,3.7,False,False
ORD-0002175,2023-01-05,CUST-014358,Central,PRD-0101,Digital Goods,ACC-0220,WH-01,1,19.23,Cash on Delivery,2.5,True,False
ORD-0002176,2023-01-05,CUST-017398,North,PRD-0075,Books & Media,ACC-0186,WH-02,1,21.86,Installment Plan,2.6,True,False
ORD-0002177,2023-01-05,CUST-004012,West,PRD-0126,Home & Kitchen,ACC-0226,WH-05,2,116.3,Online Payment,3.2,True,False
ORD-0002178,2023-01-05,CUST-030050,Central,PRD-0097,Digital Goods,ACC-0243,WH-01,1,25.18,Cash on Delivery,2.1,True,False
ORD-0002179,2023-01-05,CUST-028280,West,PRD-0066,Beauty & Health,ACC-0208,WH-05,3,171.6,Online Payment,4.3,False,False
ORD-0002180,2023-01-05,CUST-002824,East,PRD-0130,Home & Kitchen,ACC-0215,WH-04,1,30.56,Online Payment,3.9,True,False
ORD-0002181,2023-01-05,CUST-010216,North,PRD-0118,Grocery & Gourmet,ACC-0244,WH-02,3,141.72,Online Payment,3.5,True,False
ORD-0002182,2023-01-05,CUST-031462,Central,PRD-0116,Grocery & Gourmet,ACC-0241,WH-01,2,78.28,Online Payment,2.4,True,False
ORD-0002183,2023-01-05,CUST-004056,Central,PRD-0142,Sports & Outdoor,ACC-0057,WH-01,1,83.17,Wallet Credit,2.3,True,True
ORD-0002184,2023-01-05,CUST-015774,West,PRD-0140,Sports & Outdoor,ACC-0215,WH-01,2,90.86,Installment Plan,2.0,True,False
ORD-0002185,2023-01-05,CUST-006568,North,PRD-0012,Mobile & Tablet,ACC-0031,WH-02,1,474.88,Online Payment,2.8,True,False
ORD-0002186,2023-01-05,CUST-023794,West,PRD-0032,Home Appliances,ACC-0123,WH-05,1,322.23,Online Payment,3.5,True,False
ORD-0002187,2023-01-05,CUST-011687,South,PRD-0150,Sports & Outdoor,ACC-0009,WH-03,2,144.98,Cash on Delivery,3.6,True,False
ORD-0002188,2023-01-05,CUST-017722,North,PRD-0074,Books & Media,ACC-0256,WH-02,2,42.44,Online Payment,4.0,True,False
ORD-0002189,2023-01-05,CUST-001844,Central,PRD-0072,Books & Media,ACC-0105,WH-01,2,11.74,Online Payment,2.8,True,False
ORD-0002190,2023-01-05,CUST-012999,East,PRD-0103,Grocery & Gourmet,ACC-0131,WH-04,2,51.52,Cash on Delivery,3.4,True,False
ORD-0002191,2023-01-05,CUST-029733,Central,PRD-0028,Home Appliances,ACC-0139,WH-01,2,999.76,Online Payment,2.8,True,False
ORD-0002192,2023-01-05,CUST-022947,South,PRD-0053,Beauty & Health,ACC-0018,WH-03,1,49.47,Wallet Credit,3.5,True,False
ORD-0002193,2023-01-05,CUST-004199,Central,PRD-0003,Mobile & Tablet,ACC-0204,WH-01,1,226.53,Online Payment,1.9,True,False
ORD-0002194,2023-01-05,CUST-034367,Central,PRD-0106,Grocery & Gourmet,ACC-0170,WH-01,1,28.58,Online Payment,2.1,True,False
ORD-0002195,2023-01-05,CUST-029034,East,PRD-0009,Mobile & Tablet,ACC-0147,WH-04,3,1638.78,Online Payment,3.5,True,False
ORD-0002196,2023-01-05,CUST-015127,Central,PRD-0086,Digital Goods,ACC-0157,WH-01,1,24.99,Wallet Credit,3.0,True,False
ORD-0002197,2023-01-05,CUST-035746,Central,PRD-0011,Mobile & Tablet,ACC-0039,WH-01,1,736.32,Cash on Delivery,2.0,True,False
ORD-0002198,2023-01-05,CUST-030155,West,PRD-0090,Digital Goods,ACC-0181,WH-05,1,16.88,Online Payment,3.5,True,False
ORD-0002199,2023-01-05,CUST-034435,Central,PRD-0117,Grocery & Gourmet,ACC-0030,WH-01,2,49.72,Cash on Delivery,2.2,True,False
ORD-0002200,2023-01-05,CUST-012746,East,PRD-0056,Beauty & Health,ACC-0134,WH-04,1,23.51,Cash on Delivery,3.2,True,False
ORD-0002201,2023-01-05,CUST-033154,West,PRD-0022,Home Appliances,ACC-0105,WH-05,2,531.62,Installment Plan,3.5,True,False
ORD-0002202,2023-01-05,CUST-010974,East,PRD-0080,Books & Media,ACC-0246,WH-04,3,37.56,Installment Plan,3.2,True,False
ORD-0002203,2023-01-05,CUST-010256,West,PRD-0007,Mobile & Tablet,ACC-0120,WH-05,1,541.66,Online Payment,3.4,True,False
ORD-0002204,2023-01-05,CUST-002483,South,PRD-0045,Fashion & Apparel,ACC-0088,WH-03,1,23.46,Online Payment,3.4,True,False
ORD-0002205,2023-01-05,CUST-028814,West,PRD-0087,Digital Goods,ACC-0006,WH-05,1,12.22,Wallet Credit,3.4,True,False
ORD-0002206,2023-01-05,CUST-017703,East,PRD-0122,Home & Kitchen,ACC-0133,WH-01,1,60.21,Online Payment,1.9,True,False
ORD-0002207,2023-01-05,CUST-017091,East,PRD-0109,Grocery & Gourmet,ACC-0128,WH-04,2,22.96,Cash on Delivery,3.5,True,False
ORD-0002208,2023-01-05,CUST-028260,West,PRD-0013,Mobile & Tablet,ACC-0220,WH-05,1,352.2,Online Payment,3.6,True,False
ORD-0002209,2023-01-05,CUST-008599,Central,PRD-0092,Digital Goods,ACC-0158,WH-01,3,59.01,Installment Plan,1.8,True,False
ORD-0002210,2023-01-05,CUST-015127,Central,PRD-0075,Books & Media,ACC-0128,WH-01,1,21.86,Wallet Credit,2.0,True,False
ORD-0002211,2023-01-05,CUST-024703,East,PRD-0011,Mobile & Tablet,ACC-0230,WH-04,1,736.32,Online Payment,3.3,True,False
ORD-0002212,2023-01-05,CUST-016886,West,PRD-0101,Digital Goods,ACC-0136,WH-05,1,19.23,Online Payment,3.2,True,False
ORD-0002213,2023-01-05,CUST-010985,Central,PRD-0002,Mobile & Tablet,ACC-0162,WH-01,2,1008.24,Online Payment,2.1,True,False
ORD-0002214,2023-01-05,CUST-006118,Central,PRD-0087,Digital Goods,ACC-0235,WH-01,1,12.22,Online Payment,2.0,True,False
ORD-0002215,2023-01-05,CUST-010613,North,PRD-0065,Beauty & Health,ACC-0259,WH-02,1,27.09,Wallet Credit,3.1,True,False
ORD-0002216,2023-01-05,CUST-010189,West,PRD-0148,Sports & Outdoor,ACC-0224,WH-05,1,135.55,Online Payment,4.2,False,False
ORD-0002217,2023-01-05,CUST-003548,Central,PRD-0070,Books & Media,ACC-0125,WH-01,2,44.44,Online Payment,1.7,True,False
ORD-0002218,2023-01-05,CUST-000042,North,PRD-0083,Books & Media,ACC-0162,WH-02,2,38.68,Online Payment,4.4,False,False
ORD-0002219,2023-01-05,CUST-024502,East,PRD-0135,Home & Kitchen,ACC-0214,WH-04,1,88.67,Online Payment,3.5,True,False
ORD-0002220,2023-01-05,CUST-012088,North,PRD-0060,Beauty & Health,ACC-0031,WH-02,3,125.97,Wallet Credit,2.7,True,False
ORD-0002221,2023-01-05,CUST-001614,Central,PRD-0097,Digital Goods,ACC-0160,WH-01,1,25.18,Installment Plan,1.8,True,False
ORD-0002222,2023-01-05,CUST-022147,East,PRD-0035,Fashion & Apparel,ACC-0009,WH-04,3,271.68,Cash on Delivery,3.7,True,False
ORD-0002223,2023-01-05,CUST-020729,North,PRD-0078,Books & Media,ACC-0006,WH-02,1,17.88,Cash on Delivery,3.5,True,False
ORD-0002224,2023-01-05,CUST-035176,South,PRD-0019,Home Appliances,ACC-0210,WH-03,3,1257.39,Installment Plan,3.6,True,False
ORD-0002225,2023-01-05,CUST-019116,South,PRD-0004,Mobile & Tablet,ACC-0131,WH-03,1,179.1,Online Payment,3.0,True,False
ORD-0002226,2023-01-05,CUST-026694,Central,PRD-0065,Beauty & Health,ACC-0197,WH-01,1,27.09,Cash on Delivery,2.0,True,False
ORD-0002227,2023-01-05,CUST-026067,West,PRD-0087,Digital Goods,ACC-0094,WH-05,3,36.66,Cash on Delivery,3.3,True,False
ORD-0002228,2023-01-05,CUST-025183,Central,PRD-0035,Fashion & Apparel,ACC-0134,WH-01,1,90.56,Online Payment,2.6,True,True
ORD-0002229,2023-01-05,CUST-021840,South,PRD-0112,Grocery & Gourmet,ACC-0010,WH-03,1,13.56,Online Payment,3.4,True,False
ORD-0002230,2023-01-05,CUST-020916,Central,PRD-0034,Home Appliances,ACC-0256,WH-01,2,265.96,Installment Plan,1.9,True,False
ORD-0002231,2023-01-05,CUST-022179,West,PRD-0133,Home & Kitchen,ACC-0028,WH-05,1,111.35,Cash on Delivery,3.7,True,False
ORD-0002232,2023-01-05,CUST-032059,North,PRD-0056,Beauty & Health,ACC-0179,WH-02,3,70.53,Online Payment,2.9,True,False
ORD-0002233,2023-01-05,CUST-027973,North,PRD-0072,Books & Media,ACC-0193,WH-01,1,5.87,Online Payment,3.1,False,False
ORD-0002234,2023-01-05,CUST-007119,North,PRD-0045,Fashion & Apparel,ACC-0001,WH-02,2,46.92,Installment Plan,3.1,True,False
ORD-0002235,2023-01-05,CUST-030457,South,PRD-0085,Books & Media,ACC-0260,WH-03,2,13.74,Installment Plan,3.3,True,False
ORD-0002236,2023-01-05,CUST-027704,Central,PRD-0127,Home & Kitchen,ACC-0136,WH-01,1,113.98,Cash on Delivery,2.5,True,False
ORD-0002237,2023-01-05,CUST-013327,East,PRD-0151,Sports & Outdoor,ACC-0250,WH-04,2,61.72,Online Payment,3.3,True,False
ORD-0002238,2023-01-05,CUST-027023,West,PRD-0032,Home Appliances,ACC-0066,WH-05,1,322.23,Wallet Credit,3.5,True,False
ORD-0002239,2023-01-05,CUST-014027,South,PRD-0005,Mobile & Tablet,ACC-0078,WH-03,1,716.38,Cash on Delivery,3.7,True,False
ORD-0002240,2023-01-05,CUST-034588,West,PRD-0022,Home Appliances,ACC-0049,WH-05,3,797.43,Online Payment,3.7,True,False
ORD-0002241,2023-01-05,CUST-012417,Central,PRD-0035,Fashion & Apparel,ACC-0163,WH-01,2,181.12,Online Payment,2.0,True,False
ORD-0002242,2023-01-05,CUST-007175,Central,PRD-0002,Mobile & Tablet,ACC-0052,WH-01,1,504.12,Installment Plan,2.3,True,False
ORD-0002243,2023-01-05,CUST-000043,Central,PRD-0042,Fashion & Apparel,ACC-0020,WH-01,2,188.44,Cash on Delivery,2.2,True,False
ORD-0002244,2023-01-05,CUST-009573,North,PRD-0026,Home Appliances,ACC-0034,WH-01,2,638.3,Online Payment,2.0,True,False
ORD-0002245,2023-01-05,CUST-030369,East,PRD-0057,Beauty & Health,ACC-0156,WH-04,1,14.27,Installment Plan,3.3,True,False
ORD-0002246,2023-01-05,CUST-012538,Central,PRD-0073,Books & Media,ACC-0076,WH-01,2,40.64,Online Payment,2.3,True,False
ORD-0002247,2023-01-05,CUST-004064,South,PRD-0151,Sports & Outdoor,ACC-0096,WH-03,2,61.72,Online Payment,3.2,True,False
ORD-0002248,2023-01-05,CUST-003439,South,PRD-0117,Grocery & Gourmet,ACC-0064,WH-03,3,74.58,Online Payment,4.8,False,False
ORD-0002249,2023-01-05,CUST-011043,South,PRD-0014,Mobile & Tablet,ACC-0063,WH-03,3,840.0,Installment Plan,4.3,False,False
ORD-0002250,2023-01-05,CUST-006507,Central,PRD-0062,Beauty & Health,ACC-0237,WH-01,1,39.19,Online Payment,2.4,True,False
ORD-0002251,2023-01-05,CUST-009753,North,PRD-0051,Fashion & Apparel,ACC-0073,WH-02,2,59.26,Cash on Delivery,2.7,True,False
ORD-0002252,2023-01-05,CUST-019749,South,PRD-0095,Digital Goods,ACC-0052,WH-03,1,32.57,Online Payment,3.6,True,False
ORD-0002253,2023-01-05,CUST-023058,East,PRD-0029,Home Appliances,ACC-0194,WH-04,2,496.96,Online Payment,4.2,False,False
ORD-0002254,2023-01-05,CUST-027728,Central,PRD-0054,Beauty & Health,ACC-0018,WH-01,2,58.62,Online Payment,2.1,True,False
ORD-0002255,2023-01-05,CUST-014684,South,PRD-0005,Mobile & Tablet,ACC-0200,WH-03,2,1432.76,Installment Plan,3.3,True,False
ORD-0002256,2023-01-05,CUST-013992,East,PRD-0121,Home & Kitchen,ACC-0101,WH-04,1,27.3,Online Payment,3.9,True,False
ORD-0002257,2023-01-05,CUST-020960,West,PRD-0068,Beauty & Health,ACC-0257,WH-05,2,119.5,Online Payment,3.8,True,False
ORD-0002258,2023-01-05,CUST-012095,South,PRD-0004,Mobile & Tablet,ACC-0102,WH-03,2,358.2,Online Payment,3.2,True,False
ORD-0002259,2023-01-05,CUST-024190,Central,PRD-0091,Digital Goods,ACC-0194,WH-01,1,18.22,Online Payment,2.0,True,False
ORD-0002260,2023-01-05,CUST-000624,Central,PRD-0120,Home & Kitchen,ACC-0047,WH-01,1,72.26,Wallet Credit,2.5,True,False
ORD-0002261,2023-01-05,CUST-009289,West,PRD-0064,Beauty & Health,ACC-0153,WH-05,1,28.94,Online Payment,4.0,True,False
ORD-0002262,2023-01-05,CUST-018638,West,PRD-0031,Home Appliances,ACC-0122,WH-05,1,115.51,Installment Plan,3.9,True,False
ORD-0002263,2023-01-05,CUST-019834,North,PRD-0028,Home Appliances,ACC-0101,WH-02,1,499.88,Cash on Delivery,2.5,True,False
ORD-0002264,2023-01-05,CUST-022852,Central,PRD-0139,Sports & Outdoor,ACC-0052,WH-01,3,235.59,Online Payment,1.8,True,False
ORD-0002265,2023-01-05,CUST-016887,East,PRD-0008,Mobile & Tablet,ACC-0162,WH-04,3,661.32,Online Payment,3.3,True,False
ORD-0002266,2023-01-05,CUST-020661,North,PRD-0017,Mobile & Tablet,ACC-0141,WH-02,1,186.87,Online Payment,2.7,True,False
ORD-0002267,2023-01-05,CUST-000780,North,PRD-0043,Fashion & Apparel,ACC-0141,WH-02,1,53.32,Online Payment,3.3,True,True
ORD-0002268,2023-01-05,CUST-020743,East,PRD-0017,Mobile & Tablet,ACC-0059,WH-04,3,560.61,Cash on Delivery,3.7,True,False
ORD-0002269,2023-01-05,CUST-034325,East,PRD-0015,Mobile & Tablet,ACC-0123,WH-04,2,1333.62,Installment Plan,3.9,True,False
ORD-0002270,2023-01-05,CUST-001540,East,PRD-0111,Grocery & Gourmet,ACC-0077,WH-04,2,96.08,Cash on Delivery,3.1,True,False
ORD-0002271,2023-01-05,CUST-005504,West,PRD-0134,Home & Kitchen,ACC-0244,WH-05,2,235.58,Online Payment,3.6,True,False
ORD-0002272,2023-01-05,CUST-005599,South,PRD-0082,Books & Media,ACC-0061,WH-01,2,27.54,Wallet Credit,2.2,True,False
ORD-0002273,2023-01-05,CUST-002771,East,PRD-0139,Sports & Outdoor,ACC-0160,WH-04,1,78.53,Online Payment,3.2,True,True
ORD-0002274,2023-01-05,CUST-031971,Central,PRD-0116,Grocery & Gourmet,ACC-0149,WH-01,1,39.14,Cash on Delivery,3.3,False,False
ORD-0002275,2023-01-05,CUST-010535,Central,PRD-0123,Home & Kitchen,ACC-0071,WH-01,1,82.38,Online Payment,2.1,True,False
ORD-0002276,2023-01-05,CUST-010763,East,PRD-0122,Home & Kitchen,ACC-0178,WH-04,3,180.63,Installment Plan,3.8,True,False
ORD-0002277,2023-01-05,CUST-030297,West,PRD-0054,Beauty & Health,ACC-0238,WH-05,3,87.93,Cash on Delivery,3.5,True,False
ORD-0002278,2023-01-05,CUST-023195,West,PRD-0125,Home & Kitchen,ACC-0057,WH-05,1,108.61,Online Payment,4.0,True,False
ORD-0002279,2023-01-05,CUST-016656,West,PRD-0046,Fashion & Apparel,ACC-0040,WH-05,1,37.85,Wallet Credit,4.0,True,True
ORD-0002280,2023-01-05,CUST-009257,West,PRD-0067,Beauty & Health,ACC-0199,WH-05,2,31.08,Cash on Delivery,3.8,True,False
ORD-0002281,2023-01-05,CUST-001501,North,PRD-0029,Home Appliances,ACC-0187,WH-02,2,496.96,Installment Plan,3.1,True,False
ORD-0002282,2023-01-05,CUST-035862,North,PRD-0002,Mobile & Tablet,ACC-0255,WH-02,1,504.12,Online Payment,2.5,True,True
ORD-0002283,2023-01-05,CUST-022711,North,PRD-0039,Fashion & Apparel,ACC-0019,WH-02,2,115.9,Cash on Delivery,2.9,True,False
ORD-0002284,2023-01-05,CUST-034649,North,PRD-0054,Beauty & Health,ACC-0156,WH-02,1,29.31,Online Payment,3.5,True,False
ORD-0002285,2023-01-05,CUST-017581,West,PRD-0141,Sports & Outdoor,ACC-0182,WH-05,1,44.69,Cash on Delivery,5.0,False,False
ORD-0002286,2023-01-05,CUST-007988,West,PRD-0151,Sports & Outdoor,ACC-0153,WH-05,1,30.86,Online Payment,3.3,True,False
ORD-0002287,2023-01-05,CUST-009357,South,PRD-0139,Sports & Outdoor,ACC-0068,WH-03,3,235.59,Online Payment,3.3,True,True
ORD-0002288,2023-01-05,CUST-017639,South,PRD-0029,Home Appliances,ACC-0144,WH-03,1,248.48,Online Payment,2.8,True,False
ORD-0002289,2023-01-05,CUST-001859,North,PRD-0035,Fashion & Apparel,ACC-0062,WH-02,1,90.56,Online Payment,3.5,True,True
ORD-0002290,2023-01-05,CUST-024016,South,PRD-0038,Fashion & Apparel,ACC-0084,WH-03,3,125.19,Online Payment,2.9,True,False
ORD-0002291,2023-01-05,CUST-013769,North,PRD-0086,Digital Goods,ACC-0080,WH-01,3,74.97,Cash on Delivery,2.3,True,False
ORD-0002292,2023-01-05,CUST-004052,Central,PRD-0131,Home & Kitchen,ACC-0218,WH-01,2,204.22,Cash on Delivery,1.7,True,True
ORD-0002293,2023-01-05,CUST-034725,North,PRD-0093,Digital Goods,ACC-0217,WH-02,2,71.2,Online Payment,3.1,True,False
ORD-0002294,2023-01-05,CUST-032337,Central,PRD-0031,Home Appliances,ACC-0157,WH-01,1,115.51,Wallet Credit,2.3,True,False
ORD-0002295,2023-01-05,CUST-000676,Central,PRD-0137,Sports & Outdoor,ACC-0019,WH-01,2,220.64,Online Payment,2.2,True,False
ORD-0002296,2023-01-05,CUST-002225,Central,PRD-0132,Home & Kitchen,ACC-0219,WH-01,2,132.7,Online Payment,2.1,True,False
ORD-0002297,2023-01-05,CUST-020378,Central,PRD-0144,Sports & Outdoor,ACC-0001,WH-01,1,72.68,Online Payment,2.0,True,False
ORD-0002298,2023-01-05,CUST-001715,Central,PRD-0134,Home & Kitchen,ACC-0168,WH-01,1,117.79,Online Payment,2.5,True,False
ORD-0002299,2023-01-05,CUST-023397,North,PRD-0059,Beauty & Health,ACC-0097,WH-02,2,72.62,Online Payment,3.6,True,False
ORD-0002300,2023-01-05,CUST-007669,South,PRD-0116,Grocery & Gourmet,ACC-0152,WH-03,2,78.28,Online Payment,4.0,True,False
ORD-0002301,2023-01-05,CUST-001393,North,PRD-0016,Mobile & Tablet,ACC-0187,WH-02,2,843.7,Wallet Credit,3.0,True,False
ORD-0002302,2023-01-05,CUST-017488,Central,PRD-0118,Grocery & Gourmet,ACC-0036,WH-01,2,94.48,Online Payment,2.1,True,False
ORD-0002303,2023-01-05,CUST-005601,North,PRD-0037,Fashion & Apparel,ACC-0031,WH-02,1,25.53,Online Payment,2.6,True,False
ORD-0002304,2023-01-05,CUST-017545,West,PRD-0123,Home & Kitchen,ACC-0191,WH-05,1,82.38,Online Payment,3.3,True,False
ORD-0002305,2023-01-05,CUST-028848,North,PRD-0108,Grocery & Gourmet,ACC-0030,WH-02,3,46.74,Online Payment,2.8,True,False
ORD-0002306,2023-01-05,CUST-016426,South,PRD-0124,Home & Kitchen,ACC-0113,WH-03,1,26.46,Online Payment,3.6,True,False
ORD-0002307,2023-01-05,CUST-027142,East,PRD-0037,Fashion & Apparel,ACC-0258,WH-04,3,76.59,Online Payment,3.0,True,False
ORD-0002308,2023-01-05,CUST-031567,East,PRD-0123,Home & Kitchen,ACC-0196,WH-04,2,164.76,Online Payment,3.8,True,False
ORD-0002309,2023-01-05,CUST-005237,South,PRD-0087,Digital Goods,ACC-0169,WH-03,3,36.66,Online Payment,3.5,True,False
ORD-0002310,2023-01-05,CUST-010318,East,PRD-0067,Beauty & Health,ACC-0165,WH-04,2,31.08,Online Payment,3.8,True,False
ORD-0002311,2023-01-05,CUST-000855,North,PRD-0069,Books & Media,ACC-0253,WH-02,2,39.86,Online Payment,3.7,True,False
ORD-0002312,2023-01-05,CUST-013416,Central,PRD-0112,Grocery & Gourmet,ACC-0255,WH-01,1,13.56,Online Payment,2.0,True,False
ORD-0002313,2023-01-05,CUST-026901,East,PRD-0078,Books & Media,ACC-0095,WH-04,2,35.76,Online Payment,3.6,True,False
ORD-0002314,2023-01-05,CUST-010748,Central,PRD-0045,Fashion & Apparel,ACC-0201,WH-01,1,23.46,Installment Plan,1.9,True,False
ORD-0002315,2023-01-05,CUST-016830,East,PRD-0046,Fashion & Apparel,ACC-0230,WH-04,1,37.85,Online Payment,5.0,False,False
ORD-0002316,2023-01-05,CUST-012012,Central,PRD-0045,Fashion & Apparel,ACC-0181,WH-01,3,70.38,Installment Plan,2.6,True,False
ORD-0002317,2023-01-05,CUST-022896,Central,PRD-0081,Books & Media,ACC-0151,WH-01,3,33.21,Online Payment,2.9,True,False
ORD-0002318,2023-01-05,CUST-004435,Central,PRD-0126,Home & Kitchen,ACC-0107,WH-01,2,116.3,Online Payment,2.8,True,False
ORD-0002319,2023-01-05,CUST-022216,East,PRD-0022,Home Appliances,ACC-0224,WH-04,1,265.81,Online Payment,2.9,True,False
ORD-0002320,2023-01-05,CUST-027646,Central,PRD-0098,Digital Goods,ACC-0111,WH-01,1,30.06,Online Payment,2.4,True,False
ORD-0002321,2023-01-05,CUST-002547,Central,PRD-0085,Books & Media,ACC-0170,WH-01,1,6.87,Online Payment,2.7,True,False
ORD-0002322,2023-01-05,CUST-004892,Central,PRD-0004,Mobile & Tablet,ACC-0052,WH-01,3,537.3,Online Payment,2.0,True,True
ORD-0002323,2023-01-05,CUST-006796,Central,PRD-0080,Books & Media,ACC-0208,WH-01,2,25.04,Cash on Delivery,2.4,True,False
ORD-0002324,2023-01-05,CUST-018809,North,PRD-0135,Home & Kitchen,ACC-0149,WH-02,1,88.67,Wallet Credit,4.0,True,False
ORD-0002325,2023-01-05,CUST-019266,North,PRD-0024,Home Appliances,ACC-0238,WH-02,2,525.6,Online Payment,3.1,True,False
ORD-0002326,2023-01-05,CUST-033540,Central,PRD-0036,Fashion & Apparel,ACC-0035,WH-01,2,166.44,Cash on Delivery,2.3,True,False
ORD-0002327,2023-01-05,CUST-019828,East,PRD-0141,Sports & Outdoor,ACC-0153,WH-04,1,44.69,Online Payment,3.4,True,False
ORD-0002328,2023-01-05,CUST-023812,Central,PRD-0005,Mobile & Tablet,ACC-0224,WH-01,2,1432.76,Online Payment,1.8,True,False
ORD-0002329,2023-01-05,CUST-034990,North,PRD-0039,Fashion & Apparel,ACC-0113,WH-02,2,115.9,Online Payment,5.4,False,False
ORD-0002330,2023-01-05,CUST-022722,South,PRD-0107,Grocery & Gourmet,ACC-0057,WH-03,1,29.08,Online Payment,3.2,True,False
ORD-0002331,2023-01-05,CUST-016854,North,PRD-0084,Books & Media,ACC-0230,WH-01,2,20.72,Online Payment,2.4,True,True
ORD-0002332,2023-01-05,CUST-026353,East,PRD-0101,Digital Goods,ACC-0222,WH-04,3,57.69,Cash on Delivery,3.2,True,False
ORD-0002333,2023-01-05,CUST-032064,Central,PRD-0036,Fashion & Apparel,ACC-0187,WH-01,1,83.22,Online Payment,1.8,True,True
ORD-0002334,2023-01-05,CUST-018581,East,PRD-0021,Home Appliances,ACC-0109,WH-04,2,238.96,Online Payment,3.2,True,False
ORD-0002335,2023-01-05,CUST-008491,North,PRD-0034,Home Appliances,ACC-0214,WH-02,2,265.96,Online Payment,3.9,True,False
ORD-0002336,2023-01-05,CUST-026035,North,PRD-0016,Mobile & Tablet,ACC-0216,WH-02,2,843.7,Online Payment,3.3,True,False
ORD-0002337,2023-01-05,CUST-030543,East,PRD-0119,Grocery & Gourmet,ACC-0086,WH-04,2,30.2,Wallet Credit,3.7,True,False
ORD-0002338,2023-01-05,CUST-014299,West,PRD-0082,Books & Media,ACC-0167,WH-05,1,13.77,Cash on Delivery,4.6,False,False
ORD-0002339,2023-01-05,CUST-014445,South,PRD-0020,Home Appliances,ACC-0187,WH-03,2,1051.74,Online Payment,3.1,True,False
ORD-0002340,2023-01-05,CUST-017984,East,PRD-0099,Digital Goods,ACC-0110,WH-04,2,46.54,Online Payment,4.3,False,False
ORD-0002341,2023-01-05,CUST-028197,West,PRD-0077,Books & Media,ACC-0131,WH-05,1,15.55,Online Payment,3.6,True,False
ORD-0002342,2023-01-05,CUST-007425,Central,PRD-0091,Digital Goods,ACC-0101,WH-01,1,18.22,Cash on Delivery,2.0,True,False
ORD-0002343,2023-01-05,CUST-027632,Central,PRD-0089,Digital Goods,ACC-0113,WH-01,2,72.84,Online Payment,2.1,True,False
ORD-0002344,2023-01-05,CUST-031733,North,PRD-0094,Digital Goods,ACC-0013,WH-02,1,31.33,Online Payment,2.6,True,False
ORD-0002345,2023-01-05,CUST-000182,North,PRD-0046,Fashion & Apparel,ACC-0219,WH-02,1,37.85,Cash on Delivery,2.9,True,False
ORD-0002346,2023-01-05,CUST-007184,Central,PRD-0102,Digital Goods,ACC-0258,WH-01,2,54.54,Online Payment,2.8,True,False
ORD-0002347,2023-01-05,CUST-013702,West,PRD-0114,Grocery & Gourmet,ACC-0053,WH-05,2,60.48,Cash on Delivery,3.2,True,False
ORD-0002348,2023-01-05,CUST-000112,East,PRD-0091,Digital Goods,ACC-0162,WH-04,3,54.66,Wallet Credit,4.2,False,False
ORD-0002349,2023-01-05,CUST-001522,Central,PRD-0131,Home & Kitchen,ACC-0175,WH-01,1,102.11,Cash on Delivery,2.0,True,False
ORD-0002350,2023-01-05,CUST-032112,North,PRD-0129,Home & Kitchen,ACC-0052,WH-02,2,74.4,Installment Plan,2.9,True,False
ORD-0002351,2023-01-05,CUST-006809,East,PRD-0132,Home & Kitchen,ACC-0222,WH-04,2,132.7,Online Payment,3.6,True,False
ORD-0002352,2023-01-05,CUST-014650,East,PRD-0133,Home & Kitchen,ACC-0113,WH-04,1,111.35,Online Payment,3.4,True,False
ORD-0002353,2023-01-05,CUST-031893,South,PRD-0044,Fashion & Apparel,ACC-0047,WH-03,2,156.94,Installment Plan,3.7,True,False
ORD-0002354,2023-01-05,CUST-022950,West,PRD-0130,Home & Kitchen,ACC-0125,WH-05,2,61.12,Online Payment,4.2,False,False
ORD-0002355,2023-01-05,CUST-000233,Central,PRD-0131,Home & Kitchen,ACC-0014,WH-01,1,102.11,Online Payment,1.9,True,False
ORD-0002356,2023-01-05,CUST-018411,Central,PRD-0012,Mobile & Tablet,ACC-0174,WH-01,1,474.88,Online Payment,2.7,True,True
ORD-0002357,2023-01-05,CUST-025515,North,PRD-0094,Digital Goods,ACC-0141,WH-02,1,31.33,Cash on Delivery,2.8,True,False
ORD-0002358,2023-01-05,CUST-025794,North,PRD-0112,Grocery & Gourmet,ACC-0087,WH-02,2,27.12,Cash on Delivery,2.6,True,False
ORD-0002359,2023-01-05,CUST-020745,Central,PRD-0089,Digital Goods,ACC-0070,WH-01,2,72.84,Wallet Credit,3.0,True,False
ORD-0002360,2023-01-05,CUST-005649,West,PRD-0115,Grocery & Gourmet,ACC-0150,WH-05,1,18.91,Cash on Delivery,3.7,True,False
ORD-0002361,2023-01-05,CUST-000343,North,PRD-0067,Beauty & Health,ACC-0154,WH-02,3,46.62,Wallet Credit,3.7,True,False
ORD-0002362,2023-01-05,CUST-008798,Central,PRD-0078,Books & Media,ACC-0229,WH-01,3,53.64,Wallet Credit,2.1,True,False
ORD-0002363,2023-01-05,CUST-022492,Central,PRD-0039,Fashion & Apparel,ACC-0017,WH-01,2,115.9,Online Payment,2.1,True,False
ORD-0002364,2023-01-05,CUST-000043,Central,PRD-0044,Fashion & Apparel,ACC-0016,WH-01,3,235.41,Online Payment,3.3,False,False
ORD-0002365,2023-01-05,CUST-014083,Central,PRD-0054,Beauty & Health,ACC-0022,WH-01,2,58.62,Wallet Credit,2.2,True,False
ORD-0002366,2023-01-05,CUST-008105,South,PRD-0074,Books & Media,ACC-0250,WH-01,1,21.22,Online Payment,1.9,True,False
ORD-0002367,2023-01-05,CUST-001840,West,PRD-0085,Books & Media,ACC-0187,WH-05,1,6.87,Online Payment,3.6,True,False
ORD-0002368,2023-01-05,CUST-023637,Central,PRD-0065,Beauty & Health,ACC-0019,WH-01,1,27.09,Installment Plan,1.9,True,False
ORD-0002369,2023-01-05,CUST-033821,Central,PRD-0129,Home & Kitchen,ACC-0216,WH-01,3,111.6,Online Payment,2.2,True,False
ORD-0002370,2023-01-05,CUST-019749,South,PRD-0062,Beauty & Health,ACC-0158,WH-03,1,39.19,Online Payment,2.7,True,False
ORD-0002371,2023-01-05,CUST-033519,Central,PRD-0136,Home & Kitchen,ACC-0033,WH-01,3,120.39,Online Payment,2.5,True,False
ORD-0002372,2023-01-05,CUST-001656,East,PRD-0008,Mobile & Tablet,ACC-0222,WH-04,1,220.44,Wallet Credit,3.0,True,False
ORD-0002373,2023-01-05,CUST-011493,North,PRD-0015,Mobile & Tablet,ACC-0006,WH-02,2,1333.62,Wallet Credit,3.0,True,False
ORD-0002374,2023-01-05,CUST-032582,East,PRD-0129,Home & Kitchen,ACC-0164,WH-04,2,74.4,Online Payment,3.5,True,False
ORD-0002375,2023-01-05,CUST-021696,North,PRD-0113,Grocery & Gourmet,ACC-0039,WH-02,3,51.03,Online Payment,3.1,True,False
ORD-0002376,2023-01-05,CUST-005696,North,PRD-0054,Beauty & Health,ACC-0043,WH-01,1,29.31,Wallet Credit,1.8,True,False
ORD-0002377,2023-01-05,CUST-016368,South,PRD-0041,Fashion & Apparel,ACC-0153,WH-03,1,38.91,Installment Plan,3.0,True,False
ORD-0002378,2023-01-05,CUST-007400,West,PRD-0104,Grocery & Gourmet,ACC-0186,WH-05,2,28.52,Wallet Credit,4.4,False,False
ORD-0002379,2023-01-05,CUST-025146,South,PRD-0007,Mobile & Tablet,ACC-0122,WH-03,2,1083.32,Cash on Delivery,3.0,True,False
ORD-0002380,2023-01-05,CUST-030337,South,PRD-0073,Books & Media,ACC-0072,WH-03,1,20.32,Online Payment,3.1,True,False
ORD-0002381,2023-01-05,CUST-006059,Central,PRD-0101,Digital Goods,ACC-0086,WH-01,2,38.46,Cash on Delivery,2.3,True,False
ORD-0002382,2023-01-05,CUST-026207,South,PRD-0052,Beauty & Health,ACC-0002,WH-03,1,50.83,Installment Plan,3.8,True,False
ORD-0002383,2023-01-05,CUST-030891,West,PRD-0066,Beauty & Health,ACC-0008,WH-05,1,57.2,Online Payment,3.3,True,False
ORD-0002384,2023-01-05,CUST-003927,East,PRD-0039,Fashion & Apparel,ACC-0006,WH-01,2,115.9,Online Payment,3.3,False,False
ORD-0002385,2023-01-05,CUST-025689,North,PRD-0070,Books & Media,ACC-0233,WH-02,1,22.22,Online Payment,3.1,True,False
ORD-0002386,2023-01-05,CUST-018449,Central,PRD-0063,Beauty & Health,ACC-0091,WH-01,1,27.57,Installment Plan,2.3,True,False
ORD-0002387,2023-01-05,CUST-005489,North,PRD-0034,Home Appliances,ACC-0019,WH-02,1,132.98,Online Payment,2.5,True,False
ORD-0002388,2023-01-05,CUST-012748,West,PRD-0089,Digital Goods,ACC-0019,WH-05,3,109.26,Cash on Delivery,3.5,True,False
ORD-0002389,2023-01-05,CUST-002213,Central,PRD-0140,Sports & Outdoor,ACC-0219,WH-01,1,45.43,Installment Plan,1.9,True,False
ORD-0002390,2023-01-05,CUST-028727,West,PRD-0136,Home & Kitchen,ACC-0111,WH-05,1,40.13,Installment Plan,3.5,True,False
ORD-0002391,2023-01-05,CUST-003585,East,PRD-0034,Home Appliances,ACC-0122,WH-04,2,265.96,Installment Plan,3.1,True,True
ORD-0002392,2023-01-05,CUST-019950,East,PRD-0011,Mobile & Tablet,ACC-0010,WH-04,1,736.32,Online Payment,3.3,True,False
ORD-0002393,2023-01-05,CUST-029595,Central,PRD-0129,Home & Kitchen,ACC-0255,WH-01,1,37.2,Installment Plan,1.7,True,False
ORD-0002394,2023-01-05,CUST-028015,Central,PRD-0112,Grocery & Gourmet,ACC-0010,WH-01,1,13.56,Installment Plan,2.2,True,False
ORD-0002395,2023-01-05,CUST-031645,East,PRD-0102,Digital Goods,ACC-0133,WH-04,1,27.27,Online Payment,3.1,True,False
ORD-0002396,2023-01-05,CUST-013149,South,PRD-0142,Sports & Outdoor,ACC-0198,WH-03,1,83.17,Online Payment,4.0,True,False
ORD-0002397,2023-01-05,CUST-022171,East,PRD-0132,Home & Kitchen,ACC-0084,WH-04,3,199.05,Cash on Delivery,3.4,True,False
ORD-0002398,2023-01-05,CUST-016035,West,PRD-0040,Fashion & Apparel,ACC-0009,WH-05,1,35.59,Installment Plan,3.2,True,False
ORD-0002399,2023-01-05,CUST-020922,West,PRD-0149,Sports & Outdoor,ACC-0245,WH-05,2,163.76,Online Payment,3.9,True,False
ORD-0002400,2023-01-05,CUST-019251,East,PRD-0064,Beauty & Health,ACC-0151,WH-04,1,28.94,Wallet Credit,3.4,True,False
ORD-0002401,2023-01-05,CUST-000317,North,PRD-0024,Home Appliances,ACC-0060,WH-02,1,262.8,Wallet Credit,4.0,True,False
ORD-0002402,2023-01-05,CUST-025636,South,PRD-0037,Fashion & Apparel,ACC-0157,WH-03,2,51.06,Online Payment,3.0,True,False
ORD-0002403,2023-01-05,CUST-020729,North,PRD-0095,Digital Goods,ACC-0022,WH-02,2,65.14,Cash on Delivery,3.2,True,False
ORD-0002404,2023-01-05,CUST-002743,Central,PRD-0116,Grocery & Gourmet,ACC-0144,WH-01,1,39.14,Cash on Delivery,2.1,True,False
ORD-0002405,2023-01-05,CUST-006758,Central,PRD-0037,Fashion & Apparel,ACC-0062,WH-01,2,51.06,Wallet Credit,2.4,True,False
ORD-0002406,2023-01-05,CUST-001392,East,PRD-0125,Home & Kitchen,ACC-0126,WH-04,1,108.61,Online Payment,2.9,True,False
ORD-0002407,2023-01-05,CUST-003387,Central,PRD-0082,Books & Media,ACC-0220,WH-01,1,13.77,Cash on Delivery,2.7,True,False
ORD-0002408,2023-01-05,CUST-025643,South,PRD-0089,Digital Goods,ACC-0230,WH-03,1,36.42,Installment Plan,3.6,True,False
ORD-0002409,2023-01-05,CUST-007130,South,PRD-0143,Sports & Outdoor,ACC-0252,WH-03,1,45.69,Cash on Delivery,3.3,True,False
ORD-0002410,2023-01-05,CUST-018783,East,PRD-0127,Home & Kitchen,ACC-0018,WH-04,2,227.96,Online Payment,3.3,True,False
ORD-0002411,2023-01-05,CUST-028453,Central,PRD-0096,Digital Goods,ACC-0015,WH-01,1,25.53,Wallet Credit,2.5,True,False
ORD-0002412,2023-01-05,CUST-000218,East,PRD-0055,Beauty & Health,ACC-0006,WH-04,2,123.08,Online Payment,3.2,True,False
ORD-0002413,2023-01-05,CUST-028119,South,PRD-0082,Books & Media,ACC-0089,WH-03,1,13.77,Wallet Credit,3.2,True,False
ORD-0002414,2023-01-05,CUST-019076,South,PRD-0122,Home & Kitchen,ACC-0255,WH-03,1,60.21,Online Payment,3.1,True,False
ORD-0002415,2023-01-05,CUST-019472,South,PRD-0114,Grocery & Gourmet,ACC-0143,WH-03,2,60.48,Online Payment,3.4,True,False
ORD-0002416,2023-01-05,CUST-014192,Central,PRD-0036,Fashion & Apparel,ACC-0091,WH-01,3,249.66,Online Payment,2.4,True,False
ORD-0002417,2023-01-05,CUST-015476,North,PRD-0052,Beauty & Health,ACC-0077,WH-02,1,50.83,Wallet Credit,3.2,True,False
ORD-0002418,2023-01-05,CUST-021769,East,PRD-0009,Mobile & Tablet,ACC-0092,WH-04,3,1638.78,Cash on Delivery,3.6,True,False
ORD-0002419,2023-01-05,CUST-017283,North,PRD-0113,Grocery & Gourmet,ACC-0044,WH-02,3,51.03,Online Payment,2.9,True,False
ORD-0002420,2023-01-05,CUST-030378,North,PRD-0041,Fashion & Apparel,ACC-0127,WH-02,1,38.91,Online Payment,3.4,True,True
ORD-0002421,2023-01-05,CUST-034941,Central,PRD-0061,Beauty & Health,ACC-0031,WH-01,1,13.15,Online Payment,1.8,True,False
ORD-0002422,2023-01-05,CUST-012029,East,PRD-0022,Home Appliances,ACC-0218,WH-04,1,265.81,Online Payment,3.3,True,False
ORD-0002423,2023-01-05,CUST-023837,North,PRD-0088,Digital Goods,ACC-0142,WH-02,2,65.2,Installment Plan,2.8,True,False
ORD-0002424,2023-01-05,CUST-022777,North,PRD-0134,Home & Kitchen,ACC-0153,WH-02,1,117.79,Online Payment,2.7,True,False
ORD-0002425,2023-01-05,CUST-030942,Central,PRD-0032,Home Appliances,ACC-0212,WH-01,1,322.23,Online Payment,2.1,True,False
ORD-0002426,2023-01-05,CUST-001788,Central,PRD-0027,Home Appliances,ACC-0062,WH-01,1,129.58,Online Payment,2.9,True,False
ORD-0002427,2023-01-05,CUST-026321,North,PRD-0088,Digital Goods,ACC-0165,WH-02,2,65.2,Online Payment,3.2,True,False
ORD-0002428,2023-01-05,CUST-006758,Central,PRD-0035,Fashion & Apparel,ACC-0091,WH-01,2,181.12,Online Payment,2.0,True,False
ORD-0002429,2023-01-05,CUST-011899,West,PRD-0121,Home & Kitchen,ACC-0043,WH-05,2,54.6,Online Payment,3.8,True,False
ORD-0002430,2023-01-05,CUST-029295,East,PRD-0047,Fashion & Apparel,ACC-0026,WH-04,1,78.09,Online Payment,3.9,True,False
ORD-0002431,2023-01-05,CUST-026838,Central,PRD-0111,Grocery & Gourmet,ACC-0006,WH-01,2,96.08,Wallet Credit,1.8,True,False
ORD-0002432,2023-01-05,CUST-017117,North,PRD-0150,Sports & Outdoor,ACC-0101,WH-02,1,72.49,Online Payment,2.8,True,False
ORD-0002433,2023-01-05,CUST-010404,Central,PRD-0124,Home & Kitchen,ACC-0230,WH-01,1,26.46,Online Payment,2.1,True,False
ORD-0002434,2023-01-05,CUST-015991,West,PRD-0024,Home Appliances,ACC-0002,WH-01,2,525.6,Installment Plan,2.0,True,False
ORD-0002435,2023-01-05,CUST-018449,Central,PRD-0133,Home & Kitchen,ACC-0158,WH-01,1,111.35,Cash on Delivery,2.3,True,False
ORD-0002436,2023-01-05,CUST-016013,North,PRD-0066,Beauty & Health,ACC-0051,WH-02,2,114.4,Online Payment,2.9,True,False
ORD-0002437,2023-01-06,CUST-030300,West,PRD-0058,Beauty & Health,ACC-0077,WH-05,1,43.27,Online Payment,3.5,True,False
ORD-0002438,2023-01-06,CUST-017425,Central,PRD-0031,Home Appliances,ACC-0190,WH-01,1,115.51,Online Payment,2.6,True,False
ORD-0002439,2023-01-06,CUST-001669,Central,PRD-0129,Home & Kitchen,ACC-0251,WH-01,2,74.4,Cash on Delivery,2.3,True,False
ORD-0002440,2023-01-06,CUST-028720,East,PRD-0101,Digital Goods,ACC-0191,WH-04,3,57.69,Wallet Credit,3.7,True,False
ORD-0002441,2023-01-06,CUST-034378,West,PRD-0148,Sports & Outdoor,ACC-0001,WH-05,3,406.65,Installment Plan,4.1,False,False
ORD-0002442,2023-01-06,CUST-009758,West,PRD-0128,Home & Kitchen,ACC-0240,WH-05,1,95.86,Online Payment,4.0,True,False
ORD-0002443,2023-01-06,CUST-003877,East,PRD-0114,Grocery & Gourmet,ACC-0061,WH-04,2,60.48,Online Payment,4.1,False,True
ORD-0002444,2023-01-06,CUST-028662,Central,PRD-0065,Beauty & Health,ACC-0224,WH-01,1,27.09,Online Payment,1.7,True,False
ORD-0002445,2023-01-06,CUST-016811,North,PRD-0073,Books & Media,ACC-0190,WH-02,1,20.32,Installment Plan,3.6,True,False
ORD-0002446,2023-01-06,CUST-029572,Central,PRD-0137,Sports & Outdoor,ACC-0233,WH-01,3,330.96,Cash on Delivery,3.0,True,False
ORD-0002447,2023-01-06,CUST-008143,East,PRD-0076,Books & Media,ACC-0212,WH-04,2,15.56,Wallet Credit,3.5,True,False
ORD-0002448,2023-01-06,CUST-032934,North,PRD-0063,Beauty & Health,ACC-0195,WH-02,2,55.14,Online Payment,2.9,True,False
ORD-0002449,2023-01-06,CUST-009290,Central,PRD-0124,Home & Kitchen,ACC-0230,WH-01,1,26.46,Online Payment,2.6,True,False
ORD-0002450,2023-01-06,CUST-027202,North,PRD-0053,Beauty & Health,ACC-0001,WH-02,1,49.47,Cash on Delivery,3.3,True,False
ORD-0002451,2023-01-06,CUST-030744,North,PRD-0059,Beauty & Health,ACC-0149,WH-02,2,72.62,Online Payment,3.3,True,False
ORD-0002452,2023-01-06,CUST-029613,East,PRD-0054,Beauty & Health,ACC-0052,WH-01,2,58.62,Online Payment,2.2,True,False
ORD-0002453,2023-01-06,CUST-031331,East,PRD-0014,Mobile & Tablet,ACC-0001,WH-04,1,280.0,Cash on Delivery,3.2,True,False
ORD-0002454,2023-01-06,CUST-013346,South,PRD-0077,Books & Media,ACC-0094,WH-03,3,46.65,Online Payment,3.0,True,False
ORD-0002455,2023-01-06,CUST-025110,Central,PRD-0128,Home & Kitchen,ACC-0220,WH-01,2,191.72,Installment Plan,1.8,True,False
ORD-0002456,2023-01-06,CUST-033657,South,PRD-0100,Digital Goods,ACC-0165,WH-01,3,32.13,Wallet Credit,2.3,True,False
ORD-0002457,2023-01-06,CUST-030180,East,PRD-0052,Beauty & Health,ACC-0151,WH-01,1,50.83,Cash on Delivery,2.1,True,False
ORD-0002458,2023-01-06,CUST-001015,Central,PRD-0087,Digital Goods,ACC-0230,WH-01,2,24.44,Installment Plan,2.4,True,False
ORD-0002459,2023-01-06,CUST-023094,Central,PRD-0128,Home & Kitchen,ACC-0157,WH-01,2,191.72,Wallet Credit,1.9,True,False
ORD-0002460,2023-01-06,CUST-028977,West,PRD-0097,Digital Goods,ACC-0178,WH-05,1,25.18,Online Payment,3.5,True,False
ORD-0002461,2023-01-06,CUST-007152,Central,PRD-0079,Books & Media,ACC-0049,WH-01,1,9.98,Online Payment,2.2,True,False
ORD-0002462,2023-01-06,CUST-022461,Central,PRD-0078,Books & Media,ACC-0239,WH-01,1,17.88,Wallet Credit,2.1,True,False
ORD-0002463,2023-01-06,CUST-027257,Central,PRD-0008,Mobile & Tablet,ACC-0117,WH-01,1,220.44,Installment Plan,2.1,True,False
ORD-0002464,2023-01-06,CUST-027908,North,PRD-0038,Fashion & Apparel,ACC-0180,WH-02,1,41.73,Online Payment,3.8,True,False
ORD-0002465,2023-01-06,CUST-018700,South,PRD-0108,Grocery & Gourmet,ACC-0175,WH-03,2,31.16,Cash on Delivery,3.5,True,False
ORD-0002466,2023-01-06,CUST-024064,West,PRD-0030,Home Appliances,ACC-0064,WH-05,3,437.28,Online Payment,3.8,True,False
ORD-0002467,2023-01-06,CUST-004592,East,PRD-0133,Home & Kitchen,ACC-0133,WH-04,1,111.35,Cash on Delivery,3.2,True,False
ORD-0002468,2023-01-06,CUST-012401,North,PRD-0092,Digital Goods,ACC-0234,WH-02,3,59.01,Online Payment,3.0,True,False
ORD-0002469,2023-01-06,CUST-015207,West,PRD-0024,Home Appliances,ACC-0118,WH-05,1,262.8,Online Payment,3.6,True,False
ORD-0002470,2023-01-06,CUST-018104,North,PRD-0052,Beauty & Health,ACC-0037,WH-02,2,101.66,Wallet Credit,3.1,True,False
ORD-0002471,2023-01-06,CUST-020941,West,PRD-0122,Home & Kitchen,ACC-0122,WH-05,2,120.42,Online Payment,3.3,True,True
ORD-0002472,2023-01-06,CUST-017827,East,PRD-0140,Sports & Outdoor,ACC-0228,WH-01,1,45.43,Online Payment,2.5,True,False
ORD-0002473,2023-01-06,CUST-027562,West,PRD-0142,Sports & Outdoor,ACC-0174,WH-05,2,166.34,Installment Plan,5.0,False,False
ORD-0002474,2023-01-06,CUST-028260,West,PRD-0131,Home & Kitchen,ACC-0107,WH-05,1,102.11,Cash on Delivery,3.4,True,False
ORD-0002475,2023-01-06,CUST-001017,Central,PRD-0032,Home Appliances,ACC-0250,WH-01,2,644.46,Wallet Credit,2.3,True,False
ORD-0002476,2023-01-06,CUST-013799,West,PRD-0118,Grocery & Gourmet,ACC-0208,WH-05,1,47.24,Installment Plan,4.0,True,False
ORD-0002477,2023-01-06,CUST-013244,North,PRD-0039,Fashion & Apparel,ACC-0128,WH-02,1,57.95,Online Payment,3.0,True,False
ORD-0002478,2023-01-06,CUST-009050,East,PRD-0116,Grocery & Gourmet,ACC-0231,WH-04,1,39.14,Installment Plan,3.1,True,False
ORD-0002479,2023-01-06,CUST-014722,Central,PRD-0009,Mobile & Tablet,ACC-0241,WH-01,1,546.26,Online Payment,2.5,True,False
ORD-0002480,2023-01-06,CUST-030442,North,PRD-0126,Home & Kitchen,ACC-0200,WH-02,1,58.15,Installment Plan,3.7,True,False
ORD-0002481,2023-01-06,CUST-016345,Central,PRD-0065,Beauty & Health,ACC-0226,WH-01,2,54.18,Online Payment,2.0,True,False
ORD-0002482,2023-01-06,CUST-017425,Central,PRD-0137,Sports & Outdoor,ACC-0241,WH-01,1,110.32,Online Payment,2.4,True,False
ORD-0002483,2023-01-06,CUST-015945,Central,PRD-0122,Home & Kitchen,ACC-0067,WH-01,2,120.42,Online Payment,2.5,True,False
ORD-0002484,2023-01-06,CUST-009535,Central,PRD-0085,Books & Media,ACC-0019,WH-01,2,13.74,Wallet Credit,2.3,True,False
ORD-0002485,2023-01-06,CUST-004012,West,PRD-0022,Home Appliances,ACC-0212,WH-05,1,265.81,Online Payment,3.8,True,False
ORD-0002486,2023-01-06,CUST-023678,South,PRD-0033,Home Appliances,ACC-0190,WH-03,1,449.97,Online Payment,2.7,True,False
ORD-0002487,2023-01-06,CUST-014254,Central,PRD-0127,Home & Kitchen,ACC-0007,WH-01,1,113.98,Online Payment,2.4,True,False
ORD-0002488,2023-01-06,CUST-008323,South,PRD-0051,Fashion & Apparel,ACC-0123,WH-03,1,29.63,Online Payment,3.0,True,False
ORD-0002489,2023-01-06,CUST-035997,North,PRD-0015,Mobile & Tablet,ACC-0052,WH-02,3,2000.43,Online Payment,3.0,True,False
ORD-0002490,2023-01-06,CUST-020425,West,PRD-0017,Mobile & Tablet,ACC-0065,WH-05,1,186.87,Online Payment,3.2,True,False
ORD-0002491,2023-01-06,CUST-018982,Central,PRD-0128,Home & Kitchen,ACC-0119,WH-01,1,95.86,Online Payment,2.4,True,False
ORD-0002492,2023-01-06,CUST-024289,Central,PRD-0121,Home & Kitchen,ACC-0016,WH-01,1,27.3,Cash on Delivery,2.5,True,False
ORD-0002493,2023-01-06,CUST-003537,South,PRD-0060,Beauty & Health,ACC-0194,WH-01,3,125.97,Wallet Credit,2.3,True,False
ORD-0002494,2023-01-06,CUST-000933,South,PRD-0145,Sports & Outdoor,ACC-0103,WH-03,1,29.79,Online Payment,3.2,True,False
ORD-0002495,2023-01-06,CUST-033486,North,PRD-0124,Home & Kitchen,ACC-0077,WH-02,1,26.46,Online Payment,2.9,True,False
ORD-0002496,2023-01-06,CUST-013962,East,PRD-0084,Books & Media,ACC-0089,WH-04,3,31.08,Online Payment,4.0,True,False
ORD-0002497,2023-01-06,CUST-003469,East,PRD-0046,Fashion & Apparel,ACC-0142,WH-01,3,113.55,Wallet Credit,2.2,True,True
ORD-0002498,2023-01-06,CUST-018852,North,PRD-0002,Mobile & Tablet,ACC-0144,WH-02,1,504.12,Online Payment,2.9,True,False
ORD-0002499,2023-01-06,CUST-013117,South,PRD-0086,Digital Goods,ACC-0103,WH-03,2,49.98,Online Payment,3.4,True,False
ORD-0002500,2023-01-06,CUST-024197,North,PRD-0116,Grocery & Gourmet,ACC-0133,WH-02,2,78.28,Online Payment,2.8,True,False
ORD-0002501,2023-01-06,CUST-017350,Central,PRD-0113,Grocery & Gourmet,ACC-0094,WH-01,2,34.02,Installment Plan,2.4,True,False
ORD-0002502,2023-01-06,CUST-027299,North,PRD-0098,Digital Goods,ACC-0215,WH-02,2,60.12,Online Payment,2.9,True,False
ORD-0002503,2023-01-06,CUST-012037,Central,PRD-0139,Sports & Outdoor,ACC-0131,WH-01,1,78.53,Cash on Delivery,2.1,True,False
ORD-0002504,2023-01-06,CUST-000722,Central,PRD-0104,Grocery & Gourmet,ACC-0051,WH-01,1,14.26,Online Payment,2.8,True,False
ORD-0002505,2023-01-06,CUST-017618,North,PRD-0127,Home & Kitchen,ACC-0189,WH-02,2,227.96,Wallet Credit,3.6,True,False
ORD-0002506,2023-01-06,CUST-028383,West,PRD-0136,Home & Kitchen,ACC-0032,WH-05,1,40.13,Cash on Delivery,3.7,True,False
ORD-0002507,2023-01-06,CUST-026459,Central,PRD-0044,Fashion & Apparel,ACC-0095,WH-01,3,235.41,Online Payment,2.2,True,False
ORD-0002508,2023-01-06,CUST-013102,North,PRD-0057,Beauty & Health,ACC-0231,WH-02,3,42.81,Online Payment,3.2,True,False
ORD-0002509,2023-01-06,CUST-034141,West,PRD-0105,Grocery & Gourmet,ACC-0088,WH-05,2,50.36,Wallet Credit,3.1,True,False
ORD-0002510,2023-01-06,CUST-029616,West,PRD-0135,Home & Kitchen,ACC-0126,WH-05,2,177.34,Wallet Credit,3.6,True,False
ORD-0002511,2023-01-06,CUST-001062,Central,PRD-0097,Digital Goods,ACC-0095,WH-01,1,25.18,Cash on Delivery,1.8,True,False
ORD-0002512,2023-01-06,CUST-010664,Central,PRD-0127,Home & Kitchen,ACC-0256,WH-01,2,227.96,Online Payment,2.2,True,False
ORD-0002513,2023-01-06,CUST-005554,Central,PRD-0034,Home Appliances,ACC-0174,WH-01,2,265.96,Cash on Delivery,2.9,True,False
ORD-0002514,2023-01-06,CUST-023314,Central,PRD-0006,Mobile & Tablet,ACC-0226,WH-01,1,361.82,Online Payment,2.9,True,False
ORD-0002515,2023-01-06,CUST-019914,East,PRD-0018,Home Appliances,ACC-0016,WH-04,1,305.22,Cash on Delivery,3.5,True,False
ORD-0002516,2023-01-06,CUST-007181,South,PRD-0049,Fashion & Apparel,ACC-0044,WH-03,2,162.54,Online Payment,3.1,True,False
ORD-0002517,2023-01-06,CUST-030723,East,PRD-0030,Home Appliances,ACC-0029,WH-04,3,437.28,Online Payment,3.4,True,False
ORD-0002518,2023-01-06,CUST-030457,South,PRD-0055,Beauty & Health,ACC-0070,WH-01,3,184.62,Installment Plan,3.0,True,False
ORD-0002519,2023-01-06,CUST-026568,South,PRD-0025,Home Appliances,ACC-0254,WH-03,2,357.6,Online Payment,3.0,True,False
ORD-0002520,2023-01-06,CUST-005984,West,PRD-0036,Fashion & Apparel,ACC-0178,WH-05,1,83.22,Online Payment,3.6,True,False
ORD-0002521,2023-01-06,CUST-015869,North,PRD-0045,Fashion & Apparel,ACC-0200,WH-02,1,23.46,Online Payment,3.4,True,False
ORD-0002522,2023-01-06,CUST-024289,Central,PRD-0142,Sports & Outdoor,ACC-0091,WH-01,3,249.51,Cash on Delivery,2.0,True,False
ORD-0002523,2023-01-06,CUST-024158,West,PRD-0097,Digital Goods,ACC-0084,WH-05,2,50.36,Cash on Delivery,3.8,True,False
ORD-0002524,2023-01-06,CUST-010406,East,PRD-0066,Beauty & Health,ACC-0215,WH-04,1,57.2,Wallet Credit,3.1,True,False
ORD-0002525,2023-01-06,CUST-011416,South,PRD-0150,Sports & Outdoor,ACC-0191,WH-01,1,72.49,Online Payment,2.6,True,False
ORD-0002526,2023-01-06,CUST-011456,West,PRD-0008,Mobile & Tablet,ACC-0023,WH-05,2,440.88,Online Payment,4.2,False,False
ORD-0002527,2023-01-06,CUST-001375,East,PRD-0031,Home Appliances,ACC-0204,WH-04,1,115.51,Cash on Delivery,3.8,True,False
ORD-0002528,2023-01-06,CUST-017087,West,PRD-0011,Mobile & Tablet,ACC-0073,WH-05,2,1472.64,Installment Plan,3.9,True,False
ORD-0002529,2023-01-06,CUST-009204,Central,PRD-0055,Beauty & Health,ACC-0165,WH-01,2,123.08,Cash on Delivery,2.7,True,False
ORD-0002530,2023-01-06,CUST-029158,Central,PRD-0077,Books & Media,ACC-0045,WH-01,3,46.65,Online Payment,2.4,True,False
ORD-0002531,2023-01-06,CUST-026060,East,PRD-0058,Beauty & Health,ACC-0184,WH-04,2,86.54,Cash on Delivery,4.5,False,False
ORD-0002532,2023-01-06,CUST-016458,Central,PRD-0029,Home Appliances,ACC-0058,WH-01,2,496.96,Wallet Credit,3.1,False,False
ORD-0002533,2023-01-06,CUST-002486,West,PRD-0076,Books & Media,ACC-0158,WH-05,1,7.78,Cash on Delivery,3.2,True,False
ORD-0002534,2023-01-06,CUST-027582,North,PRD-0040,Fashion & Apparel,ACC-0174,WH-02,2,71.18,Online Payment,3.0,True,True
ORD-0002535,2023-01-06,CUST-014137,Central,PRD-0016,Mobile & Tablet,ACC-0226,WH-01,1,421.85,Wallet Credit,1.8,True,False
ORD-0002536,2023-01-06,CUST-035081,South,PRD-0106,Grocery & Gourmet,ACC-0077,WH-03,2,57.16,Cash on Delivery,3.7,True,False
ORD-0002537,2023-01-06,CUST-011132,West,PRD-0077,Books & Media,ACC-0219,WH-05,3,46.65,Cash on Delivery,4.4,False,False
ORD-0002538,2023-01-06,CUST-030547,West,PRD-0043,Fashion & Apparel,ACC-0079,WH-05,1,53.32,Installment Plan,4.1,False,False
ORD-0002539,2023-01-06,CUST-018687,Central,PRD-0076,Books & Media,ACC-0219,WH-01,3,23.34,Online Payment,2.0,True,False
ORD-0002540,2023-01-06,CUST-024708,East,PRD-0098,Digital Goods,ACC-0135,WH-04,1,30.06,Online Payment,4.0,True,False
ORD-0002541,2023-01-06,CUST-006373,Central,PRD-0113,Grocery & Gourmet,ACC-0099,WH-01,3,51.03,Cash on Delivery,1.9,True,False
ORD-0002542,2023-01-06,CUST-028687,Central,PRD-0018,Home Appliances,ACC-0234,WH-01,1,305.22,Wallet Credit,2.1,True,False
ORD-0002543,2023-01-06,CUST-026954,West,PRD-0077,Books & Media,ACC-0079,WH-05,2,31.1,Online Payment,3.3,True,False
ORD-0002544,2023-01-06,CUST-003624,East,PRD-0030,Home Appliances,ACC-0160,WH-04,3,437.28,Online Payment,3.2,True,False
ORD-0002545,2023-01-06,CUST-015071,Central,PRD-0032,Home Appliances,ACC-0087,WH-01,3,966.69,Online Payment,2.1,True,False
ORD-0002546,2023-01-06,CUST-008771,West,PRD-0124,Home & Kitchen,ACC-0153,WH-05,1,26.46,Installment Plan,4.2,False,False
ORD-0002547,2023-01-06,CUST-034834,Central,PRD-0124,Home & Kitchen,ACC-0158,WH-01,1,26.46,Online Payment,2.0,True,False
ORD-0002548,2023-01-06,CUST-012273,North,PRD-0022,Home Appliances,ACC-0157,WH-02,1,265.81,Online Payment,3.4,True,False
ORD-0002549,2023-01-06,CUST-016811,North,PRD-0143,Sports & Outdoor,ACC-0053,WH-02,1,45.69,Wallet Credit,3.3,True,False
ORD-0002550,2023-01-06,CUST-035974,Central,PRD-0111,Grocery & Gourmet,ACC-0211,WH-01,3,144.12,Online Payment,2.0,True,False
ORD-0002551,2023-01-06,CUST-009528,East,PRD-0093,Digital Goods,ACC-0087,WH-04,1,35.6,Online Payment,4.7,False,False
ORD-0002552,2023-01-06,CUST-021972,Central,PRD-0010,Mobile & Tablet,ACC-0057,WH-01,1,635.84,Online Payment,2.2,True,False
ORD-0002553,2023-01-06,CUST-030999,North,PRD-0083,Books & Media,ACC-0094,WH-02,2,38.68,Online Payment,3.5,True,False
ORD-0002554,2023-01-06,CUST-030942,Central,PRD-0006,Mobile & Tablet,ACC-0156,WH-01,2,723.64,Online Payment,2.1,True,False
ORD-0002555,2023-01-06,CUST-010262,West,PRD-0089,Digital Goods,ACC-0158,WH-05,1,36.42,Online Payment,4.2,False,False
ORD-0002556,2023-01-06,CUST-016997,West,PRD-0110,Grocery & Gourmet,ACC-0160,WH-05,1,47.39,Cash on Delivery,4.0,True,False
ORD-0002557,2023-01-06,CUST-007508,East,PRD-0135,Home & Kitchen,ACC-0174,WH-04,1,88.67,Online Payment,3.2,True,False
ORD-0002558,2023-01-06,CUST-027433,South,PRD-0124,Home & Kitchen,ACC-0135,WH-03,2,52.92,Installment Plan,3.3,True,False
ORD-0002559,2023-01-06,CUST-007604,East,PRD-0017,Mobile & Tablet,ACC-0044,WH-04,2,373.74,Online Payment,4.0,True,False
ORD-0002560,2023-01-06,CUST-007618,North,PRD-0109,Grocery & Gourmet,ACC-0059,WH-02,3,34.44,Wallet Credit,2.8,True,False
ORD-0002561,2023-01-06,CUST-014030,Central,PRD-0020,Home Appliances,ACC-0096,WH-01,1,525.87,Installment Plan,3.3,False,False
ORD-0002562,2023-01-06,CUST-015245,South,PRD-0021,Home Appliances,ACC-0241,WH-03,1,119.48,Cash on Delivery,3.1,True,False
ORD-0002563,2023-01-06,CUST-016863,South,PRD-0086,Digital Goods,ACC-0034,WH-03,2,49.98,Online Payment,2.8,True,False
ORD-0002564,2023-01-06,CUST-031224,East,PRD-0105,Grocery & Gourmet,ACC-0080,WH-04,2,50.36,Online Payment,4.8,False,False
ORD-0002565,2023-01-06,CUST-004234,Central,PRD-0035,Fashion & Apparel,ACC-0222,WH-01,1,90.56,Online Payment,2.3,True,False
ORD-0002566,2023-01-06,CUST-016934,Central,PRD-0015,Mobile & Tablet,ACC-0178,WH-01,2,1333.62,Online Payment,2.5,True,False
ORD-0002567,2023-01-06,CUST-032442,Central,PRD-0016,Mobile & Tablet,ACC-0073,WH-01,1,421.85,Wallet Credit,2.0,True,False
ORD-0002568,2023-01-06,CUST-027775,West,PRD-0016,Mobile & Tablet,ACC-0125,WH-05,1,421.85,Online Payment,3.1,True,False
ORD-0002569,2023-01-06,CUST-000233,Central,PRD-0031,Home Appliances,ACC-0083,WH-01,2,231.02,Cash on Delivery,2.0,True,False
ORD-0002570,2023-01-06,CUST-027000,East,PRD-0065,Beauty & Health,ACC-0028,WH-04,2,54.18,Cash on Delivery,3.7,True,False
ORD-0002571,2023-01-06,CUST-001375,East,PRD-0146,Sports & Outdoor,ACC-0209,WH-04,1,94.23,Online Payment,3.8,True,False
ORD-0002572,2023-01-06,CUST-035701,West,PRD-0036,Fashion & Apparel,ACC-0084,WH-05,3,249.66,Online Payment,3.1,True,False
ORD-0002573,2023-01-06,CUST-024125,North,PRD-0115,Grocery & Gourmet,ACC-0187,WH-02,1,18.91,Cash on Delivery,3.2,True,False
ORD-0002574,2023-01-06,CUST-015946,Central,PRD-0133,Home & Kitchen,ACC-0222,WH-01,2,222.7,Online Payment,1.8,True,False
ORD-0002575,2023-01-06,CUST-033662,West,PRD-0011,Mobile & Tablet,ACC-0250,WH-05,2,1472.64,Online Payment,3.3,True,False
ORD-0002576,2023-01-06,CUST-024942,South,PRD-0085,Books & Media,ACC-0066,WH-03,2,13.74,Online Payment,3.5,True,False
ORD-0002577,2023-01-06,CUST-014635,West,PRD-0072,Books & Media,ACC-0165,WH-05,1,5.87,Online Payment,3.5,True,False
ORD-0002578,2023-01-06,CUST-022418,North,PRD-0135,Home & Kitchen,ACC-0204,WH-02,1,88.67,Wallet Credit,2.7,True,False
ORD-0002579,2023-01-06,CUST-002551,North,PRD-0080,Books & Media,ACC-0142,WH-02,2,25.04,Installment Plan,3.6,True,False
ORD-0002580,2023-01-06,CUST-001785,Central,PRD-0101,Digital Goods,ACC-0110,WH-01,1,19.23,Online Payment,2.3,True,False
ORD-0002581,2023-01-06,CUST-015287,West,PRD-0097,Digital Goods,ACC-0187,WH-05,3,75.54,Cash on Delivery,3.1,True,False
ORD-0002582,2023-01-06,CUST-018381,Central,PRD-0036,Fashion & Apparel,ACC-0148,WH-01,2,166.44,Wallet Credit,2.0,True,False
ORD-0002583,2023-01-06,CUST-030010,East,PRD-0004,Mobile & Tablet,ACC-0110,WH-04,1,179.1,Cash on Delivery,3.7,True,False
ORD-0002584,2023-01-06,CUST-017828,East,PRD-0003,Mobile & Tablet,ACC-0224,WH-04,1,226.53,Online Payment,3.2,True,False
ORD-0002585,2023-01-06,CUST-009217,Central,PRD-0110,Grocery & Gourmet,ACC-0006,WH-01,1,47.39,Cash on Delivery,2.6,True,False
ORD-0002586,2023-01-06,CUST-019193,West,PRD-0033,Home Appliances,ACC-0084,WH-05,1,449.97,Online Payment,4.1,False,False
ORD-0002587,2023-01-06,CUST-032776,Central,PRD-0034,Home Appliances,ACC-0247,WH-01,1,132.98,Wallet Credit,2.3,True,False
ORD-0002588,2023-01-06,CUST-014908,East,PRD-0095,Digital Goods,ACC-0126,WH-04,2,65.14,Cash on Delivery,2.8,True,False
ORD-0002589,2023-01-06,CUST-004693,North,PRD-0043,Fashion & Apparel,ACC-0001,WH-02,1,53.32,Online Payment,2.8,True,True
ORD-0002590,2023-01-06,CUST-034857,West,PRD-0005,Mobile & Tablet,ACC-0189,WH-05,2,1432.76,Online Payment,5.0,False,False
ORD-0002591,2023-01-06,CUST-015562,Central,PRD-0099,Digital Goods,ACC-0047,WH-01,3,69.81,Cash on Delivery,1.9,True,False
ORD-0002592,2023-01-06,CUST-009372,East,PRD-0129,Home & Kitchen,ACC-0257,WH-04,1,37.2,Wallet Credit,3.9,True,False
ORD-0002593,2023-01-06,CUST-028071,South,PRD-0015,Mobile & Tablet,ACC-0003,WH-03,2,1333.62,Installment Plan,3.4,True,False
ORD-0002594,2023-01-06,CUST-026436,East,PRD-0041,Fashion & Apparel,ACC-0145,WH-01,1,38.91,Online Payment,2.2,True,False
ORD-0002595,2023-01-06,CUST-016838,East,PRD-0081,Books & Media,ACC-0253,WH-04,3,33.21,Cash on Delivery,3.3,True,False
ORD-0002596,2023-01-06,CUST-013180,East,PRD-0106,Grocery & Gourmet,ACC-0185,WH-04,3,85.74,Online Payment,3.9,True,False
ORD-0002597,2023-01-06,CUST-008298,West,PRD-0145,Sports & Outdoor,ACC-0009,WH-01,1,29.79,Wallet Credit,2.6,True,False
ORD-0002598,2023-01-06,CUST-026313,South,PRD-0037,Fashion & Apparel,ACC-0101,WH-03,2,51.06,Online Payment,3.8,True,False
ORD-0002599,2023-01-06,CUST-016950,Central,PRD-0068,Beauty & Health,ACC-0152,WH-01,1,59.75,Online Payment,2.0,True,False
ORD-0002600,2023-01-06,CUST-011431,North,PRD-0030,Home Appliances,ACC-0077,WH-02,1,145.76,Online Payment,2.6,True,False
ORD-0002601,2023-01-06,CUST-032651,North,PRD-0116,Grocery & Gourmet,ACC-0145,WH-02,1,39.14,Online Payment,3.1,True,False
ORD-0002602,2023-01-06,CUST-021419,North,PRD-0005,Mobile & Tablet,ACC-0190,WH-02,3,2149.14,Cash on Delivery,2.9,True,False
ORD-0002603,2023-01-06,CUST-035495,Central,PRD-0052,Beauty & Health,ACC-0213,WH-01,2,101.66,Online Payment,2.9,True,True
ORD-0002604,2023-01-06,CUST-010108,South,PRD-0039,Fashion & Apparel,ACC-0015,WH-03,2,115.9,Online Payment,3.6,True,False
ORD-0002605,2023-01-06,CUST-035648,East,PRD-0051,Fashion & Apparel,ACC-0066,WH-04,1,29.63,Cash on Delivery,3.4,True,False
ORD-0002606,2023-01-06,CUST-032739,Central,PRD-0123,Home & Kitchen,ACC-0219,WH-01,1,82.38,Online Payment,2.1,True,False
ORD-0002607,2023-01-06,CUST-035361,North,PRD-0020,Home Appliances,ACC-0126,WH-02,2,1051.74,Online Payment,2.5,True,False
ORD-0002608,2023-01-06,CUST-000456,Central,PRD-0094,Digital Goods,ACC-0033,WH-01,1,31.33,Online Payment,3.0,True,False
ORD-0002609,2023-01-06,CUST-003806,Central,PRD-0135,Home & Kitchen,ACC-0224,WH-01,1,88.67,Online Payment,2.5,True,False
ORD-0002610,2023-01-06,CUST-004873,Central,PRD-0145,Sports & Outdoor,ACC-0221,WH-01,1,29.79,Online Payment,2.8,True,False
ORD-0002611,2023-01-06,CUST-025223,South,PRD-0024,Home Appliances,ACC-0144,WH-03,1,262.8,Installment Plan,2.9,True,True
ORD-0002612,2023-01-06,CUST-018353,South,PRD-0085,Books & Media,ACC-0106,WH-03,1,6.87,Online Payment,3.7,True,False
ORD-0002613,2023-01-06,CUST-033003,East,PRD-0050,Fashion & Apparel,ACC-0190,WH-04,1,30.13,Cash on Delivery,2.9,True,False
ORD-0002614,2023-01-06,CUST-025362,North,PRD-0101,Digital Goods,ACC-0055,WH-02,1,19.23,Wallet Credit,4.0,True,False
ORD-0002615,2023-01-06,CUST-028909,Central,PRD-0025,Home Appliances,ACC-0007,WH-01,1,178.8,Wallet Credit,2.2,True,False
ORD-0002616,2023-01-06,CUST-012840,Central,PRD-0015,Mobile & Tablet,ACC-0233,WH-01,1,666.81,Online Payment,2.9,True,False
ORD-0002617,2023-01-06,CUST-015562,Central,PRD-0011,Mobile & Tablet,ACC-0102,WH-01,1,736.32,Online Payment,2.8,True,False
ORD-0002618,2023-01-06,CUST-024089,South,PRD-0114,Grocery & Gourmet,ACC-0097,WH-03,2,60.48,Online Payment,3.7,True,False
ORD-0002619,2023-01-06,CUST-028457,West,PRD-0033,Home Appliances,ACC-0006,WH-05,2,899.94,Wallet Credit,3.5,True,False
ORD-0002620,2023-01-06,CUST-010584,East,PRD-0029,Home Appliances,ACC-0165,WH-04,1,248.48,Wallet Credit,3.5,True,False
ORD-0002621,2023-01-06,CUST-007923,North,PRD-0052,Beauty & Health,ACC-0092,WH-02,3,152.49,Online Payment,2.7,True,False
ORD-0002622,2023-01-06,CUST-015817,Central,PRD-0093,Digital Goods,ACC-0225,WH-01,1,35.6,Cash on Delivery,2.2,True,False
ORD-0002623,2023-01-06,CUST-004996,Central,PRD-0095,Digital Goods,ACC-0013,WH-01,2,65.14,Cash on Delivery,1.9,True,False
ORD-0002624,2023-01-06,CUST-019231,North,PRD-0035,Fashion & Apparel,ACC-0068,WH-02,3,271.68,Online Payment,3.1,True,False
ORD-0002625,2023-01-06,CUST-005286,North,PRD-0112,Grocery & Gourmet,ACC-0148,WH-02,1,13.56,Wallet Credit,3.0,True,False
ORD-0002626,2023-01-06,CUST-017923,Central,PRD-0017,Mobile & Tablet,ACC-0051,WH-01,1,186.87,Online Payment,2.6,True,False
ORD-0002627,2023-01-06,CUST-017230,Central,PRD-0152,Sports & Outdoor,ACC-0175,WH-01,1,54.78,Installment Plan,1.9,True,False
ORD-0002628,2023-01-06,CUST-027414,North,PRD-0070,Books & Media,ACC-0179,WH-02,2,44.44,Cash on Delivery,2.7,True,False
ORD-0002629,2023-01-06,CUST-013662,North,PRD-0105,Grocery & Gourmet,ACC-0053,WH-02,1,25.18,Installment Plan,4.0,True,False
ORD-0002630,2023-01-06,CUST-009305,East,PRD-0100,Digital Goods,ACC-0095,WH-04,1,10.71,Online Payment,3.7,True,False
ORD-0002631,2023-01-06,CUST-006108,Central,PRD-0095,Digital Goods,ACC-0103,WH-01,2,65.14,Wallet Credit,2.5,True,False
ORD-0002632,2023-01-06,CUST-017814,North,PRD-0066,Beauty & Health,ACC-0216,WH-02,3,171.6,Online Payment,2.6,True,False
ORD-0002633,2023-01-06,CUST-014831,Central,PRD-0148,Sports & Outdoor,ACC-0138,WH-01,2,271.1,Installment Plan,2.4,True,False
ORD-0002634,2023-01-06,CUST-002638,Central,PRD-0037,Fashion & Apparel,ACC-0172,WH-01,1,25.53,Installment Plan,3.4,False,False
ORD-0002635,2023-01-06,CUST-017040,West,PRD-0040,Fashion & Apparel,ACC-0187,WH-05,2,71.18,Wallet Credit,3.4,True,False
ORD-0002636,2023-01-06,CUST-016589,North,PRD-0036,Fashion & Apparel,ACC-0239,WH-02,2,166.44,Online Payment,4.3,False,False
ORD-0002637,2023-01-06,CUST-011715,West,PRD-0002,Mobile & Tablet,ACC-0053,WH-05,1,504.12,Online Payment,3.3,True,False
ORD-0002638,2023-01-06,CUST-017091,East,PRD-0086,Digital Goods,ACC-0255,WH-04,1,24.99,Wallet Credit,3.8,True,False
ORD-0002639,2023-01-06,CUST-034725,North,PRD-0153,Sports & Outdoor,ACC-0050,WH-02,1,80.58,Online Payment,2.7,True,False
ORD-0002640,2023-01-06,CUST-001633,East,PRD-0057,Beauty & Health,ACC-0154,WH-04,1,14.27,Installment Plan,4.4,False,False
ORD-0002641,2023-01-06,CUST-032627,South,PRD-0048,Fashion & Apparel,ACC-0073,WH-03,1,71.58,Online Payment,3.2,True,False
ORD-0002642,2023-01-06,CUST-012830,Central,PRD-0044,Fashion & Apparel,ACC-0083,WH-01,1,78.47,Online Payment,2.6,True,False
ORD-0002643,2023-01-06,CUST-023559,East,PRD-0132,Home & Kitchen,ACC-0136,WH-04,1,66.35,Wallet Credit,3.7,True,False
ORD-0002644,2023-01-06,CUST-011899,West,PRD-0031,Home Appliances,ACC-0077,WH-05,3,346.53,Installment Plan,3.4,True,False
ORD-0002645,2023-01-06,CUST-007855,Central,PRD-0147,Sports & Outdoor,ACC-0224,WH-01,1,131.3,Online Payment,2.0,True,False
ORD-0002646,2023-01-06,CUST-006865,West,PRD-0040,Fashion & Apparel,ACC-0068,WH-05,1,35.59,Online Payment,3.6,True,False
ORD-0002647,2023-01-06,CUST-012738,North,PRD-0018,Home Appliances,ACC-0249,WH-02,1,305.22,Online Payment,3.3,True,False
ORD-0002648,2023-01-06,CUST-032239,West,PRD-0070,Books & Media,ACC-0253,WH-05,2,44.44,Wallet Credit,3.9,True,False
ORD-0002649,2023-01-06,CUST-020326,West,PRD-0099,Digital Goods,ACC-0003,WH-05,3,69.81,Online Payment,3.9,True,False
ORD-0002650,2023-01-06,CUST-019019,Central,PRD-0139,Sports & Outdoor,ACC-0062,WH-01,2,157.06,Wallet Credit,1.8,True,False
ORD-0002651,2023-01-06,CUST-001071,North,PRD-0082,Books & Media,ACC-0037,WH-02,3,41.31,Wallet Credit,2.9,True,False
ORD-0002652,2023-01-06,CUST-029206,Central,PRD-0125,Home & Kitchen,ACC-0057,WH-01,1,108.61,Cash on Delivery,2.1,True,False
ORD-0002653,2023-01-06,CUST-002957,West,PRD-0112,Grocery & Gourmet,ACC-0160,WH-05,2,27.12,Installment Plan,3.4,True,False
ORD-0002654,2023-01-06,CUST-000931,Central,PRD-0097,Digital Goods,ACC-0022,WH-01,1,25.18,Online Payment,2.0,True,False
ORD-0002655,2023-01-06,CUST-020632,Central,PRD-0114,Grocery & Gourmet,ACC-0080,WH-01,1,30.24,Online Payment,2.6,True,False
ORD-0002656,2023-01-06,CUST-032814,North,PRD-0125,Home & Kitchen,ACC-0086,WH-02,1,108.61,Online Payment,3.0,True,False
ORD-0002657,2023-01-06,CUST-003646,East,PRD-0120,Home & Kitchen,ACC-0032,WH-04,1,72.26,Online Payment,3.4,True,False
ORD-0002658,2023-01-06,CUST-022896,Central,PRD-0114,Grocery & Gourmet,ACC-0208,WH-01,2,60.48,Online Payment,2.6,True,False
ORD-0002659,2023-01-06,CUST-003548,Central,PRD-0115,Grocery & Gourmet,ACC-0105,WH-01,2,37.82,Online Payment,1.9,True,False
ORD-0002660,2023-01-06,CUST-025109,Central,PRD-0102,Digital Goods,ACC-0260,WH-01,1,27.27,Online Payment,2.6,True,False
ORD-0002661,2023-01-06,CUST-013564,North,PRD-0035,Fashion & Apparel,ACC-0101,WH-02,2,181.12,Wallet Credit,3.5,True,True
ORD-0002662,2023-01-06,CUST-028332,Central,PRD-0037,Fashion & Apparel,ACC-0102,WH-01,1,25.53,Online Payment,2.6,True,False
ORD-0002663,2023-01-06,CUST-017640,West,PRD-0104,Grocery & Gourmet,ACC-0174,WH-05,2,28.52,Online Payment,3.7,True,False
ORD-0002664,2023-01-06,CUST-000756,West,PRD-0088,Digital Goods,ACC-0120,WH-05,2,65.2,Online Payment,3.3,True,False
ORD-0002665,2023-01-06,CUST-022722,South,PRD-0011,Mobile & Tablet,ACC-0089,WH-03,3,2208.96,Wallet Credit,3.3,True,False
ORD-0002666,2023-01-06,CUST-026436,East,PRD-0036,Fashion & Apparel,ACC-0215,WH-04,1,83.22,Cash on Delivery,3.3,True,False
ORD-0002667,2023-01-06,CUST-031621,Central,PRD-0081,Books & Media,ACC-0114,WH-01,1,11.07,Online Payment,2.4,True,False
ORD-0002668,2023-01-06,CUST-026288,Central,PRD-0049,Fashion & Apparel,ACC-0019,WH-01,3,243.81,Wallet Credit,2.0,True,False
ORD-0002669,2023-01-06,CUST-013607,West,PRD-0004,Mobile & Tablet,ACC-0015,WH-05,1,179.1,Online Payment,3.8,True,False
ORD-0002670,2023-01-06,CUST-024291,North,PRD-0086,Digital Goods,ACC-0096,WH-02,1,24.99,Cash on Delivery,3.6,True,False
ORD-0002671,2023-01-06,CUST-015495,Central,PRD-0133,Home & Kitchen,ACC-0122,WH-01,2,222.7,Online Payment,2.2,True,False
ORD-0002672,2023-01-06,CUST-033110,East,PRD-0056,Beauty & Health,ACC-0187,WH-04,1,23.51,Online Payment,3.1,True,False
ORD-0002673,2023-01-06,CUST-002959,North,PRD-0056,Beauty & Health,ACC-0180,WH-02,2,47.02,Online Payment,3.2,True,False
ORD-0002674,2023-01-06,CUST-034126,South,PRD-0009,Mobile & Tablet,ACC-0064,WH-01,1,546.26,Wallet Credit,2.3,True,False
ORD-0002675,2023-01-06,CUST-019454,South,PRD-0124,Home & Kitchen,ACC-0108,WH-03,2,52.92,Installment Plan,3.5,True,False
ORD-0002676,2023-01-06,CUST-015061,Central,PRD-0003,Mobile & Tablet,ACC-0062,WH-01,1,226.53,Wallet Credit,2.3,True,True
ORD-0002677,2023-01-06,CUST-007337,North,PRD-0069,Books & Media,ACC-0241,WH-02,1,19.93,Online Payment,2.8,True,False
ORD-0002678,2023-01-06,CUST-016624,North,PRD-0021,Home Appliances,ACC-0190,WH-02,1,119.48,Cash on Delivery,2.6,True,False
ORD-0002679,2023-01-06,CUST-001241,Central,PRD-0043,Fashion & Apparel,ACC-0086,WH-01,1,53.32,Online Payment,2.6,True,False
ORD-0002680,2023-01-06,CUST-032791,Central,PRD-0102,Digital Goods,ACC-0122,WH-01,1,27.27,Online Payment,3.3,False,False
ORD-0002681,2023-01-06,CUST-014513,East,PRD-0139,Sports & Outdoor,ACC-0071,WH-01,3,235.59,Online Payment,2.3,True,False
ORD-0002682,2023-01-06,CUST-032996,Central,PRD-0131,Home & Kitchen,ACC-0105,WH-01,1,102.11,Wallet Credit,2.4,True,False
ORD-0002683,2023-01-06,CUST-002161,East,PRD-0064,Beauty & Health,ACC-0215,WH-04,2,57.88,Cash on Delivery,4.0,True,False
ORD-0002684,2023-01-06,CUST-032742,East,PRD-0101,Digital Goods,ACC-0213,WH-04,2,38.46,Wallet Credit,3.7,True,False
ORD-0002685,2023-01-06,CUST-021126,East,PRD-0095,Digital Goods,ACC-0242,WH-04,2,65.14,Wallet Credit,4.2,False,False
ORD-0002686,2023-01-06,CUST-016270,Central,PRD-0074,Books & Media,ACC-0076,WH-01,3,63.66,Online Payment,2.5,True,False
ORD-0002687,2023-01-06,CUST-032149,West,PRD-0063,Beauty & Health,ACC-0126,WH-05,1,27.57,Wallet Credit,3.0,True,False
ORD-0002688,2023-01-06,CUST-025457,Central,PRD-0057,Beauty & Health,ACC-0132,WH-01,3,42.81,Cash on Delivery,2.4,True,False
ORD-0002689,2023-01-06,CUST-016711,North,PRD-0085,Books & Media,ACC-0157,WH-02,3,20.61,Online Payment,4.2,False,False
ORD-0002690,2023-01-06,CUST-030976,Central,PRD-0125,Home & Kitchen,ACC-0028,WH-01,2,217.22,Wallet Credit,2.1,True,False
ORD-0002691,2023-01-06,CUST-029867,West,PRD-0007,Mobile & Tablet,ACC-0120,WH-05,1,541.66,Online Payment,3.2,True,False
ORD-0002692,2023-01-06,CUST-025727,South,PRD-0125,Home & Kitchen,ACC-0115,WH-03,1,108.61,Cash on Delivery,3.5,True,False
ORD-0002693,2023-01-06,CUST-028949,North,PRD-0088,Digital Goods,ACC-0160,WH-02,2,65.2,Cash on Delivery,2.5,True,False
ORD-0002694,2023-01-06,CUST-014683,North,PRD-0111,Grocery & Gourmet,ACC-0144,WH-02,1,48.04,Online Payment,3.1,True,False
ORD-0002695,2023-01-06,CUST-030536,East,PRD-0119,Grocery & Gourmet,ACC-0224,WH-04,1,15.1,Online Payment,3.6,True,False
ORD-0002696,2023-01-06,CUST-029525,North,PRD-0106,Grocery & Gourmet,ACC-0148,WH-02,2,57.16,Wallet Credit,3.2,True,False
ORD-0002697,2023-01-06,CUST-034461,East,PRD-0087,Digital Goods,ACC-0198,WH-04,1,12.22,Online Payment,2.9,True,False
ORD-0002698,2023-01-06,CUST-031331,East,PRD-0107,Grocery & Gourmet,ACC-0179,WH-04,2,58.16,Cash on Delivery,2.9,True,False
ORD-0002699,2023-01-06,CUST-003549,East,PRD-0133,Home & Kitchen,ACC-0125,WH-04,1,111.35,Online Payment,3.5,True,False
ORD-0002700,2023-01-06,CUST-005491,South,PRD-0091,Digital Goods,ACC-0121,WH-03,1,18.22,Online Payment,4.3,False,False
ORD-0002701,2023-01-06,CUST-017313,North,PRD-0038,Fashion & Apparel,ACC-0184,WH-02,2,83.46,Online Payment,3.7,True,False
ORD-0002702,2023-01-06,CUST-018745,South,PRD-0022,Home Appliances,ACC-0165,WH-03,1,265.81,Cash on Delivery,3.1,True,False
ORD-0002703,2023-01-06,CUST-024735,East,PRD-0090,Digital Goods,ACC-0083,WH-04,3,50.64,Cash on Delivery,3.3,True,False
ORD-0002704,2023-01-06,CUST-020650,South,PRD-0022,Home Appliances,ACC-0237,WH-03,2,531.62,Cash on Delivery,3.7,True,False
ORD-0002705,2023-01-06,CUST-012573,East,PRD-0112,Grocery & Gourmet,ACC-0228,WH-04,1,13.56,Installment Plan,3.7,True,False
ORD-0002706,2023-01-06,CUST-023667,South,PRD-0127,Home & Kitchen,ACC-0005,WH-03,2,227.96,Wallet Credit,3.5,True,False
ORD-0002707,2023-01-06,CUST-028529,West,PRD-0007,Mobile & Tablet,ACC-0084,WH-05,1,541.66,Online Payment,3.9,True,False
ORD-0002708,2023-01-06,CUST-008528,West,PRD-0126,Home & Kitchen,ACC-0125,WH-05,1,58.15,Installment Plan,4.0,True,False
ORD-0002709,2023-01-06,CUST-021022,Central,PRD-0101,Digital Goods,ACC-0244,WH-01,1,19.23,Cash on Delivery,2.6,True,False
ORD-0002710,2023-01-06,CUST-034366,Central,PRD-0144,Sports & Outdoor,ACC-0132,WH-01,1,72.68,Online Payment,1.9,True,False
ORD-0002711,2023-01-06,CUST-016684,East,PRD-0083,Books & Media,ACC-0229,WH-04,1,19.34,Online Payment,2.9,True,False
ORD-0002712,2023-01-06,CUST-022627,Central,PRD-0007,Mobile & Tablet,ACC-0075,WH-01,1,541.66,Cash on Delivery,2.0,True,False
ORD-0002713,2023-01-06,CUST-028721,North,PRD-0106,Grocery & Gourmet,ACC-0101,WH-02,1,28.58,Wallet Credit,2.6,True,False
ORD-0002714,2023-01-06,CUST-010121,North,PRD-0028,Home Appliances,ACC-0222,WH-02,1,499.88,Online Payment,3.5,True,False
ORD-0002715,2023-01-06,CUST-028236,West,PRD-0103,Grocery & Gourmet,ACC-0190,WH-05,2,51.52,Online Payment,3.0,True,False
ORD-0002716,2023-01-06,CUST-035882,East,PRD-0030,Home Appliances,ACC-0226,WH-04,2,291.52,Online Payment,3.2,True,False
ORD-0002717,2023-01-06,CUST-002078,South,PRD-0059,Beauty & Health,ACC-0160,WH-03,1,36.31,Online Payment,3.8,True,False
ORD-0002718,2023-01-06,CUST-024805,Central,PRD-0051,Fashion & Apparel,ACC-0052,WH-01,1,29.63,Online Payment,2.9,True,True
ORD-0002719,2023-01-06,CUST-025033,East,PRD-0040,Fashion & Apparel,ACC-0246,WH-04,1,35.59,Online Payment,3.0,True,False
ORD-0002720,2023-01-06,CUST-031891,West,PRD-0070,Books & Media,ACC-0002,WH-05,2,44.44,Installment Plan,4.3,False,False
ORD-0002721,2023-01-06,CUST-034657,West,PRD-0097,Digital Goods,ACC-0006,WH-01,1,25.18,Wallet Credit,1.8,True,False
ORD-0002722,2023-01-06,CUST-016298,Central,PRD-0144,Sports & Outdoor,ACC-0214,WH-01,3,218.04,Installment Plan,2.0,True,False
ORD-0002723,2023-01-06,CUST-026937,Central,PRD-0131,Home & Kitchen,ACC-0184,WH-01,2,204.22,Cash on Delivery,2.2,True,False
ORD-0002724,2023-01-06,CUST-009022,South,PRD-0043,Fashion & Apparel,ACC-0036,WH-03,1,53.32,Cash on Delivery,3.7,True,True
ORD-0002725,2023-01-06,CUST-014432,Central,PRD-0115,Grocery & Gourmet,ACC-0140,WH-01,2,37.82,Online Payment,2.1,True,False
ORD-0002726,2023-01-06,CUST-030186,East,PRD-0025,Home Appliances,ACC-0057,WH-04,3,536.4,Cash on Delivery,3.4,True,False
ORD-0002727,2023-01-06,CUST-011501,Central,PRD-0095,Digital Goods,ACC-0221,WH-01,1,32.57,Online Payment,2.4,True,False
ORD-0002728,2023-01-06,CUST-001844,Central,PRD-0128,Home & Kitchen,ACC-0249,WH-01,1,95.86,Online Payment,1.7,True,False
ORD-0002729,2023-01-06,CUST-007888,Central,PRD-0001,Mobile & Tablet,ACC-0194,WH-01,1,214.68,Online Payment,2.3,True,False
ORD-0002730,2023-01-06,CUST-025004,North,PRD-0134,Home & Kitchen,ACC-0062,WH-02,2,235.58,Online Payment,3.1,True,False
ORD-0002731,2023-01-06,CUST-007758,Central,PRD-0152,Sports & Outdoor,ACC-0193,WH-01,1,54.78,Online Payment,4.1,False,False
ORD-0002732,2023-01-06,CUST-030710,East,PRD-0042,Fashion & Apparel,ACC-0153,WH-01,2,188.44,Online Payment,2.2,True,False
ORD-0002733,2023-01-06,CUST-010336,West,PRD-0034,Home Appliances,ACC-0190,WH-05,1,132.98,Online Payment,3.1,True,False
ORD-0002734,2023-01-06,CUST-021066,Central,PRD-0097,Digital Goods,ACC-0033,WH-01,1,25.18,Online Payment,2.9,True,False
ORD-0002735,2023-01-06,CUST-012456,West,PRD-0009,Mobile & Tablet,ACC-0013,WH-05,2,1092.52,Online Payment,3.1,True,False
ORD-0002736,2023-01-06,CUST-002285,Central,PRD-0109,Grocery & Gourmet,ACC-0105,WH-01,2,22.96,Installment Plan,3.4,False,False
ORD-0002737,2023-01-06,CUST-015086,West,PRD-0077,Books & Media,ACC-0125,WH-05,2,31.1,Online Payment,3.3,True,False
ORD-0002738,2023-01-06,CUST-030891,West,PRD-0009,Mobile & Tablet,ACC-0216,WH-05,1,546.26,Wallet Credit,3.4,True,False
ORD-0002739,2023-01-06,CUST-017713,Central,PRD-0004,Mobile & Tablet,ACC-0047,WH-01,2,358.2,Wallet Credit,1.8,True,False
ORD-0002740,2023-01-06,CUST-010316,South,PRD-0014,Mobile & Tablet,ACC-0034,WH-03,1,280.0,Online Payment,3.0,True,False
ORD-0002741,2023-01-06,CUST-013783,West,PRD-0117,Grocery & Gourmet,ACC-0106,WH-05,2,49.72,Cash on Delivery,3.4,True,False
ORD-0002742,2023-01-06,CUST-028447,East,PRD-0099,Digital Goods,ACC-0226,WH-04,3,69.81,Wallet Credit,3.2,True,False
ORD-0002743,2023-01-06,CUST-016310,North,PRD-0002,Mobile & Tablet,ACC-0226,WH-01,2,1008.24,Wallet Credit,1.9,True,False
ORD-0002744,2023-01-06,CUST-018843,South,PRD-0090,Digital Goods,ACC-0082,WH-03,2,33.76,Online Payment,3.7,True,False
ORD-0002745,2023-01-06,CUST-012297,North,PRD-0114,Grocery & Gourmet,ACC-0015,WH-01,2,60.48,Cash on Delivery,1.8,True,False
ORD-0002746,2023-01-06,CUST-031696,Central,PRD-0055,Beauty & Health,ACC-0087,WH-01,1,61.54,Online Payment,2.4,True,False
ORD-0002747,2023-01-06,CUST-027612,Central,PRD-0143,Sports & Outdoor,ACC-0013,WH-01,1,45.69,Online Payment,2.5,True,False
ORD-0002748,2023-01-06,CUST-033993,Central,PRD-0095,Digital Goods,ACC-0002,WH-01,1,32.57,Wallet Credit,3.0,True,False
ORD-0002749,2023-01-06,CUST-030781,Central,PRD-0131,Home & Kitchen,ACC-0101,WH-01,2,204.22,Online Payment,1.8,True,False
ORD-0002750,2023-01-06,CUST-016147,Central,PRD-0117,Grocery & Gourmet,ACC-0206,WH-01,1,24.86,Cash on Delivery,2.3,True,False
ORD-0002751,2023-01-06,CUST-008255,North,PRD-0004,Mobile & Tablet,ACC-0176,WH-02,2,358.2,Online Payment,2.8,True,False
ORD-0002752,2023-01-06,CUST-013962,East,PRD-0112,Grocery & Gourmet,ACC-0140,WH-04,2,27.12,Cash on Delivery,3.5,True,False
ORD-0002753,2023-01-06,CUST-029963,Central,PRD-0049,Fashion & Apparel,ACC-0201,WH-01,1,81.27,Cash on Delivery,3.0,True,False
ORD-0002754,2023-01-06,CUST-005782,Central,PRD-0112,Grocery & Gourmet,ACC-0089,WH-01,3,40.68,Wallet Credit,2.3,True,False
ORD-0002755,2023-01-06,CUST-026014,Central,PRD-0123,Home & Kitchen,ACC-0162,WH-01,1,82.38,Online Payment,1.8,True,False
ORD-0002756,2023-01-06,CUST-023604,Central,PRD-0094,Digital Goods,ACC-0101,WH-01,1,31.33,Installment Plan,2.8,True,False
ORD-0002757,2023-01-06,CUST-023849,East,PRD-0090,Digital Goods,ACC-0122,WH-01,1,16.88,Online Payment,1.7,True,False
ORD-0002758,2023-01-06,CUST-027931,East,PRD-0028,Home Appliances,ACC-0136,WH-04,1,499.88,Wallet Credit,3.6,True,False
ORD-0002759,2023-01-06,CUST-003190,North,PRD-0021,Home Appliances,ACC-0173,WH-01,1,119.48,Online Payment,3.0,True,False
ORD-0002760,2023-01-06,CUST-017916,East,PRD-0134,Home & Kitchen,ACC-0143,WH-04,1,117.79,Cash on Delivery,3.3,True,False
ORD-0002761,2023-01-06,CUST-032807,North,PRD-0062,Beauty & Health,ACC-0150,WH-01,1,39.19,Cash on Delivery,2.1,True,False
ORD-0002762,2023-01-06,CUST-010561,North,PRD-0039,Fashion & Apparel,ACC-0256,WH-02,1,57.95,Online Payment,3.4,True,False
ORD-0002763,2023-01-06,CUST-001587,North,PRD-0073,Books & Media,ACC-0194,WH-02,1,20.32,Cash on Delivery,2.7,True,False
ORD-0002764,2023-01-06,CUST-032900,Central,PRD-0069,Books & Media,ACC-0006,WH-01,1,19.93,Online Payment,2.2,True,False
ORD-0002765,2023-01-06,CUST-004556,North,PRD-0014,Mobile & Tablet,ACC-0243,WH-01,1,280.0,Cash on Delivery,2.1,True,False
ORD-0002766,2023-01-06,CUST-034939,Central,PRD-0039,Fashion & Apparel,ACC-0001,WH-01,1,57.95,Online Payment,2.0,True,False
ORD-0002767,2023-01-06,CUST-024825,North,PRD-0023,Home Appliances,ACC-0190,WH-02,1,528.07,Installment Plan,3.3,True,True
ORD-0002768,2023-01-06,CUST-026284,Central,PRD-0121,Home & Kitchen,ACC-0139,WH-01,3,81.9,Wallet Credit,2.1,True,False
ORD-0002769,2023-01-06,CUST-022017,North,PRD-0018,Home Appliances,ACC-0040,WH-02,2,610.44,Online Payment,3.2,True,False
ORD-0002770,2023-01-06,CUST-015467,Central,PRD-0141,Sports & Outdoor,ACC-0006,WH-01,2,89.38,Wallet Credit,1.8,True,False
ORD-0002771,2023-01-06,CUST-007159,Central,PRD-0119,Grocery & Gourmet,ACC-0097,WH-01,1,15.1,Cash on Delivery,2.8,True,False
ORD-0002772,2023-01-06,CUST-006945,South,PRD-0008,Mobile & Tablet,ACC-0192,WH-03,1,220.44,Cash on Delivery,3.8,True,False
ORD-0002773,2023-01-06,CUST-012802,Central,PRD-0131,Home & Kitchen,ACC-0255,WH-01,1,102.11,Online Payment,2.0,True,False
ORD-0002774,2023-01-06,CUST-008237,Central,PRD-0058,Beauty & Health,ACC-0135,WH-01,1,43.27,Online Payment,2.1,True,False
ORD-0002775,2023-01-06,CUST-029206,Central,PRD-0141,Sports & Outdoor,ACC-0092,WH-01,2,89.38,Online Payment,2.6,True,False
ORD-0002776,2023-01-06,CUST-010554,South,PRD-0073,Books & Media,ACC-0067,WH-01,1,20.32,Installment Plan,1.9,True,False
ORD-0002777,2023-01-06,CUST-013201,Central,PRD-0079,Books & Media,ACC-0253,WH-01,2,19.96,Wallet Credit,2.2,True,False
ORD-0002778,2023-01-06,CUST-027301,Central,PRD-0117,Grocery & Gourmet,ACC-0089,WH-01,3,74.58,Wallet Credit,2.2,True,False
ORD-0002779,2023-01-06,CUST-029091,South,PRD-0121,Home & Kitchen,ACC-0043,WH-03,1,27.3,Online Payment,2.9,True,False
ORD-0002780,2023-01-06,CUST-020468,South,PRD-0014,Mobile & Tablet,ACC-0123,WH-03,2,560.0,Online Payment,3.4,True,False
ORD-0002781,2023-01-06,CUST-007087,North,PRD-0065,Beauty & Health,ACC-0133,WH-02,2,54.18,Wallet Credit,2.8,True,False
ORD-0002782,2023-01-06,CUST-009352,North,PRD-0004,Mobile & Tablet,ACC-0215,WH-02,2,358.2,Online Payment,3.0,True,False
ORD-0002783,2023-01-06,CUST-022353,Central,PRD-0043,Fashion & Apparel,ACC-0255,WH-01,1,53.32,Online Payment,1.7,True,False
ORD-0002784,2023-01-06,CUST-008891,Central,PRD-0052,Beauty & Health,ACC-0061,WH-01,3,152.49,Online Payment,1.9,True,False
ORD-0002785,2023-01-06,CUST-004693,North,PRD-0027,Home Appliances,ACC-0091,WH-02,1,129.58,Online Payment,2.7,True,False
ORD-0002786,2023-01-06,CUST-021900,Central,PRD-0034,Home Appliances,ACC-0103,WH-01,1,132.98,Online Payment,2.6,True,False
ORD-0002787,2023-01-06,CUST-015266,South,PRD-0075,Books & Media,ACC-0245,WH-03,1,21.86,Installment Plan,3.1,True,False
ORD-0002788,2023-01-06,CUST-005419,North,PRD-0110,Grocery & Gourmet,ACC-0192,WH-02,1,47.39,Online Payment,3.0,True,False
ORD-0002789,2023-01-06,CUST-029563,Central,PRD-0084,Books & Media,ACC-0027,WH-01,1,10.36,Online Payment,2.5,True,False
ORD-0002790,2023-01-06,CUST-015354,Central,PRD-0021,Home Appliances,ACC-0190,WH-01,1,119.48,Online Payment,2.9,True,True
ORD-0002791,2023-01-06,CUST-012300,South,PRD-0014,Mobile & Tablet,ACC-0093,WH-03,1,280.0,Wallet Credit,4.4,False,False
ORD-0002792,2023-01-06,CUST-023035,Central,PRD-0076,Books & Media,ACC-0031,WH-01,1,7.78,Online Payment,2.9,True,False
ORD-0002793,2023-01-06,CUST-032080,East,PRD-0036,Fashion & Apparel,ACC-0249,WH-04,1,83.22,Wallet Credit,3.6,True,False
ORD-0002794,2023-01-06,CUST-004693,North,PRD-0122,Home & Kitchen,ACC-0052,WH-02,1,60.21,Online Payment,3.7,True,False
ORD-0002795,2023-01-06,CUST-001844,Central,PRD-0014,Mobile & Tablet,ACC-0255,WH-01,1,280.0,Cash on Delivery,1.9,True,False
ORD-0002796,2023-01-06,CUST-035652,North,PRD-0020,Home Appliances,ACC-0153,WH-02,1,525.87,Wallet Credit,2.8,True,False
ORD-0002797,2023-01-06,CUST-012203,East,PRD-0033,Home Appliances,ACC-0139,WH-04,1,449.97,Wallet Credit,3.4,True,False
ORD-0002798,2023-01-06,CUST-029020,Central,PRD-0012,Mobile & Tablet,ACC-0075,WH-01,2,949.76,Online Payment,2.4,True,False
ORD-0002799,2023-01-06,CUST-016380,East,PRD-0107,Grocery & Gourmet,ACC-0023,WH-04,3,87.24,Online Payment,3.4,True,False
ORD-0002800,2023-01-06,CUST-020554,Central,PRD-0056,Beauty & Health,ACC-0155,WH-01,1,23.51,Online Payment,2.7,True,False
ORD-0002801,2023-01-06,CUST-004760,South,PRD-0117,Grocery & Gourmet,ACC-0238,WH-03,3,74.58,Installment Plan,3.8,True,False
ORD-0002802,2023-01-06,CUST-001376,West,PRD-0101,Digital Goods,ACC-0101,WH-05,1,19.23,Wallet Credit,3.3,True,False
ORD-0002803,2023-01-06,CUST-007945,North,PRD-0119,Grocery & Gourmet,ACC-0199,WH-02,3,45.3,Online Payment,2.9,True,False
ORD-0002804,2023-01-06,CUST-031439,North,PRD-0011,Mobile & Tablet,ACC-0016,WH-02,1,736.32,Cash on Delivery,3.8,True,False
ORD-0002805,2023-01-06,CUST-005949,Central,PRD-0004,Mobile & Tablet,ACC-0149,WH-01,3,537.3,Online Payment,3.7,False,False
ORD-0002806,2023-01-06,CUST-006490,North,PRD-0031,Home Appliances,ACC-0050,WH-02,2,231.02,Online Payment,3.2,True,False
ORD-0002807,2023-01-06,CUST-027874,East,PRD-0021,Home Appliances,ACC-0176,WH-04,2,238.96,Wallet Credit,4.8,False,False
ORD-0002808,2023-01-06,CUST-035847,East,PRD-0081,Books & Media,ACC-0005,WH-04,3,33.21,Installment Plan,4.1,False,False
ORD-0002809,2023-01-06,CUST-017311,North,PRD-0004,Mobile & Tablet,ACC-0016,WH-02,1,179.1,Installment Plan,2.9,True,False
ORD-0002810,2023-01-06,CUST-018747,West,PRD-0046,Fashion & Apparel,ACC-0258,WH-05,2,75.7,Wallet Credit,3.2,True,False
ORD-0002811,2023-01-06,CUST-027865,West,PRD-0010,Mobile & Tablet,ACC-0015,WH-05,1,635.84,Online Payment,3.1,True,True
ORD-0002812,2023-01-06,CUST-018226,North,PRD-0070,Books & Media,ACC-0256,WH-02,1,22.22,Wallet Credit,3.5,True,False
ORD-0002813,2023-01-06,CUST-028910,Central,PRD-0119,Grocery & Gourmet,ACC-0250,WH-01,3,45.3,Online Payment,2.6,True,False
ORD-0002814,2023-01-06,CUST-024514,South,PRD-0113,Grocery & Gourmet,ACC-0215,WH-03,1,17.01,Online Payment,2.8,True,False
ORD-0002815,2023-01-06,CUST-008672,Central,PRD-0005,Mobile & Tablet,ACC-0157,WH-01,2,1432.76,Cash on Delivery,1.9,True,False
ORD-0002816,2023-01-06,CUST-027089,Central,PRD-0151,Sports & Outdoor,ACC-0025,WH-01,1,30.86,Online Payment,2.5,True,False
ORD-0002817,2023-01-06,CUST-003730,South,PRD-0062,Beauty & Health,ACC-0229,WH-03,1,39.19,Wallet Credit,3.6,True,False
ORD-0002818,2023-01-06,CUST-000448,Central,PRD-0105,Grocery & Gourmet,ACC-0054,WH-01,3,75.54,Online Payment,2.3,True,False
ORD-0002819,2023-01-06,CUST-024094,North,PRD-0003,Mobile & Tablet,ACC-0133,WH-02,1,226.53,Online Payment,4.0,True,False
ORD-0002820,2023-01-06,CUST-010293,Central,PRD-0012,Mobile & Tablet,ACC-0144,WH-01,2,949.76,Online Payment,1.9,True,False
ORD-0002821,2023-01-06,CUST-020461,East,PRD-0134,Home & Kitchen,ACC-0089,WH-04,3,353.37,Online Payment,3.5,True,False
ORD-0002822,2023-01-06,CUST-007165,Central,PRD-0057,Beauty & Health,ACC-0198,WH-01,1,14.27,Online Payment,2.3,True,False
ORD-0002823,2023-01-06,CUST-000780,North,PRD-0013,Mobile & Tablet,ACC-0251,WH-02,2,704.4,Cash on Delivery,3.1,True,False
ORD-0002824,2023-01-06,CUST-022908,Central,PRD-0077,Books & Media,ACC-0156,WH-01,2,31.1,Online Payment,3.8,False,False
ORD-0002825,2023-01-06,CUST-002685,North,PRD-0083,Books & Media,ACC-0223,WH-02,3,58.02,Online Payment,3.8,True,False
ORD-0002826,2023-01-06,CUST-015071,Central,PRD-0123,Home & Kitchen,ACC-0039,WH-01,3,247.14,Cash on Delivery,2.4,True,False
ORD-0002827,2023-01-06,CUST-013123,North,PRD-0101,Digital Goods,ACC-0012,WH-02,1,19.23,Installment Plan,2.7,True,False
ORD-0002828,2023-01-06,CUST-008065,West,PRD-0049,Fashion & Apparel,ACC-0097,WH-05,2,162.54,Cash on Delivery,4.3,False,False
ORD-0002829,2023-01-06,CUST-031409,South,PRD-0126,Home & Kitchen,ACC-0215,WH-01,1,58.15,Cash on Delivery,2.9,True,False
ORD-0002830,2023-01-06,CUST-026130,Central,PRD-0113,Grocery & Gourmet,ACC-0225,WH-01,2,34.02,Online Payment,2.3,True,False
ORD-0002831,2023-01-06,CUST-027582,North,PRD-0130,Home & Kitchen,ACC-0235,WH-02,2,61.12,Online Payment,2.5,True,False
ORD-0002832,2023-01-06,CUST-011515,East,PRD-0050,Fashion & Apparel,ACC-0133,WH-04,1,30.13,Installment Plan,3.4,True,False
ORD-0002833,2023-01-06,CUST-016478,Central,PRD-0089,Digital Goods,ACC-0084,WH-01,1,36.42,Online Payment,1.9,True,False
ORD-0002834,2023-01-06,CUST-029050,South,PRD-0030,Home Appliances,ACC-0160,WH-03,1,145.76,Installment Plan,4.3,False,False
ORD-0002835,2023-01-06,CUST-018353,South,PRD-0020,Home Appliances,ACC-0191,WH-01,1,525.87,Online Payment,2.3,True,False
ORD-0002836,2023-01-06,CUST-022151,East,PRD-0070,Books & Media,ACC-0141,WH-01,3,66.66,Online Payment,2.0,True,False
ORD-0002837,2023-01-06,CUST-028859,Central,PRD-0017,Mobile & Tablet,ACC-0075,WH-01,2,373.74,Wallet Credit,2.4,True,False
ORD-0002838,2023-01-06,CUST-023067,East,PRD-0091,Digital Goods,ACC-0249,WH-04,2,36.44,Online Payment,4.0,True,False
ORD-0002839,2023-01-06,CUST-004675,Central,PRD-0139,Sports & Outdoor,ACC-0194,WH-01,3,235.59,Online Payment,2.4,True,False
ORD-0002840,2023-01-06,CUST-001902,Central,PRD-0063,Beauty & Health,ACC-0137,WH-01,2,55.14,Cash on Delivery,3.3,False,False
ORD-0002841,2023-01-06,CUST-021487,South,PRD-0054,Beauty & Health,ACC-0106,WH-03,3,87.93,Installment Plan,3.8,True,False
ORD-0002842,2023-01-06,CUST-028803,Central,PRD-0138,Sports & Outdoor,ACC-0009,WH-01,2,213.84,Online Payment,1.8,True,False
ORD-0002843,2023-01-06,CUST-032593,North,PRD-0114,Grocery & Gourmet,ACC-0218,WH-02,1,30.24,Wallet Credit,2.5,True,False
ORD-0002844,2023-01-06,CUST-012316,Central,PRD-0112,Grocery & Gourmet,ACC-0142,WH-01,1,13.56,Online Payment,2.3,True,False
ORD-0002845,2023-01-06,CUST-019741,South,PRD-0134,Home & Kitchen,ACC-0124,WH-03,1,117.79,Online Payment,3.0,True,False
ORD-0002846,2023-01-06,CUST-013951,West,PRD-0030,Home Appliances,ACC-0003,WH-05,1,145.76,Installment Plan,3.7,True,False
ORD-0002847,2023-01-06,CUST-035882,East,PRD-0032,Home Appliances,ACC-0187,WH-04,1,322.23,Online Payment,4.4,False,False
ORD-0002848,2023-01-06,CUST-004953,Central,PRD-0100,Digital Goods,ACC-0207,WH-01,2,21.42,Wallet Credit,1.9,True,False
ORD-0002849,2023-01-06,CUST-000953,South,PRD-0114,Grocery & Gourmet,ACC-0143,WH-03,1,30.24,Installment Plan,3.1,True,False
ORD-0002850,2023-01-06,CUST-028159,Central,PRD-0042,Fashion & Apparel,ACC-0213,WH-01,2,188.44,Online Payment,2.4,True,False
ORD-0002851,2023-01-06,CUST-033631,West,PRD-0017,Mobile & Tablet,ACC-0031,WH-05,1,186.87,Wallet Credit,4.1,False,False
ORD-0002852,2023-01-06,CUST-006438,East,PRD-0049,Fashion & Apparel,ACC-0076,WH-04,2,162.54,Installment Plan,3.5,True,True
ORD-0002853,2023-01-06,CUST-029020,Central,PRD-0004,Mobile & Tablet,ACC-0073,WH-01,2,358.2,Online Payment,2.8,True,False
ORD-0002854,2023-01-06,CUST-024864,Central,PRD-0051,Fashion & Apparel,ACC-0112,WH-01,2,59.26,Online Payment,3.4,False,False
ORD-0002855,2023-01-06,CUST-019749,South,PRD-0002,Mobile & Tablet,ACC-0002,WH-03,1,504.12,Wallet Credit,3.0,True,False
ORD-0002856,2023-01-06,CUST-016704,Central,PRD-0136,Home & Kitchen,ACC-0198,WH-01,3,120.39,Online Payment,3.3,False,False
ORD-0002857,2023-01-06,CUST-014844,East,PRD-0097,Digital Goods,ACC-0043,WH-01,1,25.18,Online Payment,1.9,True,False
ORD-0002858,2023-01-06,CUST-004556,North,PRD-0151,Sports & Outdoor,ACC-0036,WH-02,1,30.86,Online Payment,3.0,True,False
ORD-0002859,2023-01-06,CUST-024132,North,PRD-0021,Home Appliances,ACC-0115,WH-02,1,119.48,Wallet Credit,2.9,True,False
ORD-0002860,2023-01-06,CUST-011507,South,PRD-0062,Beauty & Health,ACC-0199,WH-03,3,117.57,Cash on Delivery,3.1,True,False
ORD-0002861,2023-01-06,CUST-019216,Central,PRD-0086,Digital Goods,ACC-0148,WH-01,2,49.98,Wallet Credit,2.8,True,False
ORD-0002862,2023-01-06,CUST-022969,Central,PRD-0097,Digital Goods,ACC-0228,WH-01,3,75.54,Wallet Credit,2.2,True,False
ORD-0002863,2023-01-06,CUST-019649,West,PRD-0098,Digital Goods,ACC-0060,WH-05,2,60.12,Wallet Credit,3.8,True,False
ORD-0002864,2023-01-06,CUST-015900,East,PRD-0060,Beauty & Health,ACC-0049,WH-04,1,41.99,Cash on Delivery,4.0,True,False
ORD-0002865,2023-01-06,CUST-024340,South,PRD-0052,Beauty & Health,ACC-0111,WH-03,1,50.83,Online Payment,2.9,True,False
ORD-0002866,2023-01-06,CUST-011899,West,PRD-0040,Fashion & Apparel,ACC-0016,WH-01,2,71.18,Wallet Credit,2.2,True,False
ORD-0002867,2023-01-06,CUST-006497,Central,PRD-0122,Home & Kitchen,ACC-0237,WH-01,1,60.21,Wallet Credit,2.8,True,False
ORD-0002868,2023-01-06,CUST-000466,Central,PRD-0025,Home Appliances,ACC-0095,WH-01,2,357.6,Online Payment,1.7,True,False
ORD-0002869,2023-01-06,CUST-005357,Central,PRD-0082,Books & Media,ACC-0178,WH-01,1,13.77,Online Payment,2.2,True,False
ORD-0002870,2023-01-06,CUST-020065,Central,PRD-0124,Home & Kitchen,ACC-0035,WH-01,1,26.46,Online Payment,2.2,True,False
ORD-0002871,2023-01-06,CUST-028687,Central,PRD-0004,Mobile & Tablet,ACC-0058,WH-01,2,358.2,Online Payment,2.2,True,False
ORD-0002872,2023-01-06,CUST-028640,West,PRD-0138,Sports & Outdoor,ACC-0135,WH-05,1,106.92,Wallet Credit,5.1,False,False
ORD-0002873,2023-01-06,CUST-033566,North,PRD-0115,Grocery & Gourmet,ACC-0189,WH-02,2,37.82,Online Payment,3.2,True,False
ORD-0002874,2023-01-06,CUST-012591,West,PRD-0030,Home Appliances,ACC-0062,WH-01,2,291.52,Wallet Credit,2.3,True,False
ORD-0002875,2023-01-06,CUST-014908,East,PRD-0134,Home & Kitchen,ACC-0123,WH-04,1,117.79,Cash on Delivery,4.3,False,False
ORD-0002876,2023-01-06,CUST-020522,Central,PRD-0081,Books & Media,ACC-0052,WH-01,2,22.14,Online Payment,2.1,True,False
ORD-0002877,2023-01-06,CUST-028565,Central,PRD-0040,Fashion & Apparel,ACC-0077,WH-01,3,106.77,Cash on Delivery,2.6,True,False
ORD-0002878,2023-01-06,CUST-025148,Central,PRD-0040,Fashion & Apparel,ACC-0132,WH-01,2,71.18,Cash on Delivery,1.8,True,False
ORD-0002879,2023-01-06,CUST-028140,South,PRD-0106,Grocery & Gourmet,ACC-0200,WH-03,2,57.16,Online Payment,2.9,True,False
ORD-0002880,2023-01-06,CUST-013053,Central,PRD-0021,Home Appliances,ACC-0094,WH-01,1,119.48,Wallet Credit,1.9,True,False
ORD-0002881,2023-01-06,CUST-018350,West,PRD-0125,Home & Kitchen,ACC-0249,WH-05,1,108.61,Installment Plan,2.9,True,False
ORD-0002882,2023-01-06,CUST-033323,South,PRD-0131,Home & Kitchen,ACC-0144,WH-03,1,102.11,Wallet Credit,4.4,False,False
ORD-0002883,2023-01-06,CUST-024016,South,PRD-0034,Home Appliances,ACC-0188,WH-03,1,132.98,Wallet Credit,3.4,True,False
ORD-0002884,2023-01-06,CUST-033681,Central,PRD-0052,Beauty & Health,ACC-0145,WH-01,2,101.66,Wallet Credit,2.0,True,False
ORD-0002885,2023-01-06,CUST-024474,Central,PRD-0035,Fashion & Apparel,ACC-0191,WH-01,2,181.12,Online Payment,2.7,True,False
ORD-0002886,2023-01-06,CUST-013289,South,PRD-0005,Mobile & Tablet,ACC-0009,WH-03,1,716.38,Online Payment,2.9,True,False
ORD-0002887,2023-01-06,CUST-015082,North,PRD-0026,Home Appliances,ACC-0190,WH-02,1,319.15,Installment Plan,2.5,True,False
ORD-0002888,2023-01-06,CUST-003265,Central,PRD-0121,Home & Kitchen,ACC-0085,WH-01,2,54.6,Online Payment,2.0,True,False
ORD-0002889,2023-01-06,CUST-017761,West,PRD-0124,Home & Kitchen,ACC-0094,WH-05,1,26.46,Cash on Delivery,3.8,True,False
ORD-0002890,2023-01-06,CUST-032456,Central,PRD-0010,Mobile & Tablet,ACC-0187,WH-01,1,635.84,Online Payment,1.9,True,False
ORD-0002891,2023-01-06,CUST-007767,Central,PRD-0127,Home & Kitchen,ACC-0154,WH-01,1,113.98,Online Payment,2.3,True,False
ORD-0002892,2023-01-06,CUST-024601,Central,PRD-0072,Books & Media,ACC-0141,WH-01,1,5.87,Online Payment,2.3,True,False
ORD-0002893,2023-01-06,CUST-006015,West,PRD-0011,Mobile & Tablet,ACC-0097,WH-05,1,736.32,Online Payment,3.2,True,False
ORD-0002894,2023-01-06,CUST-034643,Central,PRD-0026,Home Appliances,ACC-0027,WH-01,2,638.3,Online Payment,2.1,True,False
ORD-0002895,2023-01-06,CUST-004996,Central,PRD-0113,Grocery & Gourmet,ACC-0051,WH-01,1,17.01,Cash on Delivery,2.0,True,False
ORD-0002896,2023-01-06,CUST-033115,Central,PRD-0112,Grocery & Gourmet,ACC-0226,WH-01,2,27.12,Online Payment,2.1,True,False
ORD-0002897,2023-01-06,CUST-028447,East,PRD-0098,Digital Goods,ACC-0114,WH-04,2,60.12,Online Payment,4.0,True,False
ORD-0002898,2023-01-06,CUST-019705,West,PRD-0001,Mobile & Tablet,ACC-0195,WH-05,3,644.04,Wallet Credit,3.5,True,False
ORD-0002899,2023-01-06,CUST-024533,North,PRD-0012,Mobile & Tablet,ACC-0250,WH-02,1,474.88,Online Payment,2.6,True,False
ORD-0002900,2023-01-06,CUST-016827,East,PRD-0044,Fashion & Apparel,ACC-0057,WH-04,2,156.94,Cash on Delivery,3.4,True,False
ORD-0002901,2023-01-06,CUST-015711,North,PRD-0103,Grocery & Gourmet,ACC-0026,WH-02,1,25.76,Online Payment,3.3,True,False
ORD-0002902,2023-01-06,CUST-000828,North,PRD-0123,Home & Kitchen,ACC-0057,WH-02,1,82.38,Online Payment,2.9,True,False
ORD-0002903,2023-01-06,CUST-020080,East,PRD-0071,Books & Media,ACC-0092,WH-04,2,15.82,Cash on Delivery,3.9,True,False
ORD-0002904,2023-01-06,CUST-019216,Central,PRD-0050,Fashion & Apparel,ACC-0019,WH-01,1,30.13,Online Payment,2.3,True,False
ORD-0002905,2023-01-06,CUST-034279,North,PRD-0060,Beauty & Health,ACC-0005,WH-02,2,83.98,Installment Plan,4.0,True,False
ORD-0002906,2023-01-06,CUST-035286,Central,PRD-0046,Fashion & Apparel,ACC-0081,WH-01,1,37.85,Cash on Delivery,3.4,False,False
ORD-0002907,2023-01-06,CUST-017692,West,PRD-0050,Fashion & Apparel,ACC-0088,WH-05,1,30.13,Online Payment,3.7,True,False
ORD-0002908,2023-01-06,CUST-007898,North,PRD-0031,Home Appliances,ACC-0194,WH-02,2,231.02,Installment Plan,3.1,True,True
ORD-0002909,2023-01-06,CUST-010208,North,PRD-0046,Fashion & Apparel,ACC-0052,WH-02,1,37.85,Cash on Delivery,2.6,True,False
ORD-0002910,2023-01-06,CUST-016016,West,PRD-0113,Grocery & Gourmet,ACC-0043,WH-05,1,17.01,Installment Plan,3.2,True,False
ORD-0002911,2023-01-06,CUST-007122,Central,PRD-0109,Grocery & Gourmet,ACC-0111,WH-01,1,11.48,Wallet Credit,2.1,True,False
ORD-0002912,2023-01-06,CUST-026182,East,PRD-0124,Home & Kitchen,ACC-0085,WH-04,3,79.38,Wallet Credit,2.9,True,False
ORD-0002913,2023-01-06,CUST-001772,South,PRD-0131,Home & Kitchen,ACC-0189,WH-03,2,204.22,Wallet Credit,3.7,True,False
ORD-0002914,2023-01-06,CUST-012345,North,PRD-0128,Home & Kitchen,ACC-0137,WH-02,1,95.86,Online Payment,3.3,True,False
ORD-0002915,2023-01-06,CUST-030891,West,PRD-0049,Fashion & Apparel,ACC-0101,WH-05,1,81.27,Cash on Delivery,3.9,True,False
ORD-0002916,2023-01-06,CUST-017797,North,PRD-0068,Beauty & Health,ACC-0235,WH-02,1,59.75,Wallet Credit,3.2,True,False
ORD-0002917,2023-01-06,CUST-030703,North,PRD-0052,Beauty & Health,ACC-0190,WH-02,1,50.83,Cash on Delivery,2.5,True,False
ORD-0002918,2023-01-06,CUST-026268,North,PRD-0138,Sports & Outdoor,ACC-0129,WH-02,3,320.76,Wallet Credit,3.3,True,False
ORD-0002919,2023-01-06,CUST-006008,South,PRD-0047,Fashion & Apparel,ACC-0192,WH-03,1,78.09,Online Payment,3.9,True,False
ORD-0002920,2023-01-06,CUST-028136,Central,PRD-0135,Home & Kitchen,ACC-0187,WH-01,3,266.01,Online Payment,2.1,True,False
ORD-0002921,2023-01-06,CUST-023246,West,PRD-0109,Grocery & Gourmet,ACC-0105,WH-05,1,11.48,Online Payment,4.1,False,False
ORD-0002922,2023-01-06,CUST-031338,South,PRD-0144,Sports & Outdoor,ACC-0234,WH-03,1,72.68,Cash on Delivery,3.9,True,False
ORD-0002923,2023-01-06,CUST-014763,South,PRD-0117,Grocery & Gourmet,ACC-0126,WH-03,3,74.58,Wallet Credit,3.2,True,False
ORD-0002924,2023-01-06,CUST-013095,East,PRD-0132,Home & Kitchen,ACC-0019,WH-04,2,132.7,Online Payment,3.2,True,False
ORD-0002925,2023-01-06,CUST-027704,Central,PRD-0031,Home Appliances,ACC-0187,WH-01,1,115.51,Wallet Credit,1.8,True,False
ORD-0002926,2023-01-06,CUST-034981,North,PRD-0041,Fashion & Apparel,ACC-0033,WH-02,1,38.91,Wallet Credit,3.2,True,False
ORD-0002927,2023-01-06,CUST-022182,South,PRD-0142,Sports & Outdoor,ACC-0202,WH-03,1,83.17,Online Payment,3.1,True,True
ORD-0002928,2023-01-06,CUST-003883,Central,PRD-0133,Home & Kitchen,ACC-0193,WH-01,1,111.35,Online Payment,2.8,True,False
ORD-0002929,2023-01-06,CUST-029074,Central,PRD-0095,Digital Goods,ACC-0101,WH-01,1,32.57,Online Payment,2.8,True,False
ORD-0002930,2023-01-06,CUST-034384,Central,PRD-0032,Home Appliances,ACC-0254,WH-01,1,322.23,Cash on Delivery,1.9,True,False
ORD-0002931,2023-01-06,CUST-025342,South,PRD-0016,Mobile & Tablet,ACC-0218,WH-03,1,421.85,Online Payment,3.2,True,False
ORD-0002932,2023-01-06,CUST-000943,East,PRD-0004,Mobile & Tablet,ACC-0070,WH-04,1,179.1,Online Payment,4.4,False,False
ORD-0002933,2023-01-06,CUST-001704,Central,PRD-0034,Home Appliances,ACC-0138,WH-01,1,132.98,Installment Plan,2.7,True,False
ORD-0002934,2023-01-06,CUST-019203,Central,PRD-0131,Home & Kitchen,ACC-0160,WH-01,1,102.11,Online Payment,2.1,True,False
ORD-0002935,2023-01-06,CUST-014974,Central,PRD-0053,Beauty & Health,ACC-0200,WH-01,1,49.47,Cash on Delivery,2.4,True,False
ORD-0002936,2023-01-06,CUST-025124,East,PRD-0034,Home Appliances,ACC-0179,WH-04,2,265.96,Online Payment,3.3,True,True
ORD-0002937,2023-01-06,CUST-003446,Central,PRD-0056,Beauty & Health,ACC-0236,WH-01,1,23.51,Cash on Delivery,2.5,True,False
ORD-0002938,2023-01-06,CUST-008942,West,PRD-0011,Mobile & Tablet,ACC-0076,WH-05,2,1472.64,Online Payment,3.6,True,False
ORD-0002939,2023-01-06,CUST-012059,East,PRD-0003,Mobile & Tablet,ACC-0192,WH-04,2,453.06,Online Payment,3.2,True,False
ORD-0002940,2023-01-06,CUST-015237,North,PRD-0006,Mobile & Tablet,ACC-0157,WH-02,1,361.82,Online Payment,2.7,True,False
ORD-0002941,2023-01-06,CUST-007623,Central,PRD-0124,Home & Kitchen,ACC-0095,WH-01,1,26.46,Online Payment,3.1,False,False
ORD-0002942,2023-01-06,CUST-015061,Central,PRD-0019,Home Appliances,ACC-0061,WH-01,2,838.26,Cash on Delivery,2.4,True,False
ORD-0002943,2023-01-06,CUST-003797,North,PRD-0118,Grocery & Gourmet,ACC-0118,WH-02,3,141.72,Online Payment,3.7,True,False
ORD-0002944,2023-01-06,CUST-028690,North,PRD-0048,Fashion & Apparel,ACC-0035,WH-02,3,214.74,Online Payment,3.2,True,False
ORD-0002945,2023-01-06,CUST-010422,Central,PRD-0107,Grocery & Gourmet,ACC-0157,WH-01,1,29.08,Wallet Credit,2.3,True,False
ORD-0002946,2023-01-06,CUST-013360,East,PRD-0095,Digital Goods,ACC-0054,WH-04,2,65.14,Online Payment,3.1,True,False
ORD-0002947,2023-01-06,CUST-035868,North,PRD-0120,Home & Kitchen,ACC-0021,WH-02,1,72.26,Online Payment,3.1,True,False
ORD-0002948,2023-01-06,CUST-009511,West,PRD-0057,Beauty & Health,ACC-0079,WH-05,1,14.27,Wallet Credit,3.5,True,False
ORD-0002949,2023-01-06,CUST-013225,West,PRD-0111,Grocery & Gourmet,ACC-0021,WH-05,2,96.08,Installment Plan,3.7,True,False
ORD-0002950,2023-01-06,CUST-000786,West,PRD-0029,Home Appliances,ACC-0046,WH-05,1,248.48,Installment Plan,4.3,False,False
ORD-0002951,2023-01-06,CUST-024289,Central,PRD-0033,Home Appliances,ACC-0126,WH-01,1,449.97,Online Payment,2.0,True,False
ORD-0002952,2023-01-06,CUST-014799,East,PRD-0083,Books & Media,ACC-0110,WH-04,1,19.34,Online Payment,3.6,True,False
ORD-0002953,2023-01-06,CUST-020308,West,PRD-0026,Home Appliances,ACC-0009,WH-05,1,319.15,Online Payment,3.6,True,False
ORD-0002954,2023-01-06,CUST-034919,North,PRD-0133,Home & Kitchen,ACC-0013,WH-02,1,111.35,Installment Plan,3.1,True,False
ORD-0002955,2023-01-06,CUST-000980,Central,PRD-0001,Mobile & Tablet,ACC-0003,WH-01,1,214.68,Wallet Credit,1.8,True,False
ORD-0002956,2023-01-06,CUST-004931,South,PRD-0035,Fashion & Apparel,ACC-0122,WH-03,3,271.68,Online Payment,3.5,True,False
ORD-0002957,2023-01-06,CUST-021052,West,PRD-0022,Home Appliances,ACC-0126,WH-05,1,265.81,Cash on Delivery,3.7,True,False
ORD-0002958,2023-01-06,CUST-008049,Central,PRD-0049,Fashion & Apparel,ACC-0250,WH-01,1,81.27,Wallet Credit,2.8,True,False
ORD-0002959,2023-01-06,CUST-031263,West,PRD-0064,Beauty & Health,ACC-0120,WH-05,1,28.94,Cash on Delivery,3.9,True,False
ORD-0002960,2023-01-06,CUST-007977,South,PRD-0053,Beauty & Health,ACC-0257,WH-03,2,98.94,Online Payment,3.0,True,False
ORD-0002961,2023-01-06,CUST-005491,South,PRD-0064,Beauty & Health,ACC-0019,WH-03,3,86.82,Online Payment,3.0,True,False
ORD-0002962,2023-01-06,CUST-033255,East,PRD-0124,Home & Kitchen,ACC-0218,WH-04,1,26.46,Online Payment,3.0,True,False
ORD-0002963,2023-01-06,CUST-003668,West,PRD-0148,Sports & Outdoor,ACC-0100,WH-05,2,271.1,Online Payment,3.0,True,False
ORD-0002964,2023-01-06,CUST-024624,West,PRD-0063,Beauty & Health,ACC-0255,WH-05,2,55.14,Online Payment,3.2,True,False
ORD-0002965,2023-01-06,CUST-034775,West,PRD-0140,Sports & Outdoor,ACC-0132,WH-05,1,45.43,Online Payment,4.0,True,False
ORD-0002966,2023-01-06,CUST-024912,Central,PRD-0055,Beauty & Health,ACC-0114,WH-01,2,123.08,Cash on Delivery,3.6,False,False
ORD-0002967,2023-01-06,CUST-007881,South,PRD-0129,Home & Kitchen,ACC-0200,WH-03,1,37.2,Cash on Delivery,3.0,True,False
ORD-0002968,2023-01-06,CUST-024927,East,PRD-0026,Home Appliances,ACC-0097,WH-04,2,638.3,Online Payment,3.6,True,False
ORD-0002969,2023-01-06,CUST-026182,East,PRD-0041,Fashion & Apparel,ACC-0009,WH-04,2,77.82,Online Payment,3.2,True,False
ORD-0002970,2023-01-06,CUST-007672,South,PRD-0051,Fashion & Apparel,ACC-0224,WH-03,2,59.26,Online Payment,3.0,True,False
ORD-0002971,2023-01-06,CUST-011980,South,PRD-0013,Mobile & Tablet,ACC-0019,WH-03,1,352.2,Online Payment,4.1,False,False
ORD-0002972,2023-01-06,CUST-018106,South,PRD-0128,Home & Kitchen,ACC-0258,WH-03,2,191.72,Online Payment,3.4,True,False
ORD-0002973,2023-01-06,CUST-015645,North,PRD-0119,Grocery & Gourmet,ACC-0186,WH-02,2,30.2,Cash on Delivery,3.4,True,False
ORD-0002974,2023-01-06,CUST-004768,North,PRD-0058,Beauty & Health,ACC-0192,WH-01,1,43.27,Online Payment,2.3,True,False
ORD-0002975,2023-01-06,CUST-030460,South,PRD-0078,Books & Media,ACC-0176,WH-03,2,35.76,Wallet Credit,3.3,True,False
ORD-0002976,2023-01-06,CUST-001052,East,PRD-0013,Mobile & Tablet,ACC-0026,WH-04,1,352.2,Online Payment,3.1,True,False
ORD-0002977,2023-01-06,CUST-011761,Central,PRD-0152,Sports & Outdoor,ACC-0226,WH-01,2,109.56,Online Payment,1.9,True,False
ORD-0002978,2023-01-06,CUST-024019,East,PRD-0054,Beauty & Health,ACC-0172,WH-04,2,58.62,Online Payment,4.4,False,False
ORD-0002979,2023-01-06,CUST-013664,East,PRD-0124,Home & Kitchen,ACC-0139,WH-04,2,52.92,Online Payment,3.2,True,False
ORD-0002980,2023-01-06,CUST-018208,Central,PRD-0051,Fashion & Apparel,ACC-0115,WH-01,2,59.26,Wallet Credit,2.7,True,False
ORD-0002981,2023-01-06,CUST-010262,West,PRD-0138,Sports & Outdoor,ACC-0143,WH-05,2,213.84,Online Payment,4.2,False,False
ORD-0002982,2023-01-06,CUST-004537,West,PRD-0064,Beauty & Health,ACC-0182,WH-05,2,57.88,Cash on Delivery,3.4,True,False
ORD-0002983,2023-01-06,CUST-024820,North,PRD-0051,Fashion & Apparel,ACC-0019,WH-02,2,59.26,Wallet Credit,3.3,True,False
ORD-0002984,2023-01-06,CUST-006085,Central,PRD-0018,Home Appliances,ACC-0071,WH-01,1,305.22,Online Payment,2.2,True,False
ORD-0002985,2023-01-06,CUST-018244,Central,PRD-0112,Grocery & Gourmet,ACC-0091,WH-01,1,13.56,Online Payment,1.7,True,False
ORD-0002986,2023-01-06,CUST-014799,East,PRD-0033,Home Appliances,ACC-0124,WH-04,1,449.97,Installment Plan,3.2,True,False
ORD-0002987,2023-01-06,CUST-002195,East,PRD-0053,Beauty & Health,ACC-0174,WH-01,1,49.47,Online Payment,2.1,True,False
ORD-0002988,2023-01-06,CUST-029647,Central,PRD-0013,Mobile & Tablet,ACC-0176,WH-01,1,352.2,Wallet Credit,2.4,True,False
ORD-0002989,2023-01-06,CUST-009021,South,PRD-0026,Home Appliances,ACC-0152,WH-03,2,638.3,Wallet Credit,3.0,True,False
ORD-0002990,2023-01-06,CUST-029050,South,PRD-0129,Home & Kitchen,ACC-0249,WH-03,1,37.2,Online Payment,3.3,True,False
ORD-0002991,2023-01-06,CUST-008768,South,PRD-0144,Sports & Outdoor,ACC-0079,WH-03,3,218.04,Wallet Credit,2.8,True,False
ORD-0002992,2023-01-06,CUST-031435,Central,PRD-0078,Books & Media,ACC-0218,WH-01,1,17.88,Installment Plan,2.5,True,False
ORD-0002993,2023-01-06,CUST-008604,North,PRD-0148,Sports & Outdoor,ACC-0086,WH-02,2,271.1,Installment Plan,3.6,True,True
ORD-0002994,2023-01-06,CUST-012617,South,PRD-0095,Digital Goods,ACC-0015,WH-01,1,32.57,Online Payment,1.9,True,False
ORD-0002995,2023-01-06,CUST-011515,East,PRD-0078,Books & Media,ACC-0218,WH-04,1,17.88,Cash on Delivery,3.1,True,False
ORD-0002996,2023-01-06,CUST-022540,Central,PRD-0065,Beauty & Health,ACC-0004,WH-01,3,81.27,Cash on Delivery,2.2,True,False
ORD-0002997,2023-01-06,CUST-033179,West,PRD-0120,Home & Kitchen,ACC-0045,WH-01,1,72.26,Online Payment,1.9,True,False
ORD-0002998,2023-01-06,CUST-030683,East,PRD-0065,Beauty & Health,ACC-0144,WH-04,2,54.18,Wallet Credit,3.5,True,False
ORD-0002999,2023-01-06,CUST-020960,West,PRD-0140,Sports & Outdoor,ACC-0151,WH-05,2,90.86,Cash on Delivery,3.5,True,False
ORD-0003000,2023-01-06,CUST-003625,Central,PRD-0111,Grocery & Gourmet,ACC-0238,WH-01,3,144.12,Online Payment,2.2,True,False
ORD-0003001,2023-01-06,CUST-009289,West,PRD-0004,Mobile & Tablet,ACC-0094,WH-05,1,179.1,Online Payment,3.8,True,False
ORD-0003002,2023-01-06,CUST-032337,Central,PRD-0116,Grocery & Gourmet,ACC-0077,WH-01,3,117.42,Wallet Credit,2.7,True,False
ORD-0003003,2023-01-07,CUST-019081,Central,PRD-0151,Sports & Outdoor,ACC-0039,WH-01,3,92.58,Online Payment,3.5,False,False
ORD-0003004,2023-01-07,CUST-035142,South,PRD-0139,Sports & Outdoor,ACC-0006,WH-03,1,78.53,Online Payment,2.9,True,False
ORD-0003005,2023-01-07,CUST-005348,North,PRD-0089,Digital Goods,ACC-0215,WH-02,1,36.42,Cash on Delivery,2.7,True,False
ORD-0003006,2023-01-07,CUST-022902,North,PRD-0080,Books & Media,ACC-0199,WH-02,2,25.04,Cash on Delivery,3.5,True,False
ORD-0003007,2023-01-07,CUST-001619,North,PRD-0138,Sports & Outdoor,ACC-0065,WH-02,3,320.76,Online Payment,3.5,True,False
ORD-0003008,2023-01-07,CUST-003606,West,PRD-0144,Sports & Outdoor,ACC-0083,WH-05,1,72.68,Cash on Delivery,3.8,True,False
ORD-0003009,2023-01-07,CUST-032510,West,PRD-0028,Home Appliances,ACC-0086,WH-05,1,499.88,Cash on Delivery,3.7,True,True
ORD-0003010,2023-01-07,CUST-003277,West,PRD-0074,Books & Media,ACC-0049,WH-01,2,42.44,Online Payment,1.9,True,False
ORD-0003011,2023-01-07,CUST-021846,North,PRD-0074,Books & Media,ACC-0211,WH-02,2,42.44,Cash on Delivery,3.4,True,False
ORD-0003012,2023-01-07,CUST-007337,North,PRD-0010,Mobile & Tablet,ACC-0185,WH-02,3,1907.52,Installment Plan,3.2,True,False
ORD-0003013,2023-01-07,CUST-008528,West,PRD-0102,Digital Goods,ACC-0209,WH-05,1,27.27,Installment Plan,3.6,True,False
ORD-0003014,2023-01-07,CUST-013650,North,PRD-0077,Books & Media,ACC-0089,WH-01,1,15.55,Wallet Credit,2.0,True,False
ORD-0003015,2023-01-07,CUST-019538,Central,PRD-0038,Fashion & Apparel,ACC-0160,WH-01,1,41.73,Wallet Credit,2.6,True,False
ORD-0003016,2023-01-07,CUST-019197,South,PRD-0086,Digital Goods,ACC-0117,WH-03,2,49.98,Online Payment,3.8,True,False
ORD-0003017,2023-01-07,CUST-003093,North,PRD-0151,Sports & Outdoor,ACC-0103,WH-02,1,30.86,Online Payment,2.8,True,False
ORD-0003018,2023-01-07,CUST-023032,West,PRD-0033,Home Appliances,ACC-0063,WH-05,2,899.94,Online Payment,4.9,False,False
ORD-0003019,2023-01-07,CUST-014800,East,PRD-0051,Fashion & Apparel,ACC-0028,WH-01,3,88.89,Online Payment,2.1,True,False
ORD-0003020,2023-01-07,CUST-029716,North,PRD-0040,Fashion & Apparel,ACC-0019,WH-01,1,35.59,Wallet Credit,2.1,True,False
ORD-0003021,2023-01-07,CUST-012332,West,PRD-0101,Digital Goods,ACC-0096,WH-05,2,38.46,Online Payment,3.5,True,False
ORD-0003022,2023-01-07,CUST-035445,Central,PRD-0048,Fashion & Apparel,ACC-0157,WH-01,1,71.58,Wallet Credit,2.4,True,False
ORD-0003023,2023-01-07,CUST-009962,West,PRD-0088,Digital Goods,ACC-0091,WH-05,2,65.2,Online Payment,3.6,True,False
ORD-0003024,2023-01-07,CUST-032589,Central,PRD-0051,Fashion & Apparel,ACC-0031,WH-01,1,29.63,Installment Plan,1.9,True,False
ORD-0003025,2023-01-07,CUST-015104,South,PRD-0108,Grocery & Gourmet,ACC-0073,WH-03,1,15.58,Cash on Delivery,3.2,True,False
ORD-0003026,2023-01-07,CUST-028064,North,PRD-0046,Fashion & Apparel,ACC-0032,WH-02,3,113.55,Online Payment,3.2,True,True
ORD-0003027,2023-01-07,CUST-026981,West,PRD-0021,Home Appliances,ACC-0112,WH-05,2,238.96,Cash on Delivery,3.5,True,False
ORD-0003028,2023-01-07,CUST-004876,Central,PRD-0041,Fashion & Apparel,ACC-0101,WH-01,1,38.91,Wallet Credit,1.8,True,False
ORD-0003029,2023-01-07,CUST-011894,South,PRD-0126,Home & Kitchen,ACC-0153,WH-03,1,58.15,Cash on Delivery,2.8,True,False
ORD-0003030,2023-01-07,CUST-014759,North,PRD-0079,Books & Media,ACC-0238,WH-02,1,9.98,Wallet Credit,3.0,True,False
ORD-0003031,2023-01-07,CUST-011785,South,PRD-0130,Home & Kitchen,ACC-0159,WH-03,2,61.12,Installment Plan,3.5,True,False
ORD-0003032,2023-01-07,CUST-024723,North,PRD-0040,Fashion & Apparel,ACC-0167,WH-01,2,71.18,Online Payment,2.0,True,True
ORD-0003033,2023-01-07,CUST-034004,East,PRD-0048,Fashion & Apparel,ACC-0121,WH-04,1,71.58,Installment Plan,4.4,False,False
ORD-0003034,2023-01-07,CUST-018049,Central,PRD-0011,Mobile & Tablet,ACC-0049,WH-01,1,736.32,Online Payment,2.4,True,False
ORD-0003035,2023-01-07,CUST-015888,East,PRD-0109,Grocery & Gourmet,ACC-0119,WH-04,2,22.96,Wallet Credit,3.4,True,False
ORD-0003036,2023-01-07,CUST-027749,South,PRD-0065,Beauty & Health,ACC-0204,WH-03,2,54.18,Online Payment,3.4,True,False
ORD-0003037,2023-01-07,CUST-008270,Central,PRD-0105,Grocery & Gourmet,ACC-0182,WH-01,1,25.18,Online Payment,2.4,True,False
ORD-0003038,2023-01-07,CUST-017879,South,PRD-0109,Grocery & Gourmet,ACC-0049,WH-03,1,11.48,Installment Plan,2.9,True,False
ORD-0003039,2023-01-07,CUST-034359,East,PRD-0079,Books & Media,ACC-0081,WH-04,1,9.98,Installment Plan,3.5,True,False
ORD-0003040,2023-01-07,CUST-006644,West,PRD-0060,Beauty & Health,ACC-0104,WH-01,3,125.97,Online Payment,2.4,True,False
ORD-0003041,2023-01-07,CUST-010300,Central,PRD-0134,Home & Kitchen,ACC-0035,WH-01,1,117.79,Installment Plan,2.0,True,False
ORD-0003042,2023-01-07,CUST-024276,South,PRD-0032,Home Appliances,ACC-0200,WH-01,3,966.69,Cash on Delivery,2.3,True,False
ORD-0003043,2023-01-07,CUST-009893,Central,PRD-0005,Mobile & Tablet,ACC-0216,WH-01,2,1432.76,Online Payment,2.2,True,False
ORD-0003044,2023-01-07,CUST-002509,West,PRD-0112,Grocery & Gourmet,ACC-0215,WH-05,2,27.12,Online Payment,3.4,True,False
ORD-0003045,2023-01-07,CUST-031030,West,PRD-0082,Books & Media,ACC-0062,WH-05,3,41.31,Online Payment,3.7,True,False
ORD-0003046,2023-01-07,CUST-029525,North,PRD-0085,Books & Media,ACC-0038,WH-02,1,6.87,Cash on Delivery,3.7,True,False
ORD-0003047,2023-01-07,CUST-005323,South,PRD-0071,Books & Media,ACC-0207,WH-03,2,15.82,Wallet Credit,3.1,True,False
ORD-0003048,2023-01-07,CUST-021344,West,PRD-0104,Grocery & Gourmet,ACC-0101,WH-05,1,14.26,Wallet Credit,3.2,True,False
ORD-0003049,2023-01-07,CUST-028093,Central,PRD-0144,Sports & Outdoor,ACC-0155,WH-01,1,72.68,Online Payment,3.0,True,False
ORD-0003050,2023-01-07,CUST-006945,South,PRD-0002,Mobile & Tablet,ACC-0091,WH-03,2,1008.24,Online Payment,2.7,True,False
ORD-0003051,2023-01-07,CUST-022007,South,PRD-0019,Home Appliances,ACC-0026,WH-01,1,419.13,Cash on Delivery,2.1,True,False
ORD-0003052,2023-01-07,CUST-014529,Central,PRD-0138,Sports & Outdoor,ACC-0086,WH-01,1,106.92,Online Payment,2.2,True,False
ORD-0003053,2023-01-07,CUST-028867,East,PRD-0127,Home & Kitchen,ACC-0140,WH-04,1,113.98,Online Payment,3.2,True,False
ORD-0003054,2023-01-07,CUST-023297,Central,PRD-0020,Home Appliances,ACC-0013,WH-01,1,525.87,Online Payment,2.1,True,False
ORD-0003055,2023-01-07,CUST-003924,Central,PRD-0118,Grocery & Gourmet,ACC-0216,WH-01,1,47.24,Online Payment,1.9,True,False
ORD-0003056,2023-01-07,CUST-033254,South,PRD-0082,Books & Media,ACC-0079,WH-03,3,41.31,Cash on Delivery,3.7,True,False
ORD-0003057,2023-01-07,CUST-005653,South,PRD-0036,Fashion & Apparel,ACC-0190,WH-03,1,83.22,Wallet Credit,2.7,True,False
ORD-0003058,2023-01-07,CUST-012231,East,PRD-0022,Home Appliances,ACC-0244,WH-04,1,265.81,Online Payment,4.1,False,False
ORD-0003059,2023-01-07,CUST-033680,Central,PRD-0096,Digital Goods,ACC-0048,WH-01,1,25.53,Online Payment,2.0,True,False
ORD-0003060,2023-01-07,CUST-008659,North,PRD-0073,Books & Media,ACC-0057,WH-02,2,40.64,Wallet Credit,2.7,True,False
ORD-0003061,2023-01-07,CUST-033166,Central,PRD-0117,Grocery & Gourmet,ACC-0107,WH-01,2,49.72,Online Payment,2.2,True,False
ORD-0003062,2023-01-07,CUST-008875,Central,PRD-0034,Home Appliances,ACC-0257,WH-01,1,132.98,Installment Plan,1.9,True,False
ORD-0003063,2023-01-07,CUST-019069,South,PRD-0100,Digital Goods,ACC-0043,WH-03,3,32.13,Online Payment,3.7,True,False
ORD-0003064,2023-01-07,CUST-004837,Central,PRD-0040,Fashion & Apparel,ACC-0117,WH-01,3,106.77,Online Payment,2.3,True,False
ORD-0003065,2023-01-07,CUST-033508,South,PRD-0109,Grocery & Gourmet,ACC-0183,WH-03,1,11.48,Wallet Credit,2.9,True,False
ORD-0003066,2023-01-07,CUST-004650,Central,PRD-0056,Beauty & Health,ACC-0088,WH-01,1,23.51,Wallet Credit,1.9,True,False
ORD-0003067,2023-01-07,CUST-001982,North,PRD-0066,Beauty & Health,ACC-0155,WH-02,2,114.4,Online Payment,2.9,True,False
ORD-0003068,2023-01-07,CUST-005680,Central,PRD-0051,Fashion & Apparel,ACC-0122,WH-01,1,29.63,Cash on Delivery,2.2,True,False
ORD-0003069,2023-01-07,CUST-014595,East,PRD-0045,Fashion & Apparel,ACC-0049,WH-04,1,23.46,Online Payment,3.1,True,False
ORD-0003070,2023-01-07,CUST-009284,East,PRD-0091,Digital Goods,ACC-0211,WH-04,3,54.66,Online Payment,3.8,True,False
ORD-0003071,2023-01-07,CUST-026035,North,PRD-0003,Mobile & Tablet,ACC-0057,WH-02,1,226.53,Cash on Delivery,3.3,True,False
ORD-0003072,2023-01-07,CUST-027968,North,PRD-0092,Digital Goods,ACC-0212,WH-02,2,39.34,Online Payment,3.4,True,False
ORD-0003073,2023-01-07,CUST-015663,West,PRD-0152,Sports & Outdoor,ACC-0250,WH-05,1,54.78,Wallet Credit,3.1,True,False
ORD-0003074,2023-01-07,CUST-016223,Central,PRD-0036,Fashion & Apparel,ACC-0171,WH-01,1,83.22,Online Payment,2.1,True,False
ORD-0003075,2023-01-07,CUST-035404,West,PRD-0005,Mobile & Tablet,ACC-0002,WH-05,1,716.38,Installment Plan,4.6,False,False
ORD-0003076,2023-01-07,CUST-026568,South,PRD-0027,Home Appliances,ACC-0253,WH-03,3,388.74,Installment Plan,3.0,True,False
ORD-0003077,2023-01-07,CUST-033131,East,PRD-0020,Home Appliances,ACC-0160,WH-04,1,525.87,Online Payment,3.0,True,False
ORD-0003078,2023-01-07,CUST-003220,West,PRD-0047,Fashion & Apparel,ACC-0026,WH-05,3,234.27,Wallet Credit,4.8,False,False
ORD-0003079,2023-01-07,CUST-000113,East,PRD-0069,Books & Media,ACC-0201,WH-04,1,19.93,Online Payment,3.3,True,False
ORD-0003080,2023-01-07,CUST-028064,North,PRD-0116,Grocery & Gourmet,ACC-0133,WH-01,1,39.14,Cash on Delivery,2.2,True,False
ORD-0003081,2023-01-07,CUST-008569,Central,PRD-0011,Mobile & Tablet,ACC-0208,WH-01,3,2208.96,Online Payment,2.9,True,False
ORD-0003082,2023-01-07,CUST-025477,West,PRD-0024,Home Appliances,ACC-0138,WH-05,2,525.6,Cash on Delivery,3.6,True,False
ORD-0003083,2023-01-07,CUST-016723,South,PRD-0113,Grocery & Gourmet,ACC-0118,WH-03,1,17.01,Installment Plan,3.2,True,False
ORD-0003084,2023-01-07,CUST-030312,North,PRD-0133,Home & Kitchen,ACC-0202,WH-01,1,111.35,Wallet Credit,3.1,False,False
ORD-0003085,2023-01-07,CUST-024559,East,PRD-0055,Beauty & Health,ACC-0247,WH-04,2,123.08,Installment Plan,4.1,False,False
ORD-0003086,2023-01-07,CUST-031478,South,PRD-0131,Home & Kitchen,ACC-0101,WH-03,1,102.11,Installment Plan,2.8,True,False
ORD-0003087,2023-01-07,CUST-033649,West,PRD-0049,Fashion & Apparel,ACC-0157,WH-05,1,81.27,Wallet Credit,3.5,True,False
ORD-0003088,2023-01-07,CUST-009257,West,PRD-0007,Mobile & Tablet,ACC-0093,WH-05,2,1083.32,Online Payment,3.7,True,False
ORD-0003089,2023-01-07,CUST-032194,Central,PRD-0037,Fashion & Apparel,ACC-0160,WH-01,1,25.53,Cash on Delivery,2.2,True,False
ORD-0003090,2023-01-07,CUST-018853,North,PRD-0074,Books & Media,ACC-0101,WH-02,1,21.22,Cash on Delivery,2.7,True,False
ORD-0003091,2023-01-07,CUST-002995,Central,PRD-0052,Beauty & Health,ACC-0217,WH-01,1,50.83,Online Payment,2.0,True,False
ORD-0003092,2023-01-07,CUST-007337,North,PRD-0098,Digital Goods,ACC-0094,WH-02,2,60.12,Online Payment,3.0,True,False
ORD-0003093,2023-01-07,CUST-005526,East,PRD-0080,Books & Media,ACC-0110,WH-04,1,12.52,Online Payment,3.6,True,False
ORD-0003094,2023-01-07,CUST-017588,Central,PRD-0102,Digital Goods,ACC-0115,WH-01,1,27.27,Wallet Credit,2.2,True,False
ORD-0003095,2023-01-07,CUST-023505,Central,PRD-0096,Digital Goods,ACC-0161,WH-01,1,25.53,Cash on Delivery,2.9,True,False
ORD-0003096,2023-01-07,CUST-006300,Central,PRD-0025,Home Appliances,ACC-0099,WH-01,2,357.6,Wallet Credit,2.4,True,False
ORD-0003097,2023-01-07,CUST-002232,Central,PRD-0048,Fashion & Apparel,ACC-0062,WH-01,1,71.58,Online Payment,2.4,True,True
ORD-0003098,2023-01-07,CUST-033780,Central,PRD-0016,Mobile & Tablet,ACC-0160,WH-01,1,421.85,Online Payment,1.9,True,True
ORD-0003099,2023-01-07,CUST-016331,South,PRD-0074,Books & Media,ACC-0162,WH-03,1,21.22,Cash on Delivery,3.5,True,False
ORD-0003100,2023-01-07,CUST-032969,East,PRD-0110,Grocery & Gourmet,ACC-0101,WH-04,3,142.17,Online Payment,3.5,True,False
ORD-0003101,2023-01-07,CUST-020028,North,PRD-0009,Mobile & Tablet,ACC-0003,WH-02,1,546.26,Online Payment,4.7,False,False
ORD-0003102,2023-01-07,CUST-023909,Central,PRD-0085,Books & Media,ACC-0243,WH-01,2,13.74,Online Payment,2.5,True,False
ORD-0003103,2023-01-07,CUST-006903,Central,PRD-0132,Home & Kitchen,ACC-0218,WH-01,1,66.35,Online Payment,1.9,True,False
ORD-0003104,2023-01-07,CUST-029756,West,PRD-0037,Fashion & Apparel,ACC-0052,WH-05,1,25.53,Cash on Delivery,3.2,True,False
ORD-0003105,2023-01-07,CUST-018931,North,PRD-0141,Sports & Outdoor,ACC-0128,WH-02,2,89.38,Cash on Delivery,3.9,True,False
ORD-0003106,2023-01-07,CUST-016934,Central,PRD-0069,Books & Media,ACC-0030,WH-01,1,19.93,Installment Plan,2.5,True,False
ORD-0003107,2023-01-07,CUST-008323,South,PRD-0064,Beauty & Health,ACC-0089,WH-03,2,57.88,Installment Plan,3.1,True,False
ORD-0003108,2023-01-07,CUST-030942,Central,PRD-0111,Grocery & Gourmet,ACC-0079,WH-01,2,96.08,Installment Plan,2.0,True,False
ORD-0003109,2023-01-07,CUST-030989,Central,PRD-0045,Fashion & Apparel,ACC-0243,WH-01,3,70.38,Installment Plan,2.3,True,False
ORD-0003110,2023-01-07,CUST-033455,East,PRD-0108,Grocery & Gourmet,ACC-0215,WH-01,3,46.74,Cash on Delivery,2.8,True,False
ORD-0003111,2023-01-07,CUST-025907,West,PRD-0063,Beauty & Health,ACC-0039,WH-05,1,27.57,Wallet Credit,3.8,True,False
ORD-0003112,2023-01-07,CUST-034670,West,PRD-0092,Digital Goods,ACC-0026,WH-05,1,19.67,Installment Plan,3.2,True,False
ORD-0003113,2023-01-07,CUST-029813,North,PRD-0059,Beauty & Health,ACC-0133,WH-01,1,36.31,Online Payment,2.6,True,False
ORD-0003114,2023-01-07,CUST-014958,Central,PRD-0014,Mobile & Tablet,ACC-0109,WH-01,2,560.0,Wallet Credit,2.7,True,False
ORD-0003115,2023-01-07,CUST-008457,Central,PRD-0066,Beauty & Health,ACC-0132,WH-01,1,57.2,Online Payment,2.8,True,True
ORD-0003116,2023-01-07,CUST-005292,East,PRD-0003,Mobile & Tablet,ACC-0052,WH-04,2,453.06,Installment Plan,2.9,True,False
ORD-0003117,2023-01-07,CUST-031989,Central,PRD-0056,Beauty & Health,ACC-0087,WH-01,1,23.51,Online Payment,2.3,True,False
ORD-0003118,2023-01-07,CUST-023977,Central,PRD-0127,Home & Kitchen,ACC-0173,WH-01,1,113.98,Cash on Delivery,2.9,True,False
ORD-0003119,2023-01-07,CUST-034487,Central,PRD-0054,Beauty & Health,ACC-0135,WH-01,1,29.31,Cash on Delivery,2.2,True,False
ORD-0003120,2023-01-07,CUST-027296,Central,PRD-0070,Books & Media,ACC-0039,WH-01,3,66.66,Cash on Delivery,2.1,True,False
ORD-0003121,2023-01-07,CUST-010947,North,PRD-0073,Books & Media,ACC-0215,WH-02,2,40.64,Online Payment,2.7,True,False
ORD-0003122,2023-01-07,CUST-009544,North,PRD-0011,Mobile & Tablet,ACC-0232,WH-02,1,736.32,Cash on Delivery,3.3,True,False
ORD-0003123,2023-01-07,CUST-029918,North,PRD-0033,Home Appliances,ACC-0026,WH-02,1,449.97,Online Payment,3.1,True,False
ORD-0003124,2023-01-07,CUST-025727,South,PRD-0141,Sports & Outdoor,ACC-0249,WH-03,1,44.69,Cash on Delivery,3.0,True,False
ORD-0003125,2023-01-07,CUST-000456,Central,PRD-0127,Home & Kitchen,ACC-0031,WH-01,1,113.98,Installment Plan,1.8,True,False
ORD-0003126,2023-01-07,CUST-033840,North,PRD-0052,Beauty & Health,ACC-0018,WH-02,3,152.49,Online Payment,3.5,True,False
ORD-0003127,2023-01-07,CUST-005776,South,PRD-0083,Books & Media,ACC-0078,WH-03,2,38.68,Wallet Credit,4.4,False,False
ORD-0003128,2023-01-07,CUST-014177,Central,PRD-0124,Home & Kitchen,ACC-0223,WH-01,2,52.92,Online Payment,2.8,True,False
ORD-0003129,2023-01-07,CUST-035196,Central,PRD-0133,Home & Kitchen,ACC-0250,WH-01,2,222.7,Wallet Credit,2.3,True,False
ORD-0003130,2023-01-07,CUST-034514,North,PRD-0103,Grocery & Gourmet,ACC-0239,WH-01,1,25.76,Online Payment,1.9,True,False
ORD-0003131,2023-01-07,CUST-026364,Central,PRD-0051,Fashion & Apparel,ACC-0057,WH-01,1,29.63,Cash on Delivery,1.8,True,False
ORD-0003132,2023-01-07,CUST-034325,East,PRD-0079,Books & Media,ACC-0220,WH-04,1,9.98,Online Payment,4.9,False,False
ORD-0003133,2023-01-07,CUST-024646,Central,PRD-0116,Grocery & Gourmet,ACC-0053,WH-01,1,39.14,Installment Plan,2.0,True,False
ORD-0003134,2023-01-07,CUST-012859,South,PRD-0027,Home Appliances,ACC-0024,WH-03,3,388.74,Cash on Delivery,3.2,True,False
ORD-0003135,2023-01-07,CUST-028794,South,PRD-0085,Books & Media,ACC-0097,WH-03,1,6.87,Online Payment,3.8,True,False
ORD-0003136,2023-01-07,CUST-016509,Central,PRD-0112,Grocery & Gourmet,ACC-0198,WH-01,1,13.56,Online Payment,2.5,True,False
ORD-0003137,2023-01-07,CUST-028201,West,PRD-0013,Mobile & Tablet,ACC-0175,WH-05,1,352.2,Cash on Delivery,4.1,False,False
ORD-0003138,2023-01-07,CUST-018996,North,PRD-0050,Fashion & Apparel,ACC-0255,WH-02,2,60.26,Cash on Delivery,2.8,True,False
ORD-0003139,2023-01-07,CUST-023059,North,PRD-0025,Home Appliances,ACC-0224,WH-02,1,178.8,Online Payment,2.9,True,False
ORD-0003140,2023-01-07,CUST-022902,North,PRD-0002,Mobile & Tablet,ACC-0002,WH-02,1,504.12,Cash on Delivery,4.1,False,False
ORD-0003141,2023-01-07,CUST-025018,West,PRD-0036,Fashion & Apparel,ACC-0169,WH-05,1,83.22,Wallet Credit,4.1,False,False
ORD-0003142,2023-01-07,CUST-024957,Central,PRD-0057,Beauty & Health,ACC-0180,WH-01,1,14.27,Wallet Credit,2.8,True,False
ORD-0003143,2023-01-07,CUST-003981,West,PRD-0121,Home & Kitchen,ACC-0101,WH-05,1,27.3,Online Payment,3.2,True,False
ORD-0003144,2023-01-07,CUST-011404,West,PRD-0134,Home & Kitchen,ACC-0201,WH-05,3,353.37,Online Payment,3.5,True,False
ORD-0003145,2023-01-07,CUST-023576,North,PRD-0110,Grocery & Gourmet,ACC-0250,WH-02,3,142.17,Wallet Credit,3.1,True,False
ORD-0003146,2023-01-07,CUST-023094,Central,PRD-0088,Digital Goods,ACC-0091,WH-01,1,32.6,Online Payment,1.7,True,False
ORD-0003147,2023-01-07,CUST-011043,South,PRD-0144,Sports & Outdoor,ACC-0030,WH-03,1,72.68,Online Payment,4.0,True,False
ORD-0003148,2023-01-07,CUST-025689,North,PRD-0152,Sports & Outdoor,ACC-0015,WH-02,1,54.78,Installment Plan,2.8,True,False
ORD-0003149,2023-01-07,CUST-002071,Central,PRD-0022,Home Appliances,ACC-0091,WH-01,1,265.81,Online Payment,2.5,True,False
ORD-0003150,2023-01-07,CUST-001718,East,PRD-0042,Fashion & Apparel,ACC-0048,WH-04,1,94.22,Online Payment,3.5,True,False
ORD-0003151,2023-01-07,CUST-006767,Central,PRD-0059,Beauty & Health,ACC-0111,WH-01,2,72.62,Installment Plan,2.0,True,False
ORD-0003152,2023-01-07,CUST-005356,South,PRD-0069,Books & Media,ACC-0096,WH-03,2,39.86,Online Payment,3.1,True,False
ORD-0003153,2023-01-07,CUST-002980,North,PRD-0107,Grocery & Gourmet,ACC-0250,WH-02,1,29.08,Installment Plan,2.5,True,False
ORD-0003154,2023-01-07,CUST-022830,Central,PRD-0005,Mobile & Tablet,ACC-0099,WH-01,3,2149.14,Wallet Credit,2.2,True,False
ORD-0003155,2023-01-07,CUST-026439,Central,PRD-0046,Fashion & Apparel,ACC-0258,WH-01,2,75.7,Wallet Credit,2.1,True,False
ORD-0003156,2023-01-07,CUST-029062,West,PRD-0113,Grocery & Gourmet,ACC-0110,WH-05,1,17.01,Cash on Delivery,3.1,True,False
ORD-0003157,2023-01-07,CUST-007869,West,PRD-0102,Digital Goods,ACC-0153,WH-01,1,27.27,Online Payment,2.5,True,False
ORD-0003158,2023-01-07,CUST-017927,North,PRD-0061,Beauty & Health,ACC-0220,WH-02,1,13.15,Online Payment,2.8,True,False
ORD-0003159,2023-01-07,CUST-019231,North,PRD-0029,Home Appliances,ACC-0176,WH-01,1,248.48,Online Payment,3.1,False,False
ORD-0003160,2023-01-07,CUST-024972,South,PRD-0129,Home & Kitchen,ACC-0043,WH-03,1,37.2,Cash on Delivery,2.7,True,False
ORD-0003161,2023-01-07,CUST-007079,North,PRD-0022,Home Appliances,ACC-0189,WH-02,2,531.62,Wallet Credit,3.5,True,False
ORD-0003162,2023-01-07,CUST-034041,East,PRD-0038,Fashion & Apparel,ACC-0190,WH-04,1,41.73,Installment Plan,3.0,True,False
ORD-0003163,2023-01-07,CUST-005359,Central,PRD-0062,Beauty & Health,ACC-0187,WH-01,1,39.19,Cash on Delivery,2.9,True,False
ORD-0003164,2023-01-07,CUST-023505,Central,PRD-0024,Home Appliances,ACC-0222,WH-01,1,262.8,Cash on Delivery,2.0,True,False
ORD-0003165,2023-01-07,CUST-009690,East,PRD-0129,Home & Kitchen,ACC-0237,WH-04,2,74.4,Cash on Delivery,3.3,True,False
ORD-0003166,2023-01-07,CUST-028794,South,PRD-0035,Fashion & Apparel,ACC-0236,WH-03,1,90.56,Online Payment,3.3,True,False
ORD-0003167,2023-01-07,CUST-034907,East,PRD-0001,Mobile & Tablet,ACC-0077,WH-01,1,214.68,Online Payment,2.0,True,False
ORD-0003168,2023-01-07,CUST-031397,West,PRD-0143,Sports & Outdoor,ACC-0004,WH-05,1,45.69,Online Payment,3.8,True,False
ORD-0003169,2023-01-07,CUST-013922,Central,PRD-0039,Fashion & Apparel,ACC-0254,WH-01,2,115.9,Online Payment,1.8,True,False
ORD-0003170,2023-01-07,CUST-000287,Central,PRD-0104,Grocery & Gourmet,ACC-0241,WH-01,1,14.26,Online Payment,2.0,True,False
ORD-0003171,2023-01-07,CUST-035854,Central,PRD-0073,Books & Media,ACC-0009,WH-01,1,20.32,Cash on Delivery,2.2,True,False
ORD-0003172,2023-01-07,CUST-011456,West,PRD-0139,Sports & Outdoor,ACC-0049,WH-05,3,235.59,Online Payment,3.3,True,False
ORD-0003173,2023-01-07,CUST-026998,West,PRD-0031,Home Appliances,ACC-0091,WH-05,1,115.51,Wallet Credit,3.2,True,False
ORD-0003174,2023-01-07,CUST-027816,Central,PRD-0002,Mobile & Tablet,ACC-0199,WH-01,1,504.12,Cash on Delivery,1.9,True,False
ORD-0003175,2023-01-07,CUST-021344,West,PRD-0110,Grocery & Gourmet,ACC-0250,WH-05,1,47.39,Online Payment,3.5,True,False
ORD-0003176,2023-01-07,CUST-027655,Central,PRD-0149,Sports & Outdoor,ACC-0156,WH-01,1,81.88,Wallet Credit,2.4,True,False
ORD-0003177,2023-01-07,CUST-020520,South,PRD-0150,Sports & Outdoor,ACC-0138,WH-03,1,72.49,Online Payment,3.0,True,False
ORD-0003178,2023-01-07,CUST-019463,Central,PRD-0015,Mobile & Tablet,ACC-0160,WH-01,1,666.81,Online Payment,2.3,True,False
ORD-0003179,2023-01-07,CUST-009830,Central,PRD-0027,Home Appliances,ACC-0010,WH-01,1,129.58,Cash on Delivery,2.7,True,False
ORD-0003180,2023-01-07,CUST-012537,Central,PRD-0014,Mobile & Tablet,ACC-0070,WH-01,2,560.0,Online Payment,2.1,True,False
ORD-0003181,2023-01-07,CUST-016597,North,PRD-0071,Books & Media,ACC-0250,WH-02,2,15.82,Wallet Credit,3.0,True,False
ORD-0003182,2023-01-07,CUST-015089,South,PRD-0083,Books & Media,ACC-0052,WH-01,2,38.68,Online Payment,2.1,True,False
ORD-0003183,2023-01-07,CUST-001396,South,PRD-0058,Beauty & Health,ACC-0155,WH-03,1,43.27,Wallet Credit,3.1,True,False
ORD-0003184,2023-01-07,CUST-027582,North,PRD-0029,Home Appliances,ACC-0136,WH-02,1,248.48,Wallet Credit,3.1,True,False
ORD-0003185,2023-01-07,CUST-008127,South,PRD-0023,Home Appliances,ACC-0091,WH-03,3,1584.21,Online Payment,2.9,True,False
ORD-0003186,2023-01-07,CUST-032094,East,PRD-0119,Grocery & Gourmet,ACC-0068,WH-01,3,45.3,Cash on Delivery,3.2,False,False
ORD-0003187,2023-01-07,CUST-006333,Central,PRD-0050,Fashion & Apparel,ACC-0189,WH-01,1,30.13,Online Payment,3.3,False,False
ORD-0003188,2023-01-07,CUST-010657,East,PRD-0023,Home Appliances,ACC-0067,WH-04,1,528.07,Installment Plan,3.5,True,False
ORD-0003189,2023-01-07,CUST-018501,West,PRD-0033,Home Appliances,ACC-0224,WH-05,2,899.94,Online Payment,3.0,True,False
ORD-0003190,2023-01-07,CUST-021052,West,PRD-0010,Mobile & Tablet,ACC-0200,WH-05,2,1271.68,Cash on Delivery,3.3,True,False
ORD-0003191,2023-01-07,CUST-005107,Central,PRD-0067,Beauty & Health,ACC-0159,WH-01,3,46.62,Online Payment,2.6,True,False
ORD-0003192,2023-01-07,CUST-005911,West,PRD-0103,Grocery & Gourmet,ACC-0088,WH-05,2,51.52,Online Payment,3.4,True,False
ORD-0003193,2023-01-07,CUST-028064,North,PRD-0031,Home Appliances,ACC-0187,WH-02,1,115.51,Online Payment,3.1,True,False
ORD-0003194,2023-01-07,CUST-016019,Central,PRD-0116,Grocery & Gourmet,ACC-0089,WH-01,1,39.14,Online Payment,2.2,True,False
ORD-0003195,2023-01-07,CUST-016241,East,PRD-0040,Fashion & Apparel,ACC-0136,WH-04,1,35.59,Wallet Credit,3.3,True,False
ORD-0003196,2023-01-07,CUST-016365,South,PRD-0057,Beauty & Health,ACC-0258,WH-01,1,14.27,Cash on Delivery,2.0,True,False
ORD-0003197,2023-01-07,CUST-017965,South,PRD-0064,Beauty & Health,ACC-0160,WH-03,2,57.88,Cash on Delivery,3.8,True,False
ORD-0003198,2023-01-07,CUST-017325,South,PRD-0085,Books & Media,ACC-0109,WH-03,3,20.61,Cash on Delivery,3.1,True,False
ORD-0003199,2023-01-07,CUST-005671,Central,PRD-0041,Fashion & Apparel,ACC-0207,WH-01,2,77.82,Wallet Credit,1.9,True,True
ORD-0003200,2023-01-07,CUST-000738,North,PRD-0093,Digital Goods,ACC-0260,WH-02,1,35.6,Wallet Credit,5.4,False,False
ORD-0003201,2023-01-07,CUST-029853,East,PRD-0033,Home Appliances,ACC-0243,WH-04,2,899.94,Cash on Delivery,3.7,True,False
ORD-0003202,2023-01-07,CUST-013620,South,PRD-0134,Home & Kitchen,ACC-0209,WH-01,2,235.58,Online Payment,2.2,True,False
ORD-0003203,2023-01-07,CUST-004556,North,PRD-0009,Mobile & Tablet,ACC-0094,WH-02,2,1092.52,Online Payment,3.4,True,False
ORD-0003204,2023-01-07,CUST-032330,Central,PRD-0047,Fashion & Apparel,ACC-0062,WH-01,3,234.27,Installment Plan,2.0,True,False
ORD-0003205,2023-01-07,CUST-003277,West,PRD-0022,Home Appliances,ACC-0127,WH-05,1,265.81,Online Payment,3.6,True,False
ORD-0003206,2023-01-07,CUST-029948,South,PRD-0006,Mobile & Tablet,ACC-0191,WH-03,1,361.82,Online Payment,3.3,True,False
ORD-0003207,2023-01-07,CUST-024580,Central,PRD-0017,Mobile & Tablet,ACC-0012,WH-01,1,186.87,Wallet Credit,2.7,True,False
ORD-0003208,2023-01-07,CUST-003548,Central,PRD-0086,Digital Goods,ACC-0200,WH-01,2,49.98,Wallet Credit,3.3,False,False
ORD-0003209,2023-01-07,CUST-028908,North,PRD-0009,Mobile & Tablet,ACC-0085,WH-02,1,546.26,Online Payment,3.4,True,False
ORD-0003210,2023-01-07,CUST-029456,West,PRD-0071,Books & Media,ACC-0043,WH-05,2,15.82,Online Payment,3.2,True,False
ORD-0003211,2023-01-07,CUST-007948,East,PRD-0113,Grocery & Gourmet,ACC-0124,WH-04,1,17.01,Cash on Delivery,4.0,True,False
ORD-0003212,2023-01-07,CUST-034671,Central,PRD-0045,Fashion & Apparel,ACC-0071,WH-01,2,46.92,Wallet Credit,3.0,True,False
ORD-0003213,2023-01-07,CUST-008458,Central,PRD-0097,Digital Goods,ACC-0064,WH-01,2,50.36,Online Payment,2.7,True,False
ORD-0003214,2023-01-07,CUST-030069,West,PRD-0009,Mobile & Tablet,ACC-0144,WH-05,2,1092.52,Online Payment,3.2,True,False
ORD-0003215,2023-01-07,CUST-003507,Central,PRD-0024,Home Appliances,ACC-0235,WH-01,3,788.4,Online Payment,1.9,True,True
ORD-0003216,2023-01-07,CUST-033214,North,PRD-0041,Fashion & Apparel,ACC-0133,WH-02,2,77.82,Online Payment,3.4,True,False
ORD-0003217,2023-01-07,CUST-035686,South,PRD-0040,Fashion & Apparel,ACC-0103,WH-01,1,35.59,Installment Plan,2.6,True,True
ORD-0003218,2023-01-07,CUST-008730,West,PRD-0079,Books & Media,ACC-0198,WH-05,1,9.98,Online Payment,3.6,True,False
ORD-0003219,2023-01-07,CUST-010076,Central,PRD-0073,Books & Media,ACC-0019,WH-01,1,20.32,Online Payment,1.9,True,False
ORD-0003220,2023-01-07,CUST-022947,South,PRD-0028,Home Appliances,ACC-0027,WH-03,1,499.88,Online Payment,3.0,True,False
ORD-0003221,2023-01-07,CUST-012467,Central,PRD-0131,Home & Kitchen,ACC-0035,WH-01,1,102.11,Cash on Delivery,2.5,True,False
ORD-0003222,2023-01-07,CUST-006423,South,PRD-0149,Sports & Outdoor,ACC-0089,WH-03,2,163.76,Wallet Credit,3.0,True,False
ORD-0003223,2023-01-07,CUST-001185,East,PRD-0077,Books & Media,ACC-0133,WH-04,2,31.1,Cash on Delivery,3.8,True,False
ORD-0003224,2023-01-07,CUST-014376,West,PRD-0021,Home Appliances,ACC-0091,WH-05,2,238.96,Online Payment,3.3,True,False
ORD-0003225,2023-01-07,CUST-024972,South,PRD-0136,Home & Kitchen,ACC-0064,WH-03,3,120.39,Online Payment,4.2,False,False
ORD-0003226,2023-01-07,CUST-031607,North,PRD-0069,Books & Media,ACC-0138,WH-02,2,39.86,Online Payment,2.8,True,False
ORD-0003227,2023-01-07,CUST-002515,South,PRD-0095,Digital Goods,ACC-0126,WH-03,2,65.14,Online Payment,2.7,True,False
ORD-0003228,2023-01-07,CUST-007911,South,PRD-0046,Fashion & Apparel,ACC-0070,WH-03,2,75.7,Wallet Credit,3.1,True,False
ORD-0003229,2023-01-07,CUST-003331,North,PRD-0082,Books & Media,ACC-0118,WH-02,3,41.31,Online Payment,3.3,True,False
ORD-0003230,2023-01-07,CUST-016519,West,PRD-0086,Digital Goods,ACC-0167,WH-05,2,49.98,Online Payment,4.2,False,False
ORD-0003231,2023-01-07,CUST-028280,West,PRD-0069,Books & Media,ACC-0077,WH-05,1,19.93,Online Payment,3.5,True,False
ORD-0003232,2023-01-07,CUST-028931,Central,PRD-0011,Mobile & Tablet,ACC-0215,WH-01,3,2208.96,Online Payment,1.9,True,False
ORD-0003233,2023-01-07,CUST-012337,South,PRD-0089,Digital Goods,ACC-0100,WH-01,1,36.42,Wallet Credit,2.5,True,False
ORD-0003234,2023-01-07,CUST-028604,North,PRD-0131,Home & Kitchen,ACC-0005,WH-02,1,102.11,Online Payment,2.9,True,False
ORD-0003235,2023-01-07,CUST-010536,North,PRD-0086,Digital Goods,ACC-0222,WH-02,2,49.98,Cash on Delivery,3.5,True,False
ORD-0003236,2023-01-07,CUST-031613,South,PRD-0121,Home & Kitchen,ACC-0196,WH-03,1,27.3,Wallet Credit,3.6,True,False
ORD-0003237,2023-01-07,CUST-003202,South,PRD-0075,Books & Media,ACC-0082,WH-03,1,21.86,Wallet Credit,3.8,True,False
ORD-0003238,2023-01-07,CUST-025789,West,PRD-0136,Home & Kitchen,ACC-0197,WH-01,1,40.13,Online Payment,2.1,True,False
ORD-0003239,2023-01-07,CUST-031449,West,PRD-0073,Books & Media,ACC-0198,WH-05,3,60.96,Online Payment,3.2,True,False
ORD-0003240,2023-01-07,CUST-006909,Central,PRD-0088,Digital Goods,ACC-0057,WH-01,1,32.6,Wallet Credit,2.4,True,False
ORD-0003241,2023-01-07,CUST-011754,North,PRD-0143,Sports & Outdoor,ACC-0013,WH-02,3,137.07,Cash on Delivery,2.6,True,False
ORD-0003242,2023-01-07,CUST-025033,East,PRD-0122,Home & Kitchen,ACC-0150,WH-04,2,120.42,Installment Plan,3.2,True,False
ORD-0003243,2023-01-07,CUST-008341,West,PRD-0005,Mobile & Tablet,ACC-0056,WH-05,1,716.38,Online Payment,3.9,True,False
ORD-0003244,2023-01-07,CUST-028259,Central,PRD-0043,Fashion & Apparel,ACC-0233,WH-01,1,53.32,Online Payment,2.6,True,False
ORD-0003245,2023-01-07,CUST-001440,South,PRD-0132,Home & Kitchen,ACC-0078,WH-03,1,66.35,Online Payment,3.4,True,False
ORD-0003246,2023-01-07,CUST-005170,Central,PRD-0099,Digital Goods,ACC-0076,WH-01,2,46.54,Online Payment,1.9,True,False
ORD-0003247,2023-01-07,CUST-014299,West,PRD-0117,Grocery & Gourmet,ACC-0055,WH-05,1,24.86,Wallet Credit,3.4,True,False
ORD-0003248,2023-01-07,CUST-001850,Central,PRD-0026,Home Appliances,ACC-0224,WH-01,1,319.15,Online Payment,1.7,True,True
ORD-0003249,2023-01-07,CUST-029062,West,PRD-0037,Fashion & Apparel,ACC-0157,WH-05,2,51.06,Cash on Delivery,4.0,True,False
ORD-0003250,2023-01-07,CUST-013962,East,PRD-0008,Mobile & Tablet,ACC-0200,WH-04,1,220.44,Online Payment,3.9,True,False
ORD-0003251,2023-01-07,CUST-002768,South,PRD-0119,Grocery & Gourmet,ACC-0006,WH-03,1,15.1,Online Payment,2.7,True,False
ORD-0003252,2023-01-07,CUST-013893,Central,PRD-0152,Sports & Outdoor,ACC-0043,WH-01,2,109.56,Online Payment,1.9,True,False
ORD-0003253,2023-01-07,CUST-022495,Central,PRD-0075,Books & Media,ACC-0134,WH-01,2,43.72,Online Payment,2.0,True,False
ORD-0003254,2023-01-07,CUST-029848,Central,PRD-0093,Digital Goods,ACC-0141,WH-01,2,71.2,Installment Plan,3.1,False,False
ORD-0003255,2023-01-07,CUST-035947,Central,PRD-0080,Books & Media,ACC-0183,WH-01,1,12.52,Wallet Credit,2.0,True,False
ORD-0003256,2023-01-07,CUST-016365,South,PRD-0085,Books & Media,ACC-0215,WH-03,1,6.87,Cash on Delivery,3.6,True,False
ORD-0003257,2023-01-07,CUST-007660,East,PRD-0027,Home Appliances,ACC-0198,WH-04,2,259.16,Online Payment,3.8,True,False
ORD-0003258,2023-01-07,CUST-007507,South,PRD-0034,Home Appliances,ACC-0009,WH-03,2,265.96,Wallet Credit,2.7,True,False
ORD-0003259,2023-01-07,CUST-017311,North,PRD-0021,Home Appliances,ACC-0114,WH-02,3,358.44,Online Payment,3.4,True,False
ORD-0003260,2023-01-07,CUST-009241,West,PRD-0138,Sports & Outdoor,ACC-0175,WH-05,1,106.92,Cash on Delivery,3.9,True,False
ORD-0003261,2023-01-07,CUST-017974,Central,PRD-0080,Books & Media,ACC-0033,WH-01,1,12.52,Online Payment,2.5,True,False
ORD-0003262,2023-01-07,CUST-029661,East,PRD-0070,Books & Media,ACC-0173,WH-04,3,66.66,Online Payment,3.3,True,False
ORD-0003263,2023-01-07,CUST-034057,North,PRD-0039,Fashion & Apparel,ACC-0138,WH-02,1,57.95,Online Payment,3.3,True,False
ORD-0003264,2023-01-07,CUST-006293,Central,PRD-0085,Books & Media,ACC-0016,WH-01,1,6.87,Cash on Delivery,2.2,True,False
ORD-0003265,2023-01-07,CUST-026090,East,PRD-0130,Home & Kitchen,ACC-0132,WH-04,1,30.56,Installment Plan,3.1,True,False
ORD-0003266,2023-01-07,CUST-003007,South,PRD-0142,Sports & Outdoor,ACC-0173,WH-03,2,166.34,Online Payment,3.4,True,False
ORD-0003267,2023-01-07,CUST-032082,Central,PRD-0105,Grocery & Gourmet,ACC-0243,WH-01,1,25.18,Wallet Credit,2.4,True,False
ORD-0003268,2023-01-07,CUST-020446,Central,PRD-0092,Digital Goods,ACC-0097,WH-01,2,39.34,Wallet Credit,2.3,True,False
ORD-0003269,2023-01-07,CUST-002842,East,PRD-0127,Home & Kitchen,ACC-0082,WH-04,1,113.98,Online Payment,3.1,True,False
ORD-0003270,2023-01-07,CUST-025332,South,PRD-0060,Beauty & Health,ACC-0078,WH-03,1,41.99,Wallet Credit,3.1,True,False
ORD-0003271,2023-01-07,CUST-021470,West,PRD-0004,Mobile & Tablet,ACC-0069,WH-05,1,179.1,Online Payment,3.1,True,False
ORD-0003272,2023-01-07,CUST-035081,South,PRD-0118,Grocery & Gourmet,ACC-0238,WH-03,1,47.24,Online Payment,3.9,True,False
ORD-0003273,2023-01-07,CUST-001762,Central,PRD-0107,Grocery & Gourmet,ACC-0082,WH-01,1,29.08,Online Payment,1.8,True,False
ORD-0003274,2023-01-07,CUST-027427,Central,PRD-0149,Sports & Outdoor,ACC-0071,WH-01,1,81.88,Online Payment,3.5,False,True
ORD-0003275,2023-01-07,CUST-018645,North,PRD-0151,Sports & Outdoor,ACC-0234,WH-02,2,61.72,Installment Plan,3.2,True,False
ORD-0003276,2023-01-07,CUST-003872,North,PRD-0078,Books & Media,ACC-0042,WH-02,2,35.76,Installment Plan,3.7,True,False
ORD-0003277,2023-01-07,CUST-019266,North,PRD-0112,Grocery & Gourmet,ACC-0221,WH-02,1,13.56,Online Payment,4.1,False,False
ORD-0003278,2023-01-07,CUST-003298,Central,PRD-0011,Mobile & Tablet,ACC-0097,WH-01,3,2208.96,Online Payment,2.4,True,False
ORD-0003279,2023-01-07,CUST-004708,East,PRD-0086,Digital Goods,ACC-0173,WH-04,3,74.97,Installment Plan,4.2,False,False
ORD-0003280,2023-01-07,CUST-027072,Central,PRD-0061,Beauty & Health,ACC-0122,WH-01,1,13.15,Online Payment,3.0,True,False
ORD-0003281,2023-01-07,CUST-014635,West,PRD-0015,Mobile & Tablet,ACC-0032,WH-05,1,666.81,Installment Plan,3.7,True,False
ORD-0003282,2023-01-07,CUST-017099,East,PRD-0087,Digital Goods,ACC-0116,WH-04,3,36.66,Online Payment,3.2,True,False
ORD-0003283,2023-01-07,CUST-014438,Central,PRD-0077,Books & Media,ACC-0245,WH-01,1,15.55,Online Payment,2.2,True,False
ORD-0003284,2023-01-07,CUST-005212,East,PRD-0013,Mobile & Tablet,ACC-0080,WH-04,3,1056.6,Cash on Delivery,3.7,True,False
ORD-0003285,2023-01-07,CUST-029438,Central,PRD-0049,Fashion & Apparel,ACC-0182,WH-01,2,162.54,Wallet Credit,2.3,True,False
ORD-0003286,2023-01-07,CUST-002730,South,PRD-0020,Home Appliances,ACC-0148,WH-03,1,525.87,Online Payment,2.9,True,False
ORD-0003287,2023-01-07,CUST-008654,West,PRD-0026,Home Appliances,ACC-0091,WH-05,1,319.15,Cash on Delivery,3.2,True,False
ORD-0003288,2023-01-07,CUST-004306,North,PRD-0126,Home & Kitchen,ACC-0032,WH-02,2,116.3,Online Payment,3.0,True,False
ORD-0003289,2023-01-07,CUST-021864,East,PRD-0068,Beauty & Health,ACC-0076,WH-04,2,119.5,Online Payment,3.6,True,False
ORD-0003290,2023-01-07,CUST-028704,Central,PRD-0043,Fashion & Apparel,ACC-0013,WH-01,2,106.64,Online Payment,1.7,True,False
ORD-0003291,2023-01-07,CUST-020729,North,PRD-0060,Beauty & Health,ACC-0057,WH-02,1,41.99,Online Payment,2.5,True,False
ORD-0003292,2023-01-07,CUST-030609,North,PRD-0128,Home & Kitchen,ACC-0080,WH-02,2,191.72,Online Payment,4.1,False,True
ORD-0003293,2023-01-07,CUST-001015,Central,PRD-0048,Fashion & Apparel,ACC-0215,WH-01,1,71.58,Online Payment,2.3,True,False
ORD-0003294,2023-01-07,CUST-022996,Central,PRD-0121,Home & Kitchen,ACC-0213,WH-01,2,54.6,Installment Plan,3.0,True,False
ORD-0003295,2023-01-07,CUST-010386,East,PRD-0071,Books & Media,ACC-0034,WH-04,2,15.82,Wallet Credit,3.5,True,False
ORD-0003296,2023-01-07,CUST-021528,South,PRD-0043,Fashion & Apparel,ACC-0055,WH-03,1,53.32,Installment Plan,3.2,True,False
ORD-0003297,2023-01-07,CUST-013962,East,PRD-0072,Books & Media,ACC-0232,WH-04,1,5.87,Online Payment,3.4,True,False
ORD-0003298,2023-01-07,CUST-005504,West,PRD-0128,Home & Kitchen,ACC-0104,WH-05,1,95.86,Online Payment,3.7,True,False
ORD-0003299,2023-01-07,CUST-005528,West,PRD-0149,Sports & Outdoor,ACC-0200,WH-05,2,163.76,Online Payment,3.7,True,False
ORD-0003300,2023-01-07,CUST-034698,South,PRD-0055,Beauty & Health,ACC-0142,WH-03,1,61.54,Cash on Delivery,3.0,True,False
ORD-0003301,2023-01-07,CUST-032589,Central,PRD-0067,Beauty & Health,ACC-0013,WH-01,3,46.62,Wallet Credit,1.8,True,False
ORD-0003302,2023-01-07,CUST-033179,West,PRD-0066,Beauty & Health,ACC-0044,WH-05,2,114.4,Online Payment,3.5,True,False
ORD-0003303,2023-01-07,CUST-002086,Central,PRD-0016,Mobile & Tablet,ACC-0153,WH-01,2,843.7,Installment Plan,2.3,True,False
ORD-0003304,2023-01-07,CUST-004459,West,PRD-0016,Mobile & Tablet,ACC-0025,WH-05,1,421.85,Wallet Credit,3.5,True,False
ORD-0003305,2023-01-07,CUST-008421,East,PRD-0112,Grocery & Gourmet,ACC-0173,WH-04,2,27.12,Online Payment,3.3,True,False
ORD-0003306,2023-01-07,CUST-026743,Central,PRD-0099,Digital Goods,ACC-0082,WH-01,2,46.54,Online Payment,2.0,True,False
ORD-0003307,2023-01-07,CUST-021066,Central,PRD-0010,Mobile & Tablet,ACC-0052,WH-01,3,1907.52,Cash on Delivery,2.0,True,False
ORD-0003308,2023-01-07,CUST-008848,Central,PRD-0098,Digital Goods,ACC-0241,WH-01,2,60.12,Online Payment,2.5,True,False
ORD-0003309,2023-01-07,CUST-023576,North,PRD-0092,Digital Goods,ACC-0216,WH-02,3,59.01,Installment Plan,2.6,True,False
ORD-0003310,2023-01-07,CUST-030522,South,PRD-0133,Home & Kitchen,ACC-0145,WH-03,1,111.35,Cash on Delivery,3.1,True,False
ORD-0003311,2023-01-07,CUST-016707,Central,PRD-0093,Digital Goods,ACC-0126,WH-01,1,35.6,Cash on Delivery,2.1,True,False
ORD-0003312,2023-01-07,CUST-012016,North,PRD-0018,Home Appliances,ACC-0160,WH-02,3,915.66,Online Payment,3.4,True,False
ORD-0003313,2023-01-07,CUST-027059,North,PRD-0082,Books & Media,ACC-0189,WH-02,3,41.31,Cash on Delivery,3.4,True,False
ORD-0003314,2023-01-07,CUST-009877,South,PRD-0026,Home Appliances,ACC-0094,WH-03,1,319.15,Wallet Credit,4.2,False,False
ORD-0003315,2023-01-07,CUST-019412,South,PRD-0125,Home & Kitchen,ACC-0106,WH-03,1,108.61,Online Payment,3.0,True,False
ORD-0003316,2023-01-07,CUST-011777,North,PRD-0010,Mobile & Tablet,ACC-0200,WH-02,1,635.84,Cash on Delivery,3.1,True,False
ORD-0003317,2023-01-07,CUST-025114,Central,PRD-0001,Mobile & Tablet,ACC-0031,WH-01,1,214.68,Wallet Credit,2.1,True,False
ORD-0003318,2023-01-07,CUST-028794,South,PRD-0016,Mobile & Tablet,ACC-0173,WH-03,1,421.85,Wallet Credit,3.2,True,False
ORD-0003319,2023-01-07,CUST-029661,East,PRD-0115,Grocery & Gourmet,ACC-0013,WH-04,1,18.91,Online Payment,3.8,True,False
ORD-0003320,2023-01-07,CUST-025223,South,PRD-0014,Mobile & Tablet,ACC-0151,WH-03,1,280.0,Online Payment,3.5,True,False
ORD-0003321,2023-01-07,CUST-012835,Central,PRD-0122,Home & Kitchen,ACC-0212,WH-01,2,120.42,Cash on Delivery,2.1,True,False
ORD-0003322,2023-01-07,CUST-014820,South,PRD-0027,Home Appliances,ACC-0073,WH-03,3,388.74,Online Payment,4.1,False,False
ORD-0003323,2023-01-07,CUST-017636,East,PRD-0139,Sports & Outdoor,ACC-0095,WH-04,3,235.59,Online Payment,3.2,True,False
ORD-0003324,2023-01-07,CUST-016101,North,PRD-0022,Home Appliances,ACC-0149,WH-02,2,531.62,Cash on Delivery,3.6,True,False
ORD-0003325,2023-01-07,CUST-015108,Central,PRD-0096,Digital Goods,ACC-0230,WH-01,3,76.59,Online Payment,2.0,True,False
ORD-0003326,2023-01-07,CUST-023576,North,PRD-0148,Sports & Outdoor,ACC-0211,WH-01,2,271.1,Cash on Delivery,1.7,True,False
ORD-0003327,2023-01-07,CUST-020632,Central,PRD-0018,Home Appliances,ACC-0202,WH-01,1,305.22,Installment Plan,2.1,True,False
ORD-0003328,2023-01-07,CUST-000231,South,PRD-0082,Books & Media,ACC-0165,WH-03,1,13.77,Online Payment,3.3,True,False
ORD-0003329,2023-01-07,CUST-011625,Central,PRD-0147,Sports & Outdoor,ACC-0069,WH-01,2,262.6,Online Payment,1.9,True,False
ORD-0003330,2023-01-07,CUST-004563,West,PRD-0062,Beauty & Health,ACC-0053,WH-05,1,39.19,Wallet Credit,3.5,True,False
ORD-0003331,2023-01-07,CUST-020133,Central,PRD-0001,Mobile & Tablet,ACC-0235,WH-01,1,214.68,Wallet Credit,2.1,True,False
ORD-0003332,2023-01-07,CUST-030463,North,PRD-0132,Home & Kitchen,ACC-0253,WH-02,2,132.7,Wallet Credit,3.3,True,False
ORD-0003333,2023-01-07,CUST-028757,West,PRD-0083,Books & Media,ACC-0101,WH-05,1,19.34,Online Payment,3.6,True,False
ORD-0003334,2023-01-07,CUST-034132,Central,PRD-0118,Grocery & Gourmet,ACC-0006,WH-01,2,94.48,Online Payment,2.1,True,True
ORD-0003335,2023-01-07,CUST-023665,North,PRD-0083,Books & Media,ACC-0218,WH-02,2,38.68,Online Payment,2.8,True,False
ORD-0003336,2023-01-07,CUST-011168,West,PRD-0107,Grocery & Gourmet,ACC-0223,WH-01,2,58.16,Online Payment,2.2,True,False
ORD-0003337,2023-01-07,CUST-001583,East,PRD-0046,Fashion & Apparel,ACC-0088,WH-01,1,37.85,Installment Plan,2.2,True,False
ORD-0003338,2023-01-07,CUST-011580,South,PRD-0099,Digital Goods,ACC-0047,WH-03,1,23.27,Online Payment,2.7,True,False
ORD-0003339,2023-01-07,CUST-028936,East,PRD-0117,Grocery & Gourmet,ACC-0124,WH-04,1,24.86,Wallet Credit,3.1,True,False
ORD-0003340,2023-01-07,CUST-004640,South,PRD-0071,Books & Media,ACC-0076,WH-03,2,15.82,Online Payment,3.3,True,False
ORD-0003341,2023-01-07,CUST-013779,North,PRD-0078,Books & Media,ACC-0173,WH-02,1,17.88,Online Payment,2.9,True,False
ORD-0003342,2023-01-07,CUST-022654,West,PRD-0071,Books & Media,ACC-0019,WH-05,3,23.73,Wallet Credit,3.3,True,False
ORD-0003343,2023-01-07,CUST-031542,North,PRD-0013,Mobile & Tablet,ACC-0130,WH-02,2,704.4,Online Payment,3.0,True,False
ORD-0003344,2023-01-07,CUST-009556,Central,PRD-0031,Home Appliances,ACC-0215,WH-01,2,231.02,Online Payment,2.3,True,False
ORD-0003345,2023-01-07,CUST-018900,Central,PRD-0009,Mobile & Tablet,ACC-0255,WH-01,2,1092.52,Online Payment,1.7,True,False
ORD-0003346,2023-01-07,CUST-023837,North,PRD-0018,Home Appliances,ACC-0228,WH-02,3,915.66,Cash on Delivery,3.2,True,False
ORD-0003347,2023-01-07,CUST-011488,South,PRD-0131,Home & Kitchen,ACC-0222,WH-03,3,306.33,Wallet Credit,2.9,True,False
ORD-0003348,2023-01-07,CUST-010326,Central,PRD-0058,Beauty & Health,ACC-0168,WH-01,1,43.27,Cash on Delivery,2.4,True,False
ORD-0003349,2023-01-07,CUST-025636,South,PRD-0152,Sports & Outdoor,ACC-0146,WH-03,1,54.78,Online Payment,3.3,True,False
ORD-0003350,2023-01-07,CUST-003186,East,PRD-0024,Home Appliances,ACC-0002,WH-04,1,262.8,Cash on Delivery,3.5,True,False
ORD-0003351,2023-01-07,CUST-005578,West,PRD-0121,Home & Kitchen,ACC-0189,WH-01,3,81.9,Online Payment,2.3,True,False
ORD-0003352,2023-01-07,CUST-027072,Central,PRD-0122,Home & Kitchen,ACC-0155,WH-01,1,60.21,Cash on Delivery,2.1,True,False
ORD-0003353,2023-01-07,CUST-032633,Central,PRD-0054,Beauty & Health,ACC-0009,WH-01,1,29.31,Cash on Delivery,1.9,True,False
ORD-0003354,2023-01-07,CUST-012725,Central,PRD-0054,Beauty & Health,ACC-0200,WH-01,2,58.62,Online Payment,1.9,True,False
ORD-0003355,2023-01-07,CUST-019775,East,PRD-0146,Sports & Outdoor,ACC-0081,WH-01,1,94.23,Online Payment,2.8,True,False
ORD-0003356,2023-01-07,CUST-032627,South,PRD-0072,Books & Media,ACC-0177,WH-01,1,5.87,Online Payment,2.1,True,False
ORD-0003357,2023-01-07,CUST-027865,West,PRD-0015,Mobile & Tablet,ACC-0122,WH-05,1,666.81,Online Payment,3.6,True,False
ORD-0003358,2023-01-07,CUST-020028,North,PRD-0125,Home & Kitchen,ACC-0008,WH-02,2,217.22,Installment Plan,2.9,True,False
ORD-0003359,2023-01-07,CUST-005573,East,PRD-0080,Books & Media,ACC-0200,WH-04,2,25.04,Cash on Delivery,3.6,True,False
ORD-0003360,2023-01-07,CUST-000167,Central,PRD-0044,Fashion & Apparel,ACC-0111,WH-01,1,78.47,Cash on Delivery,2.2,True,False
ORD-0003361,2023-01-07,CUST-018854,Central,PRD-0010,Mobile & Tablet,ACC-0115,WH-01,1,635.84,Online Payment,2.3,True,False
ORD-0003362,2023-01-07,CUST-003611,Central,PRD-0074,Books & Media,ACC-0006,WH-01,1,21.22,Cash on Delivery,2.1,True,False
ORD-0003363,2023-01-07,CUST-012234,Central,PRD-0058,Beauty & Health,ACC-0001,WH-01,1,43.27,Cash on Delivery,3.4,False,False
ORD-0003364,2023-01-07,CUST-005578,West,PRD-0017,Mobile & Tablet,ACC-0175,WH-05,2,373.74,Wallet Credit,3.3,True,False
ORD-0003365,2023-01-07,CUST-016652,North,PRD-0001,Mobile & Tablet,ACC-0204,WH-02,1,214.68,Online Payment,3.0,True,False
ORD-0003366,2023-01-07,CUST-021784,South,PRD-0056,Beauty & Health,ACC-0214,WH-03,3,70.53,Cash on Delivery,3.4,True,False
ORD-0003367,2023-01-07,CUST-030412,South,PRD-0040,Fashion & Apparel,ACC-0133,WH-03,1,35.59,Online Payment,4.2,False,False
ORD-0003368,2023-01-07,CUST-010923,Central,PRD-0086,Digital Goods,ACC-0222,WH-01,2,49.98,Online Payment,1.8,True,False
ORD-0003369,2023-01-07,CUST-027214,North,PRD-0090,Digital Goods,ACC-0075,WH-02,2,33.76,Online Payment,2.7,True,True
ORD-0003370,2023-01-07,CUST-006292,West,PRD-0045,Fashion & Apparel,ACC-0138,WH-05,1,23.46,Cash on Delivery,3.3,True,False
ORD-0003371,2023-01-07,CUST-024228,East,PRD-0118,Grocery & Gourmet,ACC-0230,WH-04,3,141.72,Cash on Delivery,3.2,True,False
ORD-0003372,2023-01-07,CUST-006410,Central,PRD-0007,Mobile & Tablet,ACC-0103,WH-01,1,541.66,Cash on Delivery,1.8,True,False
ORD-0003373,2023-01-07,CUST-000977,North,PRD-0015,Mobile & Tablet,ACC-0126,WH-02,3,2000.43,Online Payment,2.5,True,False
ORD-0003374,2023-01-07,CUST-004888,Central,PRD-0111,Grocery & Gourmet,ACC-0157,WH-01,1,48.04,Online Payment,2.0,True,False
ORD-0003375,2023-01-07,CUST-012729,Central,PRD-0107,Grocery & Gourmet,ACC-0204,WH-01,2,58.16,Cash on Delivery,2.6,True,False
ORD-0003376,2023-01-07,CUST-002572,South,PRD-0092,Digital Goods,ACC-0113,WH-03,1,19.67,Online Payment,4.4,False,False
ORD-0003377,2023-01-07,CUST-034670,West,PRD-0003,Mobile & Tablet,ACC-0019,WH-01,1,226.53,Online Payment,2.2,True,True
ORD-0003378,2023-01-07,CUST-015124,North,PRD-0032,Home Appliances,ACC-0190,WH-01,1,322.23,Wallet Credit,2.3,True,False
ORD-0003379,2023-01-07,CUST-000147,North,PRD-0035,Fashion & Apparel,ACC-0102,WH-01,2,181.12,Online Payment,2.9,True,False
ORD-0003380,2023-01-07,CUST-007145,Central,PRD-0145,Sports & Outdoor,ACC-0113,WH-01,2,59.58,Online Payment,2.3,True,False
ORD-0003381,2023-01-07,CUST-032082,Central,PRD-0054,Beauty & Health,ACC-0258,WH-01,2,58.62,Wallet Credit,2.2,True,False
ORD-0003382,2023-01-07,CUST-012586,North,PRD-0080,Books & Media,ACC-0187,WH-01,2,25.04,Online Payment,1.9,True,False
ORD-0003383,2023-01-07,CUST-004712,West,PRD-0034,Home Appliances,ACC-0172,WH-05,3,398.94,Installment Plan,3.6,True,False
ORD-0003384,2023-01-07,CUST-029198,West,PRD-0022,Home Appliances,ACC-0053,WH-05,2,531.62,Wallet Credit,3.5,True,False
ORD-0003385,2023-01-07,CUST-001656,East,PRD-0054,Beauty & Health,ACC-0020,WH-04,3,87.93,Installment Plan,3.2,True,False
ORD-0003386,2023-01-07,CUST-029206,Central,PRD-0042,Fashion & Apparel,ACC-0049,WH-01,1,94.22,Cash on Delivery,2.2,True,False
ORD-0003387,2023-01-07,CUST-003054,Central,PRD-0132,Home & Kitchen,ACC-0222,WH-01,2,132.7,Online Payment,2.0,True,False
ORD-0003388,2023-01-07,CUST-029254,West,PRD-0038,Fashion & Apparel,ACC-0100,WH-05,1,41.73,Cash on Delivery,3.4,True,False
ORD-0003389,2023-01-07,CUST-022188,South,PRD-0126,Home & Kitchen,ACC-0215,WH-03,1,58.15,Cash on Delivery,3.5,True,False
ORD-0003390,2023-01-07,CUST-013835,East,PRD-0131,Home & Kitchen,ACC-0100,WH-04,1,102.11,Online Payment,3.3,True,False
ORD-0003391,2023-01-07,CUST-024838,Central,PRD-0048,Fashion & Apparel,ACC-0049,WH-01,2,143.16,Online Payment,2.9,True,False
ORD-0003392,2023-01-07,CUST-023299,Central,PRD-0004,Mobile & Tablet,ACC-0091,WH-01,1,179.1,Online Payment,2.8,True,False
ORD-0003393,2023-01-07,CUST-009097,East,PRD-0130,Home & Kitchen,ACC-0016,WH-01,1,30.56,Wallet Credit,2.4,True,False
ORD-0003394,2023-01-07,CUST-026113,Central,PRD-0050,Fashion & Apparel,ACC-0133,WH-01,1,30.13,Online Payment,1.8,True,False
ORD-0003395,2023-01-07,CUST-017187,South,PRD-0056,Beauty & Health,ACC-0089,WH-03,1,23.51,Online Payment,3.5,True,False
ORD-0003396,2023-01-07,CUST-009574,North,PRD-0083,Books & Media,ACC-0077,WH-01,2,38.68,Cash on Delivery,2.9,True,False
ORD-0003397,2023-01-07,CUST-031395,South,PRD-0040,Fashion & Apparel,ACC-0047,WH-03,1,35.59,Online Payment,2.7,True,True
ORD-0003398,2023-01-07,CUST-015983,North,PRD-0144,Sports & Outdoor,ACC-0090,WH-02,1,72.68,Installment Plan,3.2,True,False
ORD-0003399,2023-01-07,CUST-035859,South,PRD-0122,Home & Kitchen,ACC-0081,WH-03,1,60.21,Cash on Delivery,3.2,True,False
ORD-0003400,2023-01-07,CUST-006879,South,PRD-0068,Beauty & Health,ACC-0117,WH-03,2,119.5,Online Payment,3.4,True,False
ORD-0003401,2023-01-07,CUST-022922,West,PRD-0005,Mobile & Tablet,ACC-0229,WH-05,1,716.38,Cash on Delivery,3.5,True,False
ORD-0003402,2023-01-07,CUST-001049,North,PRD-0145,Sports & Outdoor,ACC-0004,WH-02,3,89.37,Wallet Credit,3.0,True,False
ORD-0003403,2023-01-07,CUST-020632,Central,PRD-0102,Digital Goods,ACC-0157,WH-01,1,27.27,Online Payment,2.3,True,False
ORD-0003404,2023-01-07,CUST-013491,North,PRD-0097,Digital Goods,ACC-0187,WH-02,3,75.54,Online Payment,3.2,True,False
ORD-0003405,2023-01-07,CUST-021835,Central,PRD-0123,Home & Kitchen,ACC-0080,WH-01,1,82.38,Cash on Delivery,2.2,True,False
ORD-0003406,2023-01-07,CUST-024548,North,PRD-0027,Home Appliances,ACC-0077,WH-02,1,129.58,Online Payment,3.2,True,False
ORD-0003407,2023-01-07,CUST-019974,Central,PRD-0019,Home Appliances,ACC-0165,WH-01,2,838.26,Cash on Delivery,2.3,True,False
ORD-0003408,2023-01-07,CUST-001957,North,PRD-0030,Home Appliances,ACC-0203,WH-02,2,291.52,Online Payment,3.6,True,False
ORD-0003409,2023-01-07,CUST-023213,Central,PRD-0126,Home & Kitchen,ACC-0178,WH-01,1,58.15,Online Payment,2.5,True,False
ORD-0003410,2023-01-07,CUST-008999,East,PRD-0127,Home & Kitchen,ACC-0096,WH-04,2,227.96,Online Payment,3.4,True,False
ORD-0003411,2023-01-07,CUST-025961,South,PRD-0122,Home & Kitchen,ACC-0009,WH-03,2,120.42,Installment Plan,3.5,True,False
ORD-0003412,2023-01-07,CUST-028101,Central,PRD-0067,Beauty & Health,ACC-0230,WH-01,3,46.62,Cash on Delivery,2.1,True,False
ORD-0003413,2023-01-07,CUST-033270,East,PRD-0120,Home & Kitchen,ACC-0010,WH-04,2,144.52,Online Payment,3.1,True,False
ORD-0003414,2023-01-07,CUST-005491,South,PRD-0121,Home & Kitchen,ACC-0229,WH-01,1,27.3,Cash on Delivery,3.1,False,False
ORD-0003415,2023-01-07,CUST-033764,West,PRD-0043,Fashion & Apparel,ACC-0013,WH-05,3,159.96,Installment Plan,3.1,True,False
ORD-0003416,2023-01-07,CUST-013183,South,PRD-0062,Beauty & Health,ACC-0189,WH-03,1,39.19,Wallet Credit,2.8,True,False
ORD-0003417,2023-01-07,CUST-023124,Central,PRD-0033,Home Appliances,ACC-0220,WH-01,1,449.97,Cash on Delivery,2.2,True,False
ORD-0003418,2023-01-07,CUST-022352,South,PRD-0088,Digital Goods,ACC-0106,WH-01,1,32.6,Wallet Credit,3.1,False,False
ORD-0003419,2023-01-07,CUST-017713,Central,PRD-0022,Home Appliances,ACC-0129,WH-01,1,265.81,Cash on Delivery,2.3,True,False
ORD-0003420,2023-01-07,CUST-002330,South,PRD-0105,Grocery & Gourmet,ACC-0015,WH-03,1,25.18,Installment Plan,3.6,True,False
ORD-0003421,2023-01-07,CUST-035927,West,PRD-0013,Mobile & Tablet,ACC-0173,WH-01,2,704.4,Cash on Delivery,2.4,True,False
ORD-0003422,2023-01-07,CUST-009771,Central,PRD-0032,Home Appliances,ACC-0061,WH-01,1,322.23,Cash on Delivery,2.1,True,False
ORD-0003423,2023-01-07,CUST-035816,East,PRD-0109,Grocery & Gourmet,ACC-0198,WH-04,1,11.48,Installment Plan,3.4,True,False
ORD-0003424,2023-01-07,CUST-032149,West,PRD-0065,Beauty & Health,ACC-0068,WH-05,1,27.09,Wallet Credit,3.8,True,False
ORD-0003425,2023-01-07,CUST-027582,North,PRD-0138,Sports & Outdoor,ACC-0042,WH-01,1,106.92,Cash on Delivery,2.6,True,False
ORD-0003426,2023-01-07,CUST-020632,Central,PRD-0131,Home & Kitchen,ACC-0075,WH-01,2,204.22,Wallet Credit,2.1,True,False
ORD-0003427,2023-01-07,CUST-031869,Central,PRD-0066,Beauty & Health,ACC-0062,WH-01,1,57.2,Installment Plan,3.4,False,False
ORD-0003428,2023-01-07,CUST-017878,Central,PRD-0050,Fashion & Apparel,ACC-0160,WH-01,1,30.13,Online Payment,2.0,True,False
ORD-0003429,2023-01-07,CUST-025613,South,PRD-0029,Home Appliances,ACC-0091,WH-03,3,745.44,Online Payment,2.9,True,False
ORD-0003430,2023-01-07,CUST-009905,Central,PRD-0059,Beauty & Health,ACC-0105,WH-01,2,72.62,Cash on Delivery,2.1,True,False
ORD-0003431,2023-01-07,CUST-006692,Central,PRD-0116,Grocery & Gourmet,ACC-0260,WH-01,3,117.42,Wallet Credit,2.9,True,False
ORD-0003432,2023-01-07,CUST-022476,Central,PRD-0035,Fashion & Apparel,ACC-0119,WH-01,2,181.12,Online Payment,2.3,True,False
ORD-0003433,2023-01-07,CUST-023822,North,PRD-0006,Mobile & Tablet,ACC-0258,WH-02,1,361.82,Cash on Delivery,3.4,True,False
ORD-0003434,2023-01-07,CUST-022706,Central,PRD-0072,Books & Media,ACC-0006,WH-01,1,5.87,Installment Plan,2.2,True,False
ORD-0003435,2023-01-07,CUST-032759,Central,PRD-0150,Sports & Outdoor,ACC-0136,WH-01,2,144.98,Cash on Delivery,2.1,True,False
ORD-0003436,2023-01-07,CUST-026441,South,PRD-0113,Grocery & Gourmet,ACC-0068,WH-01,2,34.02,Online Payment,2.3,True,False
ORD-0003437,2023-01-07,CUST-003233,East,PRD-0032,Home Appliances,ACC-0240,WH-04,2,644.46,Online Payment,4.1,False,False
ORD-0003438,2023-01-07,CUST-031670,North,PRD-0053,Beauty & Health,ACC-0085,WH-02,3,148.41,Online Payment,3.4,True,False
ORD-0003439,2023-01-07,CUST-018645,North,PRD-0132,Home & Kitchen,ACC-0006,WH-02,2,132.7,Cash on Delivery,2.5,True,False
ORD-0003440,2023-01-07,CUST-011501,Central,PRD-0096,Digital Goods,ACC-0157,WH-01,2,51.06,Online Payment,1.9,True,False
ORD-0003441,2023-01-07,CUST-025128,Central,PRD-0120,Home & Kitchen,ACC-0163,WH-01,3,216.78,Cash on Delivery,1.8,True,False
ORD-0003442,2023-01-07,CUST-004777,West,PRD-0068,Beauty & Health,ACC-0051,WH-05,3,179.25,Online Payment,3.3,True,False
ORD-0003443,2023-01-07,CUST-017650,East,PRD-0138,Sports & Outdoor,ACC-0009,WH-04,1,106.92,Installment Plan,3.2,True,False
ORD-0003444,2023-01-07,CUST-012232,Central,PRD-0069,Books & Media,ACC-0222,WH-01,2,39.86,Wallet Credit,1.9,True,False
ORD-0003445,2023-01-07,CUST-019307,North,PRD-0041,Fashion & Apparel,ACC-0029,WH-02,2,77.82,Cash on Delivery,2.9,True,False
ORD-0003446,2023-01-07,CUST-015576,Central,PRD-0101,Digital Goods,ACC-0228,WH-01,3,57.69,Cash on Delivery,2.4,True,False
ORD-0003447,2023-01-07,CUST-033647,East,PRD-0114,Grocery & Gourmet,ACC-0043,WH-04,2,60.48,Online Payment,3.2,True,False
ORD-0003448,2023-01-07,CUST-022053,Central,PRD-0113,Grocery & Gourmet,ACC-0077,WH-01,2,34.02,Online Payment,2.9,True,False
ORD-0003449,2023-01-07,CUST-023059,North,PRD-0062,Beauty & Health,ACC-0255,WH-02,1,39.19,Installment Plan,3.1,True,False
ORD-0003450,2023-01-07,CUST-032194,Central,PRD-0090,Digital Goods,ACC-0136,WH-01,3,50.64,Online Payment,3.3,False,False
ORD-0003451,2023-01-07,CUST-008578,East,PRD-0122,Home & Kitchen,ACC-0016,WH-04,1,60.21,Cash on Delivery,4.1,False,False
ORD-0003452,2023-01-07,CUST-032199,East,PRD-0073,Books & Media,ACC-0104,WH-04,1,20.32,Cash on Delivery,3.3,True,False
ORD-0003453,2023-01-07,CUST-006915,Central,PRD-0025,Home Appliances,ACC-0179,WH-01,2,357.6,Wallet Credit,2.9,True,False
ORD-0003454,2023-01-07,CUST-027715,Central,PRD-0089,Digital Goods,ACC-0173,WH-01,1,36.42,Wallet Credit,1.8,True,False
ORD-0003455,2023-01-07,CUST-028690,North,PRD-0139,Sports & Outdoor,ACC-0153,WH-02,2,157.06,Online Payment,3.3,True,False
ORD-0003456,2023-01-07,CUST-007600,North,PRD-0120,Home & Kitchen,ACC-0072,WH-02,1,72.26,Online Payment,3.0,True,False
ORD-0003457,2023-01-07,CUST-006718,South,PRD-0115,Grocery & Gourmet,ACC-0218,WH-03,2,37.82,Online Payment,5.1,False,False
ORD-0003458,2023-01-07,CUST-012427,North,PRD-0127,Home & Kitchen,ACC-0096,WH-02,2,227.96,Cash on Delivery,3.3,True,False
ORD-0003459,2023-01-07,CUST-008236,East,PRD-0004,Mobile & Tablet,ACC-0143,WH-04,3,537.3,Installment Plan,3.3,True,False
ORD-0003460,2023-01-07,CUST-024487,East,PRD-0140,Sports & Outdoor,ACC-0103,WH-04,2,90.86,Online Payment,3.6,True,False
ORD-0003461,2023-01-07,CUST-035548,Central,PRD-0108,Grocery & Gourmet,ACC-0022,WH-01,2,31.16,Online Payment,2.2,True,False
ORD-0003462,2023-01-07,CUST-015534,West,PRD-0101,Digital Goods,ACC-0227,WH-05,3,57.69,Online Payment,3.4,True,False
ORD-0003463,2023-01-07,CUST-035028,Central,PRD-0061,Beauty & Health,ACC-0091,WH-01,1,13.15,Online Payment,2.2,True,False
ORD-0003464,2023-01-07,CUST-034753,Central,PRD-0148,Sports & Outdoor,ACC-0035,WH-01,2,271.1,Wallet Credit,2.5,True,False
ORD-0003465,2023-01-07,CUST-006808,Central,PRD-0018,Home Appliances,ACC-0218,WH-01,1,305.22,Wallet Credit,1.7,True,False
ORD-0003466,2023-01-07,CUST-003222,East,PRD-0025,Home Appliances,ACC-0199,WH-04,2,357.6,Cash on Delivery,3.5,True,False
ORD-0003467,2023-01-07,CUST-003797,North,PRD-0071,Books & Media,ACC-0178,WH-02,2,15.82,Installment Plan,3.2,True,False
ORD-0003468,2023-01-07,CUST-020565,East,PRD-0131,Home & Kitchen,ACC-0237,WH-04,1,102.11,Online Payment,3.6,True,False
ORD-0003469,2023-01-07,CUST-012591,West,PRD-0119,Grocery & Gourmet,ACC-0253,WH-05,1,15.1,Installment Plan,3.6,True,False
ORD-0003470,2023-01-07,CUST-026130,Central,PRD-0074,Books & Media,ACC-0120,WH-01,1,21.22,Cash on Delivery,2.4,True,False
ORD-0003471,2023-01-07,CUST-031308,Central,PRD-0100,Digital Goods,ACC-0093,WH-01,2,21.42,Online Payment,2.6,True,False
ORD-0003472,2023-01-07,CUST-025761,South,PRD-0027,Home Appliances,ACC-0016,WH-03,2,259.16,Online Payment,2.9,True,True
ORD-0003473,2023-01-07,CUST-005590,South,PRD-0091,Digital Goods,ACC-0104,WH-03,2,36.44,Online Payment,3.3,True,False
ORD-0003474,2023-01-07,CUST-000515,North,PRD-0126,Home & Kitchen,ACC-0215,WH-02,2,116.3,Online Payment,3.3,True,False
ORD-0003475,2023-01-07,CUST-011431,North,PRD-0135,Home & Kitchen,ACC-0064,WH-02,2,177.34,Cash on Delivery,3.3,True,False
ORD-0003476,2023-01-07,CUST-006490,North,PRD-0130,Home & Kitchen,ACC-0181,WH-02,1,30.56,Online Payment,2.9,True,False
ORD-0003477,2023-01-07,CUST-035200,East,PRD-0014,Mobile & Tablet,ACC-0237,WH-04,2,560.0,Cash on Delivery,4.7,False,False
ORD-0003478,2023-01-07,CUST-019283,Central,PRD-0041,Fashion & Apparel,ACC-0086,WH-01,2,77.82,Cash on Delivery,2.6,True,False
ORD-0003479,2023-01-07,CUST-013452,Central,PRD-0124,Home & Kitchen,ACC-0009,WH-01,1,26.46,Online Payment,2.0,True,False
ORD-0003480,2023-01-07,CUST-001017,Central,PRD-0110,Grocery & Gourmet,ACC-0122,WH-01,1,47.39,Online Payment,2.9,True,False
ORD-0003481,2023-01-07,CUST-025636,South,PRD-0132,Home & Kitchen,ACC-0122,WH-03,1,66.35,Installment Plan,3.0,True,False
ORD-0003482,2023-01-07,CUST-007448,Central,PRD-0095,Digital Goods,ACC-0094,WH-01,1,32.57,Wallet Credit,2.2,True,False
ORD-0003483,2023-01-08,CUST-017465,North,PRD-0081,Books & Media,ACC-0091,WH-02,1,11.07,Online Payment,2.7,True,False
ORD-0003484,2023-01-08,CUST-009409,Central,PRD-0031,Home Appliances,ACC-0095,WH-01,3,346.53,Wallet Credit,1.7,True,False
ORD-0003485,2023-01-08,CUST-018989,Central,PRD-0126,Home & Kitchen,ACC-0107,WH-01,1,58.15,Wallet Credit,2.1,True,False
ORD-0003486,2023-01-08,CUST-008430,West,PRD-0153,Sports & Outdoor,ACC-0133,WH-05,2,161.16,Online Payment,4.9,False,True
ORD-0003487,2023-01-08,CUST-030787,North,PRD-0010,Mobile & Tablet,ACC-0088,WH-02,1,635.84,Online Payment,3.3,True,False
ORD-0003488,2023-01-08,CUST-005252,West,PRD-0003,Mobile & Tablet,ACC-0002,WH-05,1,226.53,Wallet Credit,4.3,False,False
ORD-0003489,2023-01-08,CUST-006102,West,PRD-0006,Mobile & Tablet,ACC-0057,WH-05,2,723.64,Wallet Credit,3.1,True,False
ORD-0003490,2023-01-08,CUST-030983,West,PRD-0091,Digital Goods,ACC-0143,WH-01,1,18.22,Online Payment,2.2,True,False
ORD-0003491,2023-01-08,CUST-018677,Central,PRD-0136,Home & Kitchen,ACC-0246,WH-01,3,120.39,Cash on Delivery,2.0,True,False
ORD-0003492,2023-01-08,CUST-018681,South,PRD-0060,Beauty & Health,ACC-0136,WH-03,2,83.98,Cash on Delivery,3.2,True,False
ORD-0003493,2023-01-08,CUST-012058,East,PRD-0112,Grocery & Gourmet,ACC-0072,WH-04,3,40.68,Online Payment,3.2,True,False
ORD-0003494,2023-01-08,CUST-028447,East,PRD-0031,Home Appliances,ACC-0105,WH-01,2,231.02,Wallet Credit,2.3,True,False
ORD-0003495,2023-01-08,CUST-026966,West,PRD-0144,Sports & Outdoor,ACC-0132,WH-05,2,145.36,Cash on Delivery,3.5,True,False
ORD-0003496,2023-01-08,CUST-032337,Central,PRD-0026,Home Appliances,ACC-0110,WH-01,1,319.15,Online Payment,2.4,True,False
ORD-0003497,2023-01-08,CUST-022740,Central,PRD-0032,Home Appliances,ACC-0095,WH-01,1,322.23,Wallet Credit,1.8,True,False
ORD-0003498,2023-01-08,CUST-013123,North,PRD-0125,Home & Kitchen,ACC-0034,WH-02,1,108.61,Online Payment,2.7,True,False
ORD-0003499,2023-01-08,CUST-012072,North,PRD-0140,Sports & Outdoor,ACC-0167,WH-02,1,45.43,Cash on Delivery,2.7,True,False
ORD-0003500,2023-01-08,CUST-013992,East,PRD-0036,Fashion & Apparel,ACC-0126,WH-04,1,83.22,Installment Plan,3.6,True,False
ORD-0003501,2023-01-08,CUST-023308,Central,PRD-0028,Home Appliances,ACC-0076,WH-01,1,499.88,Online Payment,2.1,True,False
ORD-0003502,2023-01-08,CUST-001718,East,PRD-0063,Beauty & Health,ACC-0189,WH-04,1,27.57,Online Payment,3.5,True,False
ORD-0003503,2023-01-08,CUST-005012,Central,PRD-0013,Mobile & Tablet,ACC-0057,WH-01,2,704.4,Cash on Delivery,3.2,False,False
ORD-0003504,2023-01-08,CUST-018122,Central,PRD-0025,Home Appliances,ACC-0177,WH-01,2,357.6,Online Payment,1.9,True,False
ORD-0003505,2023-01-08,CUST-011505,East,PRD-0015,Mobile & Tablet,ACC-0067,WH-04,3,2000.43,Wallet Credit,3.3,True,False
ORD-0003506,2023-01-08,CUST-026227,North,PRD-0078,Books & Media,ACC-0068,WH-02,3,53.64,Online Payment,3.6,True,False
ORD-0003507,2023-01-08,CUST-028272,East,PRD-0128,Home & Kitchen,ACC-0244,WH-04,2,191.72,Wallet Credit,4.1,False,False
ORD-0003508,2023-01-08,CUST-016507,South,PRD-0133,Home & Kitchen,ACC-0200,WH-03,2,222.7,Installment Plan,3.7,True,False
ORD-0003509,2023-01-08,CUST-018737,West,PRD-0078,Books & Media,ACC-0255,WH-05,1,17.88,Cash on Delivery,4.1,False,False
ORD-0003510,2023-01-08,CUST-031613,South,PRD-0017,Mobile & Tablet,ACC-0032,WH-03,1,186.87,Wallet Credit,2.9,True,False
ORD-0003511,2023-01-08,CUST-011449,Central,PRD-0066,Beauty & Health,ACC-0185,WH-01,1,57.2,Online Payment,2.3,True,False
ORD-0003512,2023-01-08,CUST-029385,Central,PRD-0051,Fashion & Apparel,ACC-0114,WH-01,1,29.63,Wallet Credit,2.3,True,False
ORD-0003513,2023-01-08,CUST-034479,South,PRD-0076,Books & Media,ACC-0067,WH-03,1,7.78,Installment Plan,3.6,True,False
ORD-0003514,2023-01-08,CUST-011610,East,PRD-0124,Home & Kitchen,ACC-0034,WH-04,1,26.46,Online Payment,3.2,True,False
ORD-0003515,2023-01-08,CUST-026711,Central,PRD-0039,Fashion & Apparel,ACC-0240,WH-01,3,173.85,Online Payment,3.3,False,False
ORD-0003516,2023-01-08,CUST-018166,Central,PRD-0070,Books & Media,ACC-0160,WH-01,2,44.44,Online Payment,1.9,True,False
ORD-0003517,2023-01-08,CUST-033342,South,PRD-0080,Books & Media,ACC-0019,WH-03,2,25.04,Online Payment,2.9,True,False
ORD-0003518,2023-01-08,CUST-016558,West,PRD-0060,Beauty & Health,ACC-0101,WH-05,2,83.98,Online Payment,3.0,True,False
ORD-0003519,2023-01-08,CUST-034309,South,PRD-0115,Grocery & Gourmet,ACC-0095,WH-03,2,37.82,Installment Plan,2.8,True,False
ORD-0003520,2023-01-08,CUST-018152,North,PRD-0147,Sports & Outdoor,ACC-0005,WH-02,1,131.3,Wallet Credit,3.2,True,False
ORD-0003521,2023-01-08,CUST-022852,Central,PRD-0094,Digital Goods,ACC-0015,WH-01,3,93.99,Online Payment,1.9,True,False
ORD-0003522,2023-01-08,CUST-002896,South,PRD-0010,Mobile & Tablet,ACC-0153,WH-03,2,1271.68,Cash on Delivery,3.6,True,False
ORD-0003523,2023-01-08,CUST-002319,Central,PRD-0130,Home & Kitchen,ACC-0066,WH-01,1,30.56,Online Payment,2.5,True,False
ORD-0003524,2023-01-08,CUST-008834,Central,PRD-0082,Books & Media,ACC-0006,WH-01,2,27.54,Online Payment,1.9,True,False
ORD-0003525,2023-01-08,CUST-035626,West,PRD-0152,Sports & Outdoor,ACC-0216,WH-05,2,109.56,Cash on Delivery,3.5,True,False
ORD-0003526,2023-01-08,CUST-017114,West,PRD-0137,Sports & Outdoor,ACC-0026,WH-01,1,110.32,Online Payment,2.4,True,False
ORD-0003527,2023-01-08,CUST-029396,East,PRD-0146,Sports & Outdoor,ACC-0076,WH-04,1,94.23,Online Payment,3.6,True,False
ORD-0003528,2023-01-08,CUST-022367,South,PRD-0152,Sports & Outdoor,ACC-0187,WH-03,1,54.78,Online Payment,2.9,True,False
ORD-0003529,2023-01-08,CUST-010549,Central,PRD-0023,Home Appliances,ACC-0194,WH-01,3,1584.21,Online Payment,2.5,True,False
ORD-0003530,2023-01-08,CUST-012252,North,PRD-0019,Home Appliances,ACC-0241,WH-02,1,419.13,Wallet Credit,3.4,True,False
ORD-0003531,2023-01-08,CUST-023896,East,PRD-0020,Home Appliances,ACC-0013,WH-04,1,525.87,Wallet Credit,4.4,False,True
ORD-0003532,2023-01-08,CUST-032759,Central,PRD-0136,Home & Kitchen,ACC-0203,WH-01,2,80.26,Online Payment,2.5,True,False
ORD-0003533,2023-01-08,CUST-006575,North,PRD-0105,Grocery & Gourmet,ACC-0113,WH-02,3,75.54,Cash on Delivery,3.5,True,False
ORD-0003534,2023-01-08,CUST-030226,Central,PRD-0139,Sports & Outdoor,ACC-0018,WH-01,2,157.06,Online Payment,2.0,True,False
ORD-0003535,2023-01-08,CUST-000786,West,PRD-0036,Fashion & Apparel,ACC-0196,WH-05,1,83.22,Wallet Credit,4.1,False,False
ORD-0003536,2023-01-08,CUST-000928,North,PRD-0060,Beauty & Health,ACC-0171,WH-02,2,83.98,Online Payment,2.7,True,False
ORD-0003537,2023-01-08,CUST-010816,West,PRD-0057,Beauty & Health,ACC-0204,WH-05,1,14.27,Cash on Delivery,3.3,True,False
ORD-0003538,2023-01-08,CUST-012456,West,PRD-0057,Beauty & Health,ACC-0165,WH-01,2,28.54,Online Payment,1.9,True,False
ORD-0003539,2023-01-08,CUST-013152,South,PRD-0035,Fashion & Apparel,ACC-0179,WH-03,2,181.12,Cash on Delivery,3.8,True,True
ORD-0003540,2023-01-08,CUST-019197,South,PRD-0076,Books & Media,ACC-0116,WH-03,3,23.34,Online Payment,3.4,True,False
ORD-0003541,2023-01-08,CUST-034966,South,PRD-0081,Books & Media,ACC-0122,WH-03,1,11.07,Cash on Delivery,3.0,True,False
ORD-0003542,2023-01-08,CUST-012494,Central,PRD-0013,Mobile & Tablet,ACC-0127,WH-01,1,352.2,Online Payment,2.4,True,False
ORD-0003543,2023-01-08,CUST-019609,South,PRD-0098,Digital Goods,ACC-0065,WH-03,1,30.06,Cash on Delivery,3.1,True,False
ORD-0003544,2023-01-08,CUST-029020,Central,PRD-0102,Digital Goods,ACC-0215,WH-01,2,54.54,Online Payment,1.9,True,False
ORD-0003545,2023-01-08,CUST-020425,West,PRD-0101,Digital Goods,ACC-0253,WH-05,1,19.23,Installment Plan,4.0,True,False
ORD-0003546,2023-01-08,CUST-002269,Central,PRD-0145,Sports & Outdoor,ACC-0244,WH-01,3,89.37,Online Payment,2.6,True,False
ORD-0003547,2023-01-08,CUST-017550,West,PRD-0003,Mobile & Tablet,ACC-0017,WH-05,2,453.06,Cash on Delivery,4.0,True,False
ORD-0003548,2023-01-08,CUST-016365,South,PRD-0043,Fashion & Apparel,ACC-0230,WH-03,2,106.64,Online Payment,2.9,True,False
ORD-0003549,2023-01-08,CUST-003448,Central,PRD-0047,Fashion & Apparel,ACC-0101,WH-01,1,78.09,Online Payment,3.1,False,False
ORD-0003550,2023-01-08,CUST-013136,Central,PRD-0105,Grocery & Gourmet,ACC-0118,WH-01,2,50.36,Online Payment,2.7,True,False
ORD-0003551,2023-01-08,CUST-001301,Central,PRD-0021,Home Appliances,ACC-0076,WH-01,1,119.48,Online Payment,1.7,True,False
ORD-0003552,2023-01-08,CUST-002550,Central,PRD-0013,Mobile & Tablet,ACC-0104,WH-01,2,704.4,Cash on Delivery,2.7,True,False
ORD-0003553,2023-01-08,CUST-024491,Central,PRD-0091,Digital Goods,ACC-0119,WH-01,2,36.44,Wallet Credit,2.4,True,False
ORD-0003554,2023-01-08,CUST-004452,West,PRD-0049,Fashion & Apparel,ACC-0199,WH-01,2,162.54,Wallet Credit,2.4,True,True
ORD-0003555,2023-01-08,CUST-018434,East,PRD-0076,Books & Media,ACC-0111,WH-04,1,7.78,Online Payment,3.2,True,False
ORD-0003556,2023-01-08,CUST-008798,Central,PRD-0039,Fashion & Apparel,ACC-0057,WH-01,1,57.95,Online Payment,2.3,True,False
ORD-0003557,2023-01-08,CUST-022360,West,PRD-0049,Fashion & Apparel,ACC-0246,WH-05,1,81.27,Cash on Delivery,4.3,False,False
ORD-0003558,2023-01-08,CUST-018956,South,PRD-0013,Mobile & Tablet,ACC-0084,WH-03,1,352.2,Online Payment,2.9,True,False
ORD-0003559,2023-01-08,CUST-028260,West,PRD-0078,Books & Media,ACC-0052,WH-05,1,17.88,Online Payment,3.2,True,False
ORD-0003560,2023-01-08,CUST-025719,East,PRD-0077,Books & Media,ACC-0122,WH-04,1,15.55,Wallet Credit,3.2,True,False
ORD-0003561,2023-01-08,CUST-013707,Central,PRD-0038,Fashion & Apparel,ACC-0111,WH-01,3,125.19,Online Payment,1.9,True,False
ORD-0003562,2023-01-08,CUST-023767,Central,PRD-0145,Sports & Outdoor,ACC-0180,WH-01,3,89.37,Cash on Delivery,2.5,True,False
ORD-0003563,2023-01-08,CUST-035323,East,PRD-0009,Mobile & Tablet,ACC-0057,WH-04,3,1638.78,Cash on Delivery,4.4,False,False
ORD-0003564,2023-01-08,CUST-024089,South,PRD-0045,Fashion & Apparel,ACC-0187,WH-01,1,23.46,Installment Plan,2.2,True,False
ORD-0003565,2023-01-08,CUST-031067,Central,PRD-0024,Home Appliances,ACC-0077,WH-01,3,788.4,Online Payment,2.2,True,False
ORD-0003566,2023-01-08,CUST-014430,East,PRD-0064,Beauty & Health,ACC-0100,WH-04,2,57.88,Cash on Delivery,3.4,True,False
ORD-0003567,2023-01-08,CUST-000562,North,PRD-0066,Beauty & Health,ACC-0100,WH-02,3,171.6,Wallet Credit,3.5,True,False
ORD-0003568,2023-01-08,CUST-009228,Central,PRD-0072,Books & Media,ACC-0084,WH-01,1,5.87,Cash on Delivery,2.1,True,False
ORD-0003569,2023-01-08,CUST-003143,South,PRD-0023,Home Appliances,ACC-0188,WH-03,1,528.07,Installment Plan,3.7,True,False
ORD-0003570,2023-01-08,CUST-026080,West,PRD-0094,Digital Goods,ACC-0246,WH-05,2,62.66,Online Payment,3.4,True,False
ORD-0003571,2023-01-08,CUST-034403,West,PRD-0106,Grocery & Gourmet,ACC-0144,WH-05,1,28.58,Online Payment,3.1,True,False
ORD-0003572,2023-01-08,CUST-030030,Central,PRD-0126,Home & Kitchen,ACC-0020,WH-01,2,116.3,Online Payment,2.4,True,False
ORD-0003573,2023-01-08,CUST-018931,North,PRD-0112,Grocery & Gourmet,ACC-0133,WH-02,1,13.56,Wallet Credit,2.8,True,False
ORD-0003574,2023-01-08,CUST-025227,Central,PRD-0020,Home Appliances,ACC-0192,WH-01,1,525.87,Wallet Credit,2.1,True,False
ORD-0003575,2023-01-08,CUST-005132,North,PRD-0068,Beauty & Health,ACC-0158,WH-02,2,119.5,Cash on Delivery,3.8,True,False
ORD-0003576,2023-01-08,CUST-033697,East,PRD-0086,Digital Goods,ACC-0194,WH-04,2,49.98,Online Payment,3.3,True,False
ORD-0003577,2023-01-08,CUST-025325,Central,PRD-0035,Fashion & Apparel,ACC-0009,WH-01,3,271.68,Online Payment,2.1,True,False
ORD-0003578,2023-01-08,CUST-026410,Central,PRD-0104,Grocery & Gourmet,ACC-0173,WH-01,1,14.26,Cash on Delivery,1.8,True,False
ORD-0003579,2023-01-08,CUST-018570,South,PRD-0139,Sports & Outdoor,ACC-0244,WH-03,2,157.06,Cash on Delivery,3.4,True,False
ORD-0003580,2023-01-08,CUST-013145,West,PRD-0031,Home Appliances,ACC-0062,WH-05,1,115.51,Online Payment,3.5,True,False
ORD-0003581,2023-01-08,CUST-031613,South,PRD-0032,Home Appliances,ACC-0236,WH-03,3,966.69,Online Payment,3.2,True,False
ORD-0003582,2023-01-08,CUST-032589,Central,PRD-0059,Beauty & Health,ACC-0125,WH-01,2,72.62,Wallet Credit,1.9,True,False
ORD-0003583,2023-01-08,CUST-015833,South,PRD-0146,Sports & Outdoor,ACC-0027,WH-01,2,188.46,Online Payment,2.3,True,False
ORD-0003584,2023-01-08,CUST-035740,Central,PRD-0052,Beauty & Health,ACC-0075,WH-01,1,50.83,Online Payment,2.6,True,False
ORD-0003585,2023-01-08,CUST-034380,West,PRD-0025,Home Appliances,ACC-0189,WH-05,2,357.6,Online Payment,3.5,True,True
ORD-0003586,2023-01-08,CUST-028855,West,PRD-0060,Beauty & Health,ACC-0096,WH-01,3,125.97,Online Payment,2.0,True,False
ORD-0003587,2023-01-08,CUST-018760,West,PRD-0001,Mobile & Tablet,ACC-0150,WH-05,3,644.04,Cash on Delivery,3.2,True,False
ORD-0003588,2023-01-08,CUST-029516,Central,PRD-0093,Digital Goods,ACC-0187,WH-01,1,35.6,Online Payment,1.8,True,False
ORD-0003589,2023-01-08,CUST-011919,North,PRD-0084,Books & Media,ACC-0063,WH-02,1,10.36,Online Payment,3.1,True,False
ORD-0003590,2023-01-08,CUST-007119,North,PRD-0053,Beauty & Health,ACC-0121,WH-02,2,98.94,Installment Plan,2.7,True,False
ORD-0003591,2023-01-08,CUST-008230,Central,PRD-0038,Fashion & Apparel,ACC-0147,WH-01,1,41.73,Wallet Credit,2.2,True,True
ORD-0003592,2023-01-08,CUST-002968,West,PRD-0128,Home & Kitchen,ACC-0126,WH-05,1,95.86,Cash on Delivery,3.1,True,False
ORD-0003593,2023-01-08,CUST-010894,West,PRD-0061,Beauty & Health,ACC-0210,WH-05,1,13.15,Online Payment,4.0,True,False
ORD-0003594,2023-01-08,CUST-015821,North,PRD-0114,Grocery & Gourmet,ACC-0157,WH-02,2,60.48,Wallet Credit,2.7,True,False
ORD-0003595,2023-01-08,CUST-031636,East,PRD-0145,Sports & Outdoor,ACC-0115,WH-04,2,59.58,Cash on Delivery,3.8,True,False
ORD-0003596,2023-01-08,CUST-023812,Central,PRD-0036,Fashion & Apparel,ACC-0091,WH-01,2,166.44,Online Payment,1.9,True,False
ORD-0003597,2023-01-08,CUST-016285,Central,PRD-0117,Grocery & Gourmet,ACC-0259,WH-01,1,24.86,Online Payment,2.1,True,False
ORD-0003598,2023-01-08,CUST-004294,East,PRD-0037,Fashion & Apparel,ACC-0254,WH-04,1,25.53,Wallet Credit,3.3,True,False
ORD-0003599,2023-01-08,CUST-035781,North,PRD-0071,Books & Media,ACC-0043,WH-02,3,23.73,Wallet Credit,2.7,True,False
ORD-0003600,2023-01-08,CUST-012310,West,PRD-0105,Grocery & Gourmet,ACC-0020,WH-05,1,25.18,Online Payment,3.7,True,False
ORD-0003601,2023-01-08,CUST-027728,Central,PRD-0036,Fashion & Apparel,ACC-0215,WH-01,1,83.22,Cash on Delivery,2.4,True,False
ORD-0003602,2023-01-08,CUST-010613,North,PRD-0007,Mobile & Tablet,ACC-0117,WH-02,1,541.66,Installment Plan,3.3,True,False
ORD-0003603,2023-01-08,CUST-014089,Central,PRD-0082,Books & Media,ACC-0029,WH-01,1,13.77,Online Payment,3.3,False,False
ORD-0003604,2023-01-08,CUST-025613,South,PRD-0081,Books & Media,ACC-0112,WH-03,3,33.21,Online Payment,3.3,True,False
ORD-0003605,2023-01-08,CUST-028823,North,PRD-0097,Digital Goods,ACC-0006,WH-02,1,25.18,Online Payment,3.9,True,False
ORD-0003606,2023-01-08,CUST-020175,North,PRD-0121,Home & Kitchen,ACC-0226,WH-01,2,54.6,Online Payment,1.9,True,False
ORD-0003607,2023-01-08,CUST-020552,South,PRD-0048,Fashion & Apparel,ACC-0255,WH-03,1,71.58,Online Payment,2.8,True,False
ORD-0003608,2023-01-08,CUST-024959,Central,PRD-0138,Sports & Outdoor,ACC-0175,WH-01,1,106.92,Online Payment,2.5,True,False
ORD-0003609,2023-01-08,CUST-018287,South,PRD-0055,Beauty & Health,ACC-0078,WH-03,2,123.08,Cash on Delivery,3.1,True,False
ORD-0003610,2023-01-08,CUST-006467,Central,PRD-0039,Fashion & Apparel,ACC-0023,WH-01,2,115.9,Wallet Credit,2.3,True,False
ORD-0003611,2023-01-08,CUST-015285,Central,PRD-0062,Beauty & Health,ACC-0029,WH-01,3,117.57,Online Payment,3.1,False,False
ORD-0003612,2023-01-08,CUST-027319,North,PRD-0043,Fashion & Apparel,ACC-0082,WH-02,2,106.64,Wallet Credit,2.8,True,False
ORD-0003613,2023-01-08,CUST-001679,East,PRD-0093,Digital Goods,ACC-0216,WH-04,1,35.6,Online Payment,3.2,True,False
ORD-0003614,2023-01-08,CUST-000631,Central,PRD-0029,Home Appliances,ACC-0053,WH-01,1,248.48,Online Payment,2.4,True,False
ORD-0003615,2023-01-08,CUST-011213,Central,PRD-0089,Digital Goods,ACC-0115,WH-01,1,36.42,Cash on Delivery,3.4,False,False
ORD-0003616,2023-01-08,CUST-021683,Central,PRD-0122,Home & Kitchen,ACC-0197,WH-01,3,180.63,Wallet Credit,2.2,True,False
ORD-0003617,2023-01-08,CUST-013501,West,PRD-0049,Fashion & Apparel,ACC-0200,WH-05,1,81.27,Online Payment,3.7,True,True
ORD-0003618,2023-01-08,CUST-009581,Central,PRD-0070,Books & Media,ACC-0221,WH-01,3,66.66,Online Payment,2.9,True,False
ORD-0003619,2023-01-08,CUST-017216,West,PRD-0042,Fashion & Apparel,ACC-0235,WH-05,3,282.66,Wallet Credit,3.6,True,False
ORD-0003620,2023-01-08,CUST-008987,South,PRD-0118,Grocery & Gourmet,ACC-0232,WH-03,1,47.24,Online Payment,3.9,True,False
ORD-0003621,2023-01-08,CUST-025550,North,PRD-0094,Digital Goods,ACC-0094,WH-02,2,62.66,Online Payment,2.6,True,False
ORD-0003622,2023-01-08,CUST-006808,Central,PRD-0046,Fashion & Apparel,ACC-0157,WH-01,1,37.85,Online Payment,2.5,True,False
ORD-0003623,2023-01-08,CUST-028197,West,PRD-0067,Beauty & Health,ACC-0077,WH-05,3,46.62,Online Payment,4.6,False,False
ORD-0003624,2023-01-08,CUST-028279,East,PRD-0100,Digital Goods,ACC-0219,WH-04,1,10.71,Cash on Delivery,3.3,True,False
ORD-0003625,2023-01-08,CUST-006227,South,PRD-0130,Home & Kitchen,ACC-0187,WH-03,1,30.56,Installment Plan,3.0,True,False
ORD-0003626,2023-01-08,CUST-013831,Central,PRD-0096,Digital Goods,ACC-0091,WH-01,2,51.06,Online Payment,1.8,True,False
ORD-0003627,2023-01-08,CUST-019530,East,PRD-0013,Mobile & Tablet,ACC-0244,WH-04,2,704.4,Cash on Delivery,3.5,True,False
ORD-0003628,2023-01-08,CUST-027202,North,PRD-0058,Beauty & Health,ACC-0115,WH-02,3,129.81,Installment Plan,3.6,True,False
ORD-0003629,2023-01-08,CUST-012102,North,PRD-0021,Home Appliances,ACC-0006,WH-01,1,119.48,Online Payment,2.8,True,False
ORD-0003630,2023-01-08,CUST-033790,Central,PRD-0076,Books & Media,ACC-0133,WH-01,1,7.78,Online Payment,3.5,False,False
ORD-0003631,2023-01-08,CUST-017827,East,PRD-0023,Home Appliances,ACC-0006,WH-04,2,1056.14,Online Payment,3.2,True,False
ORD-0003632,2023-01-08,CUST-016785,West,PRD-0008,Mobile & Tablet,ACC-0229,WH-05,1,220.44,Online Payment,3.2,True,False
ORD-0003633,2023-01-08,CUST-002487,Central,PRD-0098,Digital Goods,ACC-0001,WH-01,1,30.06,Online Payment,2.2,True,False
ORD-0003634,2023-01-08,CUST-025027,South,PRD-0146,Sports & Outdoor,ACC-0039,WH-01,1,94.23,Online Payment,2.2,True,False
ORD-0003635,2023-01-08,CUST-005713,Central,PRD-0010,Mobile & Tablet,ACC-0034,WH-01,2,1271.68,Wallet Credit,2.3,True,False
ORD-0003636,2023-01-08,CUST-018437,West,PRD-0025,Home Appliances,ACC-0091,WH-05,2,357.6,Cash on Delivery,3.0,True,False
ORD-0003637,2023-01-08,CUST-017324,Central,PRD-0131,Home & Kitchen,ACC-0142,WH-01,1,102.11,Wallet Credit,2.2,True,False
ORD-0003638,2023-01-08,CUST-019788,North,PRD-0096,Digital Goods,ACC-0113,WH-02,1,25.53,Online Payment,4.1,False,False
ORD-0003639,2023-01-08,CUST-029085,East,PRD-0107,Grocery & Gourmet,ACC-0035,WH-04,2,58.16,Cash on Delivery,3.1,True,False
ORD-0003640,2023-01-08,CUST-000628,South,PRD-0130,Home & Kitchen,ACC-0200,WH-03,3,91.68,Online Payment,3.7,True,False
ORD-0003641,2023-01-08,CUST-033003,East,PRD-0098,Digital Goods,ACC-0006,WH-04,3,90.18,Online Payment,3.4,True,False
ORD-0003642,2023-01-08,CUST-011515,East,PRD-0012,Mobile & Tablet,ACC-0091,WH-04,3,1424.64,Online Payment,3.0,True,False
ORD-0003643,2023-01-08,CUST-008868,East,PRD-0021,Home Appliances,ACC-0259,WH-04,1,119.48,Online Payment,3.3,True,False
ORD-0003644,2023-01-08,CUST-007075,North,PRD-0121,Home & Kitchen,ACC-0216,WH-02,2,54.6,Wallet Credit,2.6,True,False
ORD-0003645,2023-01-08,CUST-026404,South,PRD-0093,Digital Goods,ACC-0199,WH-03,3,106.8,Online Payment,2.9,True,False
ORD-0003646,2023-01-08,CUST-020079,North,PRD-0056,Beauty & Health,ACC-0189,WH-01,2,47.02,Cash on Delivery,2.3,True,False
ORD-0003647,2023-01-08,CUST-021140,North,PRD-0056,Beauty & Health,ACC-0230,WH-02,1,23.51,Online Payment,3.4,True,False
ORD-0003648,2023-01-08,CUST-022740,Central,PRD-0092,Digital Goods,ACC-0133,WH-01,2,39.34,Online Payment,1.8,True,False
ORD-0003649,2023-01-08,CUST-024888,South,PRD-0071,Books & Media,ACC-0162,WH-01,1,7.91,Online Payment,3.1,False,False
ORD-0003650,2023-01-08,CUST-033922,Central,PRD-0033,Home Appliances,ACC-0173,WH-01,2,899.94,Online Payment,1.9,True,False
ORD-0003651,2023-01-08,CUST-007361,East,PRD-0020,Home Appliances,ACC-0057,WH-01,2,1051.74,Online Payment,1.9,True,False
ORD-0003652,2023-01-08,CUST-016507,South,PRD-0136,Home & Kitchen,ACC-0069,WH-03,3,120.39,Online Payment,3.2,True,False
ORD-0003653,2023-01-08,CUST-005504,West,PRD-0064,Beauty & Health,ACC-0013,WH-05,2,57.88,Wallet Credit,3.5,True,False
ORD-0003654,2023-01-08,CUST-019172,Central,PRD-0127,Home & Kitchen,ACC-0099,WH-01,1,113.98,Installment Plan,2.1,True,False
ORD-0003655,2023-01-08,CUST-011075,East,PRD-0087,Digital Goods,ACC-0144,WH-04,3,36.66,Installment Plan,3.5,True,False
ORD-0003656,2023-01-08,CUST-003066,West,PRD-0070,Books & Media,ACC-0219,WH-05,2,44.44,Cash on Delivery,3.3,True,False
ORD-0003657,2023-01-08,CUST-005356,South,PRD-0081,Books & Media,ACC-0171,WH-03,2,22.14,Online Payment,3.2,True,False
ORD-0003658,2023-01-08,CUST-007985,Central,PRD-0071,Books & Media,ACC-0060,WH-01,1,7.91,Wallet Credit,2.8,True,False
ORD-0003659,2023-01-08,CUST-016450,Central,PRD-0123,Home & Kitchen,ACC-0184,WH-01,2,164.76,Online Payment,3.4,False,False
ORD-0003660,2023-01-08,CUST-010084,Central,PRD-0020,Home Appliances,ACC-0222,WH-01,2,1051.74,Online Payment,2.1,True,False
ORD-0003661,2023-01-08,CUST-003667,East,PRD-0127,Home & Kitchen,ACC-0205,WH-04,1,113.98,Cash on Delivery,3.4,True,False
ORD-0003662,2023-01-08,CUST-014260,South,PRD-0020,Home Appliances,ACC-0157,WH-03,1,525.87,Installment Plan,3.2,True,False
ORD-0003663,2023-01-08,CUST-002078,South,PRD-0024,Home Appliances,ACC-0136,WH-03,1,262.8,Wallet Credit,3.5,True,False
ORD-0003664,2023-01-08,CUST-024699,East,PRD-0065,Beauty & Health,ACC-0141,WH-04,2,54.18,Wallet Credit,3.0,True,False
ORD-0003665,2023-01-08,CUST-026924,West,PRD-0049,Fashion & Apparel,ACC-0101,WH-05,1,81.27,Online Payment,3.6,True,False
ORD-0003666,2023-01-08,CUST-029380,Central,PRD-0041,Fashion & Apparel,ACC-0085,WH-01,1,38.91,Online Payment,2.0,True,False
ORD-0003667,2023-01-08,CUST-005687,Central,PRD-0084,Books & Media,ACC-0144,WH-01,3,31.08,Cash on Delivery,3.0,True,False
ORD-0003668,2023-01-08,CUST-014908,East,PRD-0125,Home & Kitchen,ACC-0249,WH-04,1,108.61,Online Payment,3.9,True,False
ORD-0003669,2023-01-08,CUST-033699,East,PRD-0039,Fashion & Apparel,ACC-0255,WH-04,1,57.95,Cash on Delivery,3.2,True,False
ORD-0003670,2023-01-08,CUST-009241,West,PRD-0065,Beauty & Health,ACC-0169,WH-05,1,27.09,Online Payment,3.3,True,True
ORD-0003671,2023-01-08,CUST-001392,East,PRD-0094,Digital Goods,ACC-0013,WH-04,1,31.33,Wallet Credit,3.2,True,False
ORD-0003672,2023-01-08,CUST-031916,East,PRD-0127,Home & Kitchen,ACC-0133,WH-04,1,113.98,Online Payment,5.6,False,False
ORD-0003673,2023-01-08,CUST-023725,Central,PRD-0088,Digital Goods,ACC-0101,WH-01,2,65.2,Cash on Delivery,2.1,True,False
ORD-0003674,2023-01-08,CUST-012193,Central,PRD-0015,Mobile & Tablet,ACC-0052,WH-01,1,666.81,Wallet Credit,2.0,True,False
ORD-0003675,2023-01-08,CUST-009842,West,PRD-0088,Digital Goods,ACC-0144,WH-05,2,65.2,Wallet Credit,3.5,True,False
ORD-0003676,2023-01-08,CUST-011043,South,PRD-0008,Mobile & Tablet,ACC-0100,WH-03,1,220.44,Wallet Credit,3.7,True,False
ORD-0003677,2023-01-08,CUST-022637,North,PRD-0011,Mobile & Tablet,ACC-0220,WH-02,2,1472.64,Wallet Credit,3.5,True,False
ORD-0003678,2023-01-08,CUST-022444,North,PRD-0108,Grocery & Gourmet,ACC-0170,WH-02,1,15.58,Cash on Delivery,3.9,True,False
ORD-0003679,2023-01-08,CUST-024504,Central,PRD-0034,Home Appliances,ACC-0200,WH-01,2,265.96,Installment Plan,2.6,True,False
ORD-0003680,2023-01-08,CUST-012755,Central,PRD-0146,Sports & Outdoor,ACC-0105,WH-01,3,282.69,Cash on Delivery,2.7,True,False
ORD-0003681,2023-01-08,CUST-023038,Central,PRD-0047,Fashion & Apparel,ACC-0037,WH-01,2,156.18,Wallet Credit,2.1,True,False
ORD-0003682,2023-01-08,CUST-015885,East,PRD-0069,Books & Media,ACC-0172,WH-04,1,19.93,Cash on Delivery,4.1,False,False
ORD-0003683,2023-01-08,CUST-017211,West,PRD-0066,Beauty & Health,ACC-0259,WH-05,1,57.2,Cash on Delivery,3.4,True,False
ORD-0003684,2023-01-08,CUST-023589,Central,PRD-0111,Grocery & Gourmet,ACC-0087,WH-01,3,144.12,Online Payment,3.5,False,False
ORD-0003685,2023-01-08,CUST-021378,East,PRD-0147,Sports & Outdoor,ACC-0052,WH-04,1,131.3,Wallet Credit,3.4,True,False
ORD-0003686,2023-01-08,CUST-012891,East,PRD-0025,Home Appliances,ACC-0142,WH-04,1,178.8,Cash on Delivery,3.1,True,False
ORD-0003687,2023-01-08,CUST-005056,South,PRD-0091,Digital Goods,ACC-0052,WH-03,1,18.22,Online Payment,3.4,True,False
ORD-0003688,2023-01-08,CUST-006796,Central,PRD-0089,Digital Goods,ACC-0033,WH-01,1,36.42,Online Payment,3.0,True,False
ORD-0003689,2023-01-08,CUST-022955,South,PRD-0045,Fashion & Apparel,ACC-0227,WH-03,1,23.46,Online Payment,3.2,True,False
ORD-0003690,2023-01-08,CUST-011423,South,PRD-0093,Digital Goods,ACC-0055,WH-03,3,106.8,Cash on Delivery,3.1,True,True
ORD-0003691,2023-01-08,CUST-006697,West,PRD-0146,Sports & Outdoor,ACC-0101,WH-05,2,188.46,Online Payment,3.2,True,False
ORD-0003692,2023-01-08,CUST-027613,North,PRD-0126,Home & Kitchen,ACC-0140,WH-02,3,174.45,Online Payment,2.8,True,False
ORD-0003693,2023-01-08,CUST-016915,East,PRD-0140,Sports & Outdoor,ACC-0122,WH-04,1,45.43,Online Payment,3.3,True,False
ORD-0003694,2023-01-08,CUST-028794,South,PRD-0126,Home & Kitchen,ACC-0190,WH-03,3,174.45,Online Payment,2.9,True,False
ORD-0003695,2023-01-08,CUST-002766,West,PRD-0047,Fashion & Apparel,ACC-0094,WH-05,3,234.27,Wallet Credit,4.2,False,False
ORD-0003696,2023-01-08,CUST-022578,South,PRD-0030,Home Appliances,ACC-0214,WH-03,1,145.76,Cash on Delivery,4.1,False,False
ORD-0003697,2023-01-08,CUST-034402,West,PRD-0107,Grocery & Gourmet,ACC-0052,WH-05,1,29.08,Online Payment,3.2,True,False
ORD-0003698,2023-01-08,CUST-017096,North,PRD-0068,Beauty & Health,ACC-0223,WH-02,1,59.75,Installment Plan,2.8,True,False
ORD-0003699,2023-01-08,CUST-011935,Central,PRD-0112,Grocery & Gourmet,ACC-0160,WH-01,1,13.56,Installment Plan,1.7,True,False
ORD-0003700,2023-01-08,CUST-013230,West,PRD-0036,Fashion & Apparel,ACC-0109,WH-05,3,249.66,Online Payment,3.5,True,False
ORD-0003701,2023-01-08,CUST-017814,North,PRD-0059,Beauty & Health,ACC-0258,WH-02,3,108.93,Wallet Credit,2.8,True,False
ORD-0003702,2023-01-08,CUST-011015,Central,PRD-0106,Grocery & Gourmet,ACC-0101,WH-01,3,85.74,Online Payment,2.6,True,False
ORD-0003703,2023-01-08,CUST-015269,West,PRD-0021,Home Appliances,ACC-0084,WH-05,2,238.96,Online Payment,3.4,True,False
ORD-0003704,2023-01-08,CUST-026227,North,PRD-0026,Home Appliances,ACC-0140,WH-02,1,319.15,Wallet Credit,2.9,True,False
ORD-0003705,2023-01-08,CUST-017350,Central,PRD-0077,Books & Media,ACC-0249,WH-01,2,31.1,Wallet Credit,2.6,True,False
ORD-0003706,2023-01-08,CUST-003222,East,PRD-0085,Books & Media,ACC-0076,WH-04,1,6.87,Installment Plan,3.0,True,False
ORD-0003707,2023-01-08,CUST-001583,East,PRD-0097,Digital Goods,ACC-0216,WH-04,2,50.36,Cash on Delivery,3.3,True,False
ORD-0003708,2023-01-08,CUST-003017,South,PRD-0108,Grocery & Gourmet,ACC-0099,WH-03,1,15.58,Installment Plan,3.2,True,False
ORD-0003709,2023-01-08,CUST-004640,South,PRD-0143,Sports & Outdoor,ACC-0166,WH-03,3,137.07,Online Payment,3.2,True,False
ORD-0003710,2023-01-08,CUST-004656,East,PRD-0053,Beauty & Health,ACC-0219,WH-04,1,49.47,Wallet Credit,3.1,True,False
ORD-0003711,2023-01-08,CUST-009336,Central,PRD-0143,Sports & Outdoor,ACC-0189,WH-01,2,91.38,Installment Plan,2.6,True,False
ORD-0003712,2023-01-08,CUST-011781,East,PRD-0020,Home Appliances,ACC-0250,WH-04,1,525.87,Cash on Delivery,5.4,False,False
ORD-0003713,2023-01-08,CUST-028140,South,PRD-0129,Home & Kitchen,ACC-0109,WH-03,2,74.4,Wallet Credit,3.0,True,False
ORD-0003714,2023-01-08,CUST-023741,Central,PRD-0037,Fashion & Apparel,ACC-0240,WH-01,1,25.53,Installment Plan,2.5,True,False
ORD-0003715,2023-01-08,CUST-022630,East,PRD-0050,Fashion & Apparel,ACC-0229,WH-04,2,60.26,Online Payment,3.6,True,False
ORD-0003716,2023-01-08,CUST-027334,East,PRD-0004,Mobile & Tablet,ACC-0206,WH-01,1,179.1,Online Payment,3.5,False,False
ORD-0003717,2023-01-08,CUST-027103,South,PRD-0009,Mobile & Tablet,ACC-0226,WH-01,3,1638.78,Online Payment,1.9,True,False
ORD-0003718,2023-01-08,CUST-031340,West,PRD-0109,Grocery & Gourmet,ACC-0132,WH-05,2,22.96,Online Payment,4.3,False,False
ORD-0003719,2023-01-08,CUST-023522,Central,PRD-0057,Beauty & Health,ACC-0094,WH-01,1,14.27,Installment Plan,2.4,True,False
ORD-0003720,2023-01-08,CUST-024125,North,PRD-0064,Beauty & Health,ACC-0127,WH-02,2,57.88,Online Payment,3.6,True,False
ORD-0003721,2023-01-08,CUST-026123,East,PRD-0040,Fashion & Apparel,ACC-0130,WH-04,2,71.18,Online Payment,3.9,True,True
ORD-0003722,2023-01-08,CUST-015356,North,PRD-0144,Sports & Outdoor,ACC-0246,WH-02,1,72.68,Installment Plan,3.2,True,False
ORD-0003723,2023-01-08,CUST-019562,South,PRD-0064,Beauty & Health,ACC-0207,WH-01,2,57.88,Online Payment,2.1,True,False
ORD-0003724,2023-01-08,CUST-000218,East,PRD-0090,Digital Goods,ACC-0076,WH-04,2,33.76,Online Payment,3.9,True,False
ORD-0003725,2023-01-08,CUST-028704,Central,PRD-0144,Sports & Outdoor,ACC-0252,WH-01,1,72.68,Online Payment,2.1,True,False
ORD-0003726,2023-01-08,CUST-018166,Central,PRD-0121,Home & Kitchen,ACC-0027,WH-01,1,27.3,Cash on Delivery,1.9,True,False
ORD-0003727,2023-01-08,CUST-005838,North,PRD-0049,Fashion & Apparel,ACC-0246,WH-02,2,162.54,Online Payment,2.8,True,False
ORD-0003728,2023-01-08,CUST-017256,East,PRD-0088,Digital Goods,ACC-0142,WH-04,1,32.6,Wallet Credit,3.4,True,False
ORD-0003729,2023-01-08,CUST-007152,Central,PRD-0140,Sports & Outdoor,ACC-0105,WH-01,3,136.29,Installment Plan,2.6,True,False
ORD-0003730,2023-01-08,CUST-029908,Central,PRD-0063,Beauty & Health,ACC-0190,WH-01,1,27.57,Installment Plan,2.8,True,False
ORD-0003731,2023-01-08,CUST-028197,West,PRD-0111,Grocery & Gourmet,ACC-0084,WH-05,3,144.12,Cash on Delivery,3.3,True,False
ORD-0003732,2023-01-08,CUST-029876,South,PRD-0066,Beauty & Health,ACC-0027,WH-01,1,57.2,Cash on Delivery,2.5,True,False
ORD-0003733,2023-01-08,CUST-013294,Central,PRD-0092,Digital Goods,ACC-0044,WH-01,2,39.34,Online Payment,2.3,True,False
ORD-0003734,2023-01-08,CUST-035648,East,PRD-0015,Mobile & Tablet,ACC-0006,WH-04,1,666.81,Wallet Credit,3.4,True,False
ORD-0003735,2023-01-08,CUST-028628,Central,PRD-0132,Home & Kitchen,ACC-0173,WH-01,3,199.05,Cash on Delivery,2.4,True,False
ORD-0003736,2023-01-08,CUST-029264,Central,PRD-0153,Sports & Outdoor,ACC-0243,WH-01,3,241.74,Online Payment,2.6,True,False
ORD-0003737,2023-01-08,CUST-029127,North,PRD-0073,Books & Media,ACC-0030,WH-02,2,40.64,Installment Plan,4.0,True,False
ORD-0003738,2023-01-08,CUST-014763,South,PRD-0124,Home & Kitchen,ACC-0096,WH-03,1,26.46,Online Payment,3.6,True,False
ORD-0003739,2023-01-08,CUST-005792,East,PRD-0130,Home & Kitchen,ACC-0117,WH-04,1,30.56,Online Payment,3.2,True,False
ORD-0003740,2023-01-08,CUST-021864,East,PRD-0092,Digital Goods,ACC-0226,WH-04,2,39.34,Installment Plan,3.0,True,False
ORD-0003741,2023-01-08,CUST-002581,West,PRD-0107,Grocery & Gourmet,ACC-0214,WH-05,1,29.08,Wallet Credit,3.4,True,False
ORD-0003742,2023-01-08,CUST-009593,Central,PRD-0095,Digital Goods,ACC-0200,WH-01,1,32.57,Cash on Delivery,2.0,True,False
ORD-0003743,2023-01-08,CUST-034983,North,PRD-0148,Sports & Outdoor,ACC-0019,WH-02,2,271.1,Installment Plan,3.6,True,False
ORD-0003744,2023-01-08,CUST-000754,North,PRD-0138,Sports & Outdoor,ACC-0214,WH-02,1,106.92,Online Payment,2.9,True,False
ORD-0003745,2023-01-08,CUST-004656,East,PRD-0020,Home Appliances,ACC-0066,WH-04,1,525.87,Online Payment,3.6,True,False
ORD-0003746,2023-01-08,CUST-019725,East,PRD-0150,Sports & Outdoor,ACC-0249,WH-01,1,72.49,Installment Plan,2.4,True,False
ORD-0003747,2023-01-08,CUST-004018,South,PRD-0023,Home Appliances,ACC-0038,WH-03,2,1056.14,Online Payment,4.7,False,False
ORD-0003748,2023-01-08,CUST-025761,South,PRD-0003,Mobile & Tablet,ACC-0019,WH-03,2,453.06,Cash on Delivery,4.3,False,False
ORD-0003749,2023-01-08,CUST-035028,Central,PRD-0040,Fashion & Apparel,ACC-0215,WH-01,2,71.18,Cash on Delivery,2.4,True,False
ORD-0003750,2023-01-08,CUST-024474,Central,PRD-0008,Mobile & Tablet,ACC-0220,WH-01,1,220.44,Installment Plan,2.2,True,False
ORD-0003751,2023-01-08,CUST-020960,West,PRD-0112,Grocery & Gourmet,ACC-0086,WH-05,3,40.68,Wallet Credit,3.5,True,False
ORD-0003752,2023-01-08,CUST-012108,South,PRD-0055,Beauty & Health,ACC-0180,WH-03,3,184.62,Online Payment,4.6,False,False
ORD-0003753,2023-01-08,CUST-006085,Central,PRD-0137,Sports & Outdoor,ACC-0077,WH-01,1,110.32,Cash on Delivery,2.0,True,False
ORD-0003754,2023-01-08,CUST-004039,North,PRD-0124,Home & Kitchen,ACC-0173,WH-02,2,52.92,Cash on Delivery,3.4,True,False
ORD-0003755,2023-01-08,CUST-005212,East,PRD-0028,Home Appliances,ACC-0241,WH-04,1,499.88,Online Payment,4.0,True,False
ORD-0003756,2023-01-08,CUST-025328,West,PRD-0016,Mobile & Tablet,ACC-0255,WH-05,1,421.85,Wallet Credit,3.8,True,False
ORD-0003757,2023-01-08,CUST-003408,South,PRD-0102,Digital Goods,ACC-0157,WH-03,3,81.81,Online Payment,3.2,True,False
ORD-0003758,2023-01-08,CUST-024282,Central,PRD-0143,Sports & Outdoor,ACC-0229,WH-01,1,45.69,Online Payment,1.9,True,False
ORD-0003759,2023-01-08,CUST-007430,Central,PRD-0031,Home Appliances,ACC-0187,WH-01,1,115.51,Wallet Credit,1.7,True,False
ORD-0003760,2023-01-08,CUST-020628,North,PRD-0126,Home & Kitchen,ACC-0187,WH-02,2,116.3,Cash on Delivery,3.5,True,False
ORD-0003761,2023-01-08,CUST-003756,Central,PRD-0004,Mobile & Tablet,ACC-0112,WH-01,3,537.3,Online Payment,2.4,True,True
ORD-0003762,2023-01-08,CUST-014860,South,PRD-0084,Books & Media,ACC-0158,WH-03,2,20.72,Installment Plan,3.6,True,False
ORD-0003763,2023-01-08,CUST-014784,East,PRD-0078,Books & Media,ACC-0144,WH-04,1,17.88,Online Payment,3.1,True,False
ORD-0003764,2023-01-08,CUST-032734,South,PRD-0119,Grocery & Gourmet,ACC-0060,WH-03,1,15.1,Cash on Delivery,3.3,True,False
ORD-0003765,2023-01-08,CUST-006038,North,PRD-0137,Sports & Outdoor,ACC-0235,WH-02,1,110.32,Online Payment,3.0,True,False
ORD-0003766,2023-01-08,CUST-003306,North,PRD-0130,Home & Kitchen,ACC-0010,WH-01,3,91.68,Wallet Credit,2.0,True,False
ORD-0003767,2023-01-08,CUST-019056,West,PRD-0143,Sports & Outdoor,ACC-0062,WH-05,1,45.69,Online Payment,4.2,False,False
ORD-0003768,2023-01-08,CUST-023796,Central,PRD-0093,Digital Goods,ACC-0164,WH-01,2,71.2,Online Payment,2.7,True,False
ORD-0003769,2023-01-08,CUST-001015,Central,PRD-0076,Books & Media,ACC-0088,WH-01,2,15.56,Online Payment,2.5,True,False
ORD-0003770,2023-01-08,CUST-017863,North,PRD-0140,Sports & Outdoor,ACC-0174,WH-02,3,136.29,Online Payment,2.9,True,False
ORD-0003771,2023-01-08,CUST-032593,North,PRD-0078,Books & Media,ACC-0208,WH-01,1,17.88,Online Payment,3.0,True,False
ORD-0003772,2023-01-08,CUST-025033,East,PRD-0042,Fashion & Apparel,ACC-0086,WH-04,1,94.22,Online Payment,3.6,True,False
ORD-0003773,2023-01-08,CUST-028236,West,PRD-0121,Home & Kitchen,ACC-0173,WH-05,1,27.3,Cash on Delivery,3.3,True,False
ORD-0003774,2023-01-08,CUST-018122,Central,PRD-0148,Sports & Outdoor,ACC-0144,WH-01,1,135.55,Online Payment,2.4,True,False
ORD-0003775,2023-01-08,CUST-020669,West,PRD-0067,Beauty & Health,ACC-0093,WH-05,2,31.08,Online Payment,4.4,False,False
ORD-0003776,2023-01-08,CUST-034938,East,PRD-0069,Books & Media,ACC-0089,WH-04,2,39.86,Installment Plan,3.1,True,False
ORD-0003777,2023-01-08,CUST-022272,East,PRD-0108,Grocery & Gourmet,ACC-0242,WH-04,3,46.74,Online Payment,3.6,True,False
ORD-0003778,2023-01-08,CUST-033821,Central,PRD-0042,Fashion & Apparel,ACC-0177,WH-01,2,188.44,Online Payment,2.1,True,False
ORD-0003779,2023-01-08,CUST-004076,South,PRD-0084,Books & Media,ACC-0035,WH-03,1,10.36,Cash on Delivery,4.7,False,False
ORD-0003780,2023-01-08,CUST-023272,West,PRD-0014,Mobile & Tablet,ACC-0230,WH-05,2,560.0,Online Payment,3.9,True,False
ORD-0003781,2023-01-08,CUST-009357,South,PRD-0042,Fashion & Apparel,ACC-0006,WH-03,2,188.44,Cash on Delivery,2.9,True,False
ORD-0003782,2023-01-08,CUST-006180,Central,PRD-0003,Mobile & Tablet,ACC-0011,WH-01,3,679.59,Wallet Credit,2.3,True,False
ORD-0003783,2023-01-08,CUST-017101,South,PRD-0002,Mobile & Tablet,ACC-0196,WH-03,1,504.12,Online Payment,3.5,True,False
ORD-0003784,2023-01-08,CUST-026715,Central,PRD-0113,Grocery & Gourmet,ACC-0112,WH-01,1,17.01,Online Payment,3.6,False,False
ORD-0003785,2023-01-08,CUST-028966,North,PRD-0128,Home & Kitchen,ACC-0096,WH-01,3,287.58,Wallet Credit,2.6,True,False
ORD-0003786,2023-01-08,CUST-030442,North,PRD-0063,Beauty & Health,ACC-0236,WH-02,1,27.57,Online Payment,2.9,True,False
ORD-0003787,2023-01-08,CUST-031374,South,PRD-0136,Home & Kitchen,ACC-0031,WH-03,1,40.13,Online Payment,3.8,True,False
ORD-0003788,2023-01-08,CUST-003051,North,PRD-0032,Home Appliances,ACC-0132,WH-01,2,644.46,Online Payment,2.2,True,False
ORD-0003789,2023-01-08,CUST-008771,West,PRD-0007,Mobile & Tablet,ACC-0131,WH-05,3,1624.98,Installment Plan,3.8,True,False
ORD-0003790,2023-01-08,CUST-030712,North,PRD-0090,Digital Goods,ACC-0160,WH-02,2,33.76,Online Payment,2.7,True,False
ORD-0003791,2023-01-08,CUST-020050,East,PRD-0101,Digital Goods,ACC-0059,WH-04,1,19.23,Cash on Delivery,4.2,False,False
ORD-0003792,2023-01-08,CUST-004313,North,PRD-0145,Sports & Outdoor,ACC-0215,WH-02,1,29.79,Online Payment,3.7,True,False
ORD-0003793,2023-01-08,CUST-001850,Central,PRD-0025,Home Appliances,ACC-0041,WH-01,2,357.6,Online Payment,2.2,True,False
ORD-0003794,2023-01-08,CUST-015743,West,PRD-0026,Home Appliances,ACC-0038,WH-05,2,638.3,Online Payment,4.1,False,False
ORD-0003795,2023-01-08,CUST-024703,East,PRD-0015,Mobile & Tablet,ACC-0040,WH-04,2,1333.62,Cash on Delivery,3.6,True,True
ORD-0003796,2023-01-08,CUST-021888,North,PRD-0049,Fashion & Apparel,ACC-0139,WH-02,1,81.27,Online Payment,3.0,True,False
ORD-0003797,2023-01-08,CUST-011803,Central,PRD-0113,Grocery & Gourmet,ACC-0229,WH-01,1,17.01,Installment Plan,1.8,True,False
ORD-0003798,2023-01-08,CUST-028709,Central,PRD-0081,Books & Media,ACC-0131,WH-01,1,11.07,Online Payment,2.4,True,False
ORD-0003799,2023-01-08,CUST-028118,Central,PRD-0116,Grocery & Gourmet,ACC-0158,WH-01,1,39.14,Online Payment,1.9,True,False
ORD-0003800,2023-01-08,CUST-024019,East,PRD-0021,Home Appliances,ACC-0016,WH-04,3,358.44,Installment Plan,3.0,True,False
ORD-0003801,2023-01-08,CUST-002844,South,PRD-0027,Home Appliances,ACC-0163,WH-03,2,259.16,Online Payment,3.7,True,False
ORD-0003802,2023-01-08,CUST-017819,Central,PRD-0071,Books & Media,ACC-0085,WH-01,2,15.82,Installment Plan,1.8,True,False
ORD-0003803,2023-01-08,CUST-013358,Central,PRD-0026,Home Appliances,ACC-0254,WH-01,2,638.3,Online Payment,3.0,True,False
ORD-0003804,2023-01-08,CUST-000392,Central,PRD-0082,Books & Media,ACC-0142,WH-01,1,13.77,Cash on Delivery,2.1,True,False
ORD-0003805,2023-01-08,CUST-016519,West,PRD-0107,Grocery & Gourmet,ACC-0082,WH-05,1,29.08,Cash on Delivery,3.8,True,False
ORD-0003806,2023-01-08,CUST-009204,Central,PRD-0126,Home & Kitchen,ACC-0118,WH-01,1,58.15,Installment Plan,2.2,True,False
ORD-0003807,2023-01-08,CUST-025392,Central,PRD-0052,Beauty & Health,ACC-0027,WH-01,2,101.66,Online Payment,2.1,True,False
ORD-0003808,2023-01-08,CUST-003733,Central,PRD-0067,Beauty & Health,ACC-0237,WH-01,2,31.08,Online Payment,2.2,True,False
ORD-0003809,2023-01-08,CUST-029625,Central,PRD-0145,Sports & Outdoor,ACC-0126,WH-01,1,29.79,Cash on Delivery,2.3,True,False
ORD-0003810,2023-01-08,CUST-010983,Central,PRD-0084,Books & Media,ACC-0207,WH-01,1,10.36,Online Payment,1.8,True,False
ORD-0003811,2023-01-08,CUST-023040,East,PRD-0029,Home Appliances,ACC-0216,WH-04,3,745.44,Online Payment,4.1,False,False
ORD-0003812,2023-01-08,CUST-030442,North,PRD-0114,Grocery & Gourmet,ACC-0013,WH-01,2,60.48,Online Payment,1.7,True,False
ORD-0003813,2023-01-08,CUST-020520,South,PRD-0123,Home & Kitchen,ACC-0054,WH-03,2,164.76,Installment Plan,4.3,False,False
ORD-0003814,2023-01-08,CUST-023383,South,PRD-0130,Home & Kitchen,ACC-0088,WH-03,1,30.56,Online Payment,3.1,True,False
ORD-0003815,2023-01-08,CUST-011555,South,PRD-0125,Home & Kitchen,ACC-0258,WH-03,1,108.61,Installment Plan,3.6,True,False
ORD-0003816,2023-01-08,CUST-024965,Central,PRD-0073,Books & Media,ACC-0216,WH-01,2,40.64,Wallet Credit,2.5,True,False
ORD-0003817,2023-01-08,CUST-001996,North,PRD-0006,Mobile & Tablet,ACC-0065,WH-02,2,723.64,Online Payment,4.9,False,False
ORD-0003818,2023-01-08,CUST-000651,South,PRD-0078,Books & Media,ACC-0228,WH-03,2,35.76,Wallet Credit,4.6,False,False
ORD-0003819,2023-01-08,CUST-007895,South,PRD-0002,Mobile & Tablet,ACC-0226,WH-03,1,504.12,Online Payment,3.5,True,False
ORD-0003820,2023-01-08,CUST-017507,South,PRD-0053,Beauty & Health,ACC-0170,WH-03,1,49.47,Online Payment,4.2,False,False
ORD-0003821,2023-01-08,CUST-003528,East,PRD-0041,Fashion & Apparel,ACC-0019,WH-04,2,77.82,Installment Plan,3.4,True,False
ORD-0003822,2023-01-08,CUST-035512,North,PRD-0120,Home & Kitchen,ACC-0005,WH-02,1,72.26,Online Payment,3.1,True,False
ORD-0003823,2023-01-08,CUST-010770,North,PRD-0135,Home & Kitchen,ACC-0250,WH-02,1,88.67,Online Payment,2.6,True,False
ORD-0003824,2023-01-08,CUST-004875,East,PRD-0046,Fashion & Apparel,ACC-0047,WH-04,1,37.85,Installment Plan,3.4,True,False
ORD-0003825,2023-01-08,CUST-034018,West,PRD-0130,Home & Kitchen,ACC-0013,WH-05,2,61.12,Installment Plan,3.4,True,False
ORD-0003826,2023-01-08,CUST-017488,Central,PRD-0063,Beauty & Health,ACC-0238,WH-01,3,82.71,Cash on Delivery,2.9,True,False
ORD-0003827,2023-01-08,CUST-017640,West,PRD-0016,Mobile & Tablet,ACC-0185,WH-05,3,1265.55,Installment Plan,3.7,True,False
ORD-0003828,2023-01-08,CUST-029050,South,PRD-0113,Grocery & Gourmet,ACC-0068,WH-03,1,17.01,Online Payment,3.1,True,False
ORD-0003829,2023-01-08,CUST-028428,West,PRD-0120,Home & Kitchen,ACC-0091,WH-05,3,216.78,Online Payment,5.5,False,False
ORD-0003830,2023-01-08,CUST-003265,Central,PRD-0131,Home & Kitchen,ACC-0187,WH-01,2,204.22,Online Payment,3.5,False,False
ORD-0003831,2023-01-08,CUST-001912,Central,PRD-0085,Books & Media,ACC-0096,WH-01,2,13.74,Online Payment,2.2,True,False
ORD-0003832,2023-01-08,CUST-007306,East,PRD-0040,Fashion & Apparel,ACC-0149,WH-04,2,71.18,Online Payment,3.5,True,False
ORD-0003833,2023-01-08,CUST-020724,East,PRD-0039,Fashion & Apparel,ACC-0188,WH-04,2,115.9,Online Payment,3.5,True,False
ORD-0003834,2023-01-08,CUST-007985,Central,PRD-0112,Grocery & Gourmet,ACC-0160,WH-01,2,27.12,Online Payment,1.9,True,False
ORD-0003835,2023-01-08,CUST-033254,South,PRD-0049,Fashion & Apparel,ACC-0136,WH-03,1,81.27,Wallet Credit,3.0,True,False
ORD-0003836,2023-01-08,CUST-013118,South,PRD-0047,Fashion & Apparel,ACC-0051,WH-03,3,234.27,Online Payment,3.8,True,False
ORD-0003837,2023-01-08,CUST-015357,West,PRD-0122,Home & Kitchen,ACC-0132,WH-05,2,120.42,Online Payment,3.3,True,False
ORD-0003838,2023-01-08,CUST-016887,East,PRD-0057,Beauty & Health,ACC-0112,WH-04,1,14.27,Online Payment,3.2,True,False
ORD-0003839,2023-01-08,CUST-010064,Central,PRD-0064,Beauty & Health,ACC-0215,WH-01,3,86.82,Online Payment,2.8,True,False
ORD-0003840,2023-01-08,CUST-011182,South,PRD-0090,Digital Goods,ACC-0153,WH-03,1,16.88,Online Payment,2.7,True,False
ORD-0003841,2023-01-08,CUST-026220,Central,PRD-0004,Mobile & Tablet,ACC-0202,WH-01,1,179.1,Online Payment,2.4,True,False
ORD-0003842,2023-01-08,CUST-035417,South,PRD-0152,Sports & Outdoor,ACC-0190,WH-01,1,54.78,Cash on Delivery,2.0,True,False
ORD-0003843,2023-01-08,CUST-002572,South,PRD-0120,Home & Kitchen,ACC-0101,WH-03,2,144.52,Online Payment,4.2,False,False
ORD-0003844,2023-01-08,CUST-025373,West,PRD-0023,Home Appliances,ACC-0120,WH-05,1,528.07,Installment Plan,4.3,False,False
ORD-0003845,2023-01-08,CUST-030551,North,PRD-0040,Fashion & Apparel,ACC-0001,WH-02,1,35.59,Online Payment,3.0,True,False
ORD-0003846,2023-01-08,CUST-003282,Central,PRD-0146,Sports & Outdoor,ACC-0137,WH-01,2,188.46,Cash on Delivery,2.7,True,False
ORD-0003847,2023-01-08,CUST-014759,North,PRD-0031,Home Appliances,ACC-0092,WH-02,3,346.53,Installment Plan,3.5,True,False
ORD-0003848,2023-01-08,CUST-034897,North,PRD-0129,Home & Kitchen,ACC-0041,WH-02,1,37.2,Online Payment,3.2,True,False
ORD-0003849,2023-01-08,CUST-031928,West,PRD-0096,Digital Goods,ACC-0089,WH-05,1,25.53,Online Payment,3.3,True,False
ORD-0003850,2023-01-08,CUST-002049,West,PRD-0026,Home Appliances,ACC-0076,WH-05,1,319.15,Cash on Delivery,3.4,True,False
ORD-0003851,2023-01-08,CUST-010000,East,PRD-0002,Mobile & Tablet,ACC-0073,WH-04,2,1008.24,Wallet Credit,3.8,True,False
ORD-0003852,2023-01-08,CUST-004837,Central,PRD-0075,Books & Media,ACC-0028,WH-01,1,21.86,Online Payment,2.2,True,False
ORD-0003853,2023-01-08,CUST-010434,Central,PRD-0069,Books & Media,ACC-0124,WH-01,2,39.86,Wallet Credit,1.9,True,False
ORD-0003854,2023-01-08,CUST-022056,West,PRD-0049,Fashion & Apparel,ACC-0183,WH-05,1,81.27,Cash on Delivery,3.5,True,False
ORD-0003855,2023-01-08,CUST-008593,South,PRD-0149,Sports & Outdoor,ACC-0118,WH-03,1,81.88,Cash on Delivery,3.4,True,True
ORD-0003856,2023-01-08,CUST-011581,Central,PRD-0094,Digital Goods,ACC-0077,WH-01,2,62.66,Online Payment,2.9,True,False
ORD-0003857,2023-01-08,CUST-022182,South,PRD-0141,Sports & Outdoor,ACC-0237,WH-03,3,134.07,Cash on Delivery,3.2,True,False
ORD-0003858,2023-01-08,CUST-001615,South,PRD-0088,Digital Goods,ACC-0092,WH-03,1,32.6,Wallet Credit,3.1,True,False
ORD-0003859,2023-01-08,CUST-032549,North,PRD-0078,Books & Media,ACC-0190,WH-02,1,17.88,Cash on Delivery,3.4,True,False
ORD-0003860,2023-01-08,CUST-016645,Central,PRD-0121,Home & Kitchen,ACC-0251,WH-01,1,27.3,Installment Plan,1.9,True,False
ORD-0003861,2023-01-08,CUST-035654,East,PRD-0089,Digital Goods,ACC-0163,WH-01,3,109.26,Online Payment,2.4,True,False
ORD-0003862,2023-01-08,CUST-031636,East,PRD-0007,Mobile & Tablet,ACC-0040,WH-04,3,1624.98,Online Payment,3.6,True,False
ORD-0003863,2023-01-08,CUST-012894,North,PRD-0109,Grocery & Gourmet,ACC-0091,WH-02,1,11.48,Online Payment,2.9,True,False
ORD-0003864,2023-01-08,CUST-008593,South,PRD-0081,Books & Media,ACC-0055,WH-03,1,11.07,Wallet Credit,3.1,True,False
ORD-0003865,2023-01-08,CUST-030413,West,PRD-0027,Home Appliances,ACC-0198,WH-05,1,129.58,Cash on Delivery,5.5,False,False
ORD-0003866,2023-01-08,CUST-023459,South,PRD-0029,Home Appliances,ACC-0211,WH-01,1,248.48,Online Payment,2.0,True,False
ORD-0003867,2023-01-08,CUST-009680,East,PRD-0005,Mobile & Tablet,ACC-0251,WH-04,1,716.38,Installment Plan,3.2,True,False
ORD-0003868,2023-01-08,CUST-027417,South,PRD-0087,Digital Goods,ACC-0091,WH-03,1,12.22,Online Payment,3.3,True,False
ORD-0003869,2023-01-08,CUST-031596,Central,PRD-0047,Fashion & Apparel,ACC-0123,WH-01,3,234.27,Online Payment,2.6,True,True
ORD-0003870,2023-01-08,CUST-015042,East,PRD-0035,Fashion & Apparel,ACC-0155,WH-04,1,90.56,Online Payment,4.0,True,True
ORD-0003871,2023-01-08,CUST-018894,South,PRD-0125,Home & Kitchen,ACC-0195,WH-03,1,108.61,Online Payment,3.2,True,False
ORD-0003872,2023-01-08,CUST-032789,Central,PRD-0040,Fashion & Apparel,ACC-0136,WH-01,1,35.59,Cash on Delivery,2.7,True,False
ORD-0003873,2023-01-08,CUST-020637,South,PRD-0047,Fashion & Apparel,ACC-0027,WH-03,1,78.09,Cash on Delivery,3.9,True,False
ORD-0003874,2023-01-08,CUST-029366,West,PRD-0043,Fashion & Apparel,ACC-0187,WH-05,2,106.64,Online Payment,3.5,True,False
ORD-0003875,2023-01-08,CUST-034939,Central,PRD-0071,Books & Media,ACC-0218,WH-01,1,7.91,Online Payment,1.8,True,False
ORD-0003876,2023-01-08,CUST-018513,West,PRD-0021,Home Appliances,ACC-0062,WH-05,3,358.44,Wallet Credit,3.3,True,False
ORD-0003877,2023-01-08,CUST-023018,Central,PRD-0034,Home Appliances,ACC-0025,WH-01,1,132.98,Online Payment,2.4,True,False
ORD-0003878,2023-01-08,CUST-024417,North,PRD-0138,Sports & Outdoor,ACC-0088,WH-02,2,213.84,Online Payment,3.1,True,False
ORD-0003879,2023-01-08,CUST-001715,Central,PRD-0086,Digital Goods,ACC-0249,WH-01,1,24.99,Wallet Credit,2.4,True,False
ORD-0003880,2023-01-08,CUST-009593,Central,PRD-0099,Digital Goods,ACC-0073,WH-01,1,23.27,Online Payment,2.2,True,False
ORD-0003881,2023-01-08,CUST-028142,North,PRD-0104,Grocery & Gourmet,ACC-0043,WH-02,2,28.52,Online Payment,3.3,True,False
ORD-0003882,2023-01-08,CUST-022553,West,PRD-0069,Books & Media,ACC-0200,WH-05,1,19.93,Installment Plan,3.2,True,False
ORD-0003883,2023-01-08,CUST-009644,Central,PRD-0100,Digital Goods,ACC-0062,WH-01,1,10.71,Online Payment,1.9,True,False
ORD-0003884,2023-01-08,CUST-013292,Central,PRD-0097,Digital Goods,ACC-0130,WH-01,3,75.54,Online Payment,2.2,True,False
ORD-0003885,2023-01-08,CUST-015269,West,PRD-0065,Beauty & Health,ACC-0074,WH-05,1,27.09,Cash on Delivery,4.2,False,False
ORD-0003886,2023-01-08,CUST-018521,East,PRD-0051,Fashion & Apparel,ACC-0022,WH-04,1,29.63,Online Payment,3.5,True,False
ORD-0003887,2023-01-08,CUST-027879,Central,PRD-0042,Fashion & Apparel,ACC-0104,WH-01,2,188.44,Online Payment,2.6,True,False
ORD-0003888,2023-01-08,CUST-026966,West,PRD-0136,Home & Kitchen,ACC-0168,WH-05,3,120.39,Online Payment,3.5,True,False
ORD-0003889,2023-01-08,CUST-012118,West,PRD-0136,Home & Kitchen,ACC-0148,WH-05,2,80.26,Online Payment,3.2,True,False
ORD-0003890,2023-01-08,CUST-030025,South,PRD-0149,Sports & Outdoor,ACC-0013,WH-03,1,81.88,Cash on Delivery,4.5,False,False
ORD-0003891,2023-01-08,CUST-021528,South,PRD-0025,Home Appliances,ACC-0028,WH-03,1,178.8,Online Payment,4.1,False,False
ORD-0003892,2023-01-08,CUST-007169,North,PRD-0006,Mobile & Tablet,ACC-0067,WH-01,3,1085.46,Cash on Delivery,2.1,True,False
ORD-0003893,2023-01-08,CUST-005541,East,PRD-0014,Mobile & Tablet,ACC-0026,WH-04,1,280.0,Online Payment,4.4,False,False
ORD-0003894,2023-01-08,CUST-001209,South,PRD-0049,Fashion & Apparel,ACC-0152,WH-03,2,162.54,Online Payment,3.3,True,False
ORD-0003895,2023-01-08,CUST-034479,South,PRD-0028,Home Appliances,ACC-0250,WH-03,2,999.76,Online Payment,2.7,True,False
ORD-0003896,2023-01-08,CUST-023297,Central,PRD-0096,Digital Goods,ACC-0101,WH-01,2,51.06,Cash on Delivery,3.3,False,False
ORD-0003897,2023-01-08,CUST-022154,North,PRD-0077,Books & Media,ACC-0160,WH-02,2,31.1,Installment Plan,2.9,True,False
ORD-0003898,2023-01-08,CUST-019341,East,PRD-0153,Sports & Outdoor,ACC-0215,WH-01,1,80.58,Cash on Delivery,2.2,True,False
ORD-0003899,2023-01-08,CUST-000501,North,PRD-0035,Fashion & Apparel,ACC-0062,WH-02,3,271.68,Online Payment,3.5,True,False
ORD-0003900,2023-01-08,CUST-035205,West,PRD-0077,Books & Media,ACC-0115,WH-05,1,15.55,Wallet Credit,3.5,True,False
ORD-0003901,2023-01-08,CUST-025325,Central,PRD-0043,Fashion & Apparel,ACC-0006,WH-01,1,53.32,Wallet Credit,1.9,True,False
ORD-0003902,2023-01-08,CUST-002621,Central,PRD-0065,Beauty & Health,ACC-0032,WH-01,1,27.09,Online Payment,2.4,True,True
ORD-0003903,2023-01-08,CUST-020043,South,PRD-0046,Fashion & Apparel,ACC-0194,WH-03,2,75.7,Online Payment,3.2,True,False
ORD-0003904,2023-01-08,CUST-027000,East,PRD-0087,Digital Goods,ACC-0176,WH-04,3,36.66,Cash on Delivery,4.6,False,False
ORD-0003905,2023-01-08,CUST-015112,Central,PRD-0071,Books & Media,ACC-0177,WH-01,2,15.82,Online Payment,3.9,False,False
ORD-0003906,2023-01-08,CUST-005783,Central,PRD-0002,Mobile & Tablet,ACC-0186,WH-01,2,1008.24,Installment Plan,2.5,True,False
ORD-0003907,2023-01-08,CUST-012468,North,PRD-0125,Home & Kitchen,ACC-0190,WH-02,2,217.22,Installment Plan,3.1,True,False
ORD-0003908,2023-01-08,CUST-019200,South,PRD-0147,Sports & Outdoor,ACC-0077,WH-03,1,131.3,Cash on Delivery,3.7,True,False
ORD-0003909,2023-01-08,CUST-030588,South,PRD-0034,Home Appliances,ACC-0131,WH-03,2,265.96,Cash on Delivery,4.4,False,False
ORD-0003910,2023-01-08,CUST-003383,North,PRD-0103,Grocery & Gourmet,ACC-0052,WH-02,1,25.76,Online Payment,2.7,True,False
ORD-0003911,2023-01-08,CUST-027448,Central,PRD-0031,Home Appliances,ACC-0180,WH-01,2,231.02,Installment Plan,2.7,True,False
ORD-0003912,2023-01-08,CUST-002223,West,PRD-0142,Sports & Outdoor,ACC-0215,WH-05,1,83.17,Cash on Delivery,4.7,False,False
ORD-0003913,2023-01-08,CUST-011501,Central,PRD-0059,Beauty & Health,ACC-0250,WH-01,2,72.62,Wallet Credit,2.5,True,False
ORD-0003914,2023-01-08,CUST-013679,East,PRD-0147,Sports & Outdoor,ACC-0122,WH-04,1,131.3,Installment Plan,3.3,True,False
ORD-0003915,2023-01-08,CUST-011515,East,PRD-0078,Books & Media,ACC-0096,WH-04,2,35.76,Online Payment,3.5,True,False
ORD-0003916,2023-01-08,CUST-018066,Central,PRD-0021,Home Appliances,ACC-0158,WH-01,2,238.96,Installment Plan,2.2,True,False
ORD-0003917,2023-01-08,CUST-027852,South,PRD-0114,Grocery & Gourmet,ACC-0200,WH-03,1,30.24,Online Payment,3.2,True,False
ORD-0003918,2023-01-08,CUST-016704,Central,PRD-0098,Digital Goods,ACC-0143,WH-01,2,60.12,Online Payment,3.4,False,False
ORD-0003919,2023-01-08,CUST-000594,West,PRD-0095,Digital Goods,ACC-0099,WH-05,1,32.57,Online Payment,4.0,True,False
ORD-0003920,2023-01-08,CUST-027085,Central,PRD-0078,Books & Media,ACC-0006,WH-01,2,35.76,Cash on Delivery,3.1,False,False
ORD-0003921,2023-01-08,CUST-003798,West,PRD-0014,Mobile & Tablet,ACC-0105,WH-05,2,560.0,Online Payment,3.1,True,False
ORD-0003922,2023-01-08,CUST-002884,Central,PRD-0053,Beauty & Health,ACC-0255,WH-01,1,49.47,Installment Plan,2.5,True,False
ORD-0003923,2023-01-08,CUST-016331,South,PRD-0032,Home Appliances,ACC-0249,WH-03,1,322.23,Online Payment,2.8,True,False
ORD-0003924,2023-01-08,CUST-007415,South,PRD-0100,Digital Goods,ACC-0048,WH-03,2,21.42,Wallet Credit,3.4,True,False
ORD-0003925,2023-01-08,CUST-012102,North,PRD-0126,Home & Kitchen,ACC-0007,WH-02,3,174.45,Online Payment,3.6,True,False
ORD-0003926,2023-01-08,CUST-002743,Central,PRD-0102,Digital Goods,ACC-0187,WH-01,3,81.81,Wallet Credit,1.7,True,False
ORD-0003927,2023-01-08,CUST-007623,Central,PRD-0022,Home Appliances,ACC-0075,WH-01,2,531.62,Online Payment,2.5,True,False
ORD-0003928,2023-01-08,CUST-005348,North,PRD-0104,Grocery & Gourmet,ACC-0018,WH-02,1,14.26,Wallet Credit,2.7,True,False
ORD-0003929,2023-01-08,CUST-015243,South,PRD-0051,Fashion & Apparel,ACC-0215,WH-03,1,29.63,Online Payment,2.9,True,False
ORD-0003930,2023-01-08,CUST-014552,East,PRD-0093,Digital Goods,ACC-0050,WH-04,2,71.2,Wallet Credit,3.3,True,False
ORD-0003931,2023-01-08,CUST-029575,South,PRD-0067,Beauty & Health,ACC-0096,WH-03,1,15.54,Online Payment,3.1,True,False
ORD-0003932,2023-01-08,CUST-017121,East,PRD-0004,Mobile & Tablet,ACC-0026,WH-04,2,358.2,Cash on Delivery,3.2,True,False
ORD-0003933,2023-01-08,CUST-029770,Central,PRD-0121,Home & Kitchen,ACC-0087,WH-01,1,27.3,Installment Plan,1.9,True,False
ORD-0003934,2023-01-08,CUST-016592,Central,PRD-0085,Books & Media,ACC-0219,WH-01,2,13.74,Wallet Credit,2.5,True,False
ORD-0003935,2023-01-08,CUST-030961,East,PRD-0055,Beauty & Health,ACC-0064,WH-04,2,123.08,Online Payment,3.6,True,False
ORD-0003936,2023-01-08,CUST-006957,North,PRD-0133,Home & Kitchen,ACC-0026,WH-02,2,222.7,Online Payment,2.8,True,False
ORD-0003937,2023-01-08,CUST-003223,South,PRD-0113,Grocery & Gourmet,ACC-0058,WH-03,3,51.03,Cash on Delivery,3.3,True,False
ORD-0003938,2023-01-08,CUST-031332,East,PRD-0144,Sports & Outdoor,ACC-0189,WH-04,1,72.68,Online Payment,3.2,True,False
ORD-0003939,2023-01-08,CUST-001625,West,PRD-0028,Home Appliances,ACC-0071,WH-05,1,499.88,Online Payment,4.3,False,False
ORD-0003940,2023-01-08,CUST-013679,East,PRD-0012,Mobile & Tablet,ACC-0102,WH-04,3,1424.64,Online Payment,3.4,True,True
ORD-0003941,2023-01-08,CUST-020079,North,PRD-0025,Home Appliances,ACC-0157,WH-02,2,357.6,Wallet Credit,3.3,True,True
ORD-0003942,2023-01-08,CUST-016985,Central,PRD-0072,Books & Media,ACC-0001,WH-01,1,5.87,Installment Plan,2.0,True,False
ORD-0003943,2023-01-08,CUST-034670,West,PRD-0113,Grocery & Gourmet,ACC-0173,WH-05,1,17.01,Online Payment,3.2,True,False
ORD-0003944,2023-01-08,CUST-013707,Central,PRD-0034,Home Appliances,ACC-0232,WH-01,1,132.98,Online Payment,2.2,True,False
ORD-0003945,2023-01-08,CUST-023054,North,PRD-0122,Home & Kitchen,ACC-0212,WH-01,2,120.42,Online Payment,2.8,True,False
ORD-0003946,2023-01-08,CUST-033345,North,PRD-0070,Books & Media,ACC-0097,WH-02,2,44.44,Cash on Delivery,3.4,True,False
ORD-0003947,2023-01-08,CUST-025777,Central,PRD-0051,Fashion & Apparel,ACC-0171,WH-01,1,29.63,Cash on Delivery,3.7,False,False
ORD-0003948,2023-01-08,CUST-000738,North,PRD-0041,Fashion & Apparel,ACC-0018,WH-02,1,38.91,Online Payment,4.5,False,False
ORD-0003949,2023-01-08,CUST-011216,West,PRD-0038,Fashion & Apparel,ACC-0200,WH-05,2,83.46,Installment Plan,3.6,True,True
ORD-0003950,2023-01-09,CUST-024254,West,PRD-0046,Fashion & Apparel,ACC-0122,WH-05,1,37.85,Wallet Credit,3.2,True,False
ORD-0003951,2023-01-09,CUST-004012,West,PRD-0107,Grocery & Gourmet,ACC-0158,WH-05,2,58.16,Online Payment,3.8,True,False
ORD-0003952,2023-01-09,CUST-029456,West,PRD-0132,Home & Kitchen,ACC-0080,WH-05,1,66.35,Cash on Delivery,5.5,False,False
ORD-0003953,2023-01-09,CUST-028047,South,PRD-0053,Beauty & Health,ACC-0053,WH-03,1,49.47,Cash on Delivery,3.3,True,False
ORD-0003954,2023-01-09,CUST-032478,North,PRD-0031,Home Appliances,ACC-0187,WH-02,2,231.02,Cash on Delivery,4.3,False,True
ORD-0003955,2023-01-09,CUST-022347,South,PRD-0068,Beauty & Health,ACC-0253,WH-03,2,119.5,Installment Plan,3.4,True,True
ORD-0003956,2023-01-09,CUST-026901,East,PRD-0071,Books & Media,ACC-0173,WH-04,1,7.91,Installment Plan,3.5,True,False
ORD-0003957,2023-01-09,CUST-001015,Central,PRD-0041,Fashion & Apparel,ACC-0197,WH-01,1,38.91,Online Payment,2.3,True,False
ORD-0003958,2023-01-09,CUST-003753,North,PRD-0014,Mobile & Tablet,ACC-0142,WH-01,2,560.0,Online Payment,2.8,True,False
ORD-0003959,2023-01-09,CUST-025613,South,PRD-0030,Home Appliances,ACC-0142,WH-03,1,145.76,Cash on Delivery,3.0,True,False
ORD-0003960,2023-01-09,CUST-010379,Central,PRD-0033,Home Appliances,ACC-0063,WH-01,1,449.97,Online Payment,2.1,True,False
ORD-0003961,2023-01-09,CUST-016373,Central,PRD-0094,Digital Goods,ACC-0003,WH-01,3,93.99,Cash on Delivery,2.2,True,False
ORD-0003962,2023-01-09,CUST-000642,Central,PRD-0010,Mobile & Tablet,ACC-0178,WH-01,3,1907.52,Online Payment,2.8,True,False
ORD-0003963,2023-01-09,CUST-035495,Central,PRD-0010,Mobile & Tablet,ACC-0084,WH-01,1,635.84,Cash on Delivery,1.8,True,False
ORD-0003964,2023-01-09,CUST-006808,Central,PRD-0030,Home Appliances,ACC-0118,WH-01,2,291.52,Online Payment,2.8,True,False
ORD-0003965,2023-01-09,CUST-023035,Central,PRD-0056,Beauty & Health,ACC-0135,WH-01,1,23.51,Cash on Delivery,2.2,True,False
ORD-0003966,2023-01-09,CUST-009093,Central,PRD-0141,Sports & Outdoor,ACC-0077,WH-01,2,89.38,Wallet Credit,2.0,True,False
ORD-0003967,2023-01-09,CUST-025550,North,PRD-0089,Digital Goods,ACC-0085,WH-02,1,36.42,Online Payment,2.6,True,False
ORD-0003968,2023-01-09,CUST-032082,Central,PRD-0012,Mobile & Tablet,ACC-0147,WH-01,2,949.76,Online Payment,1.9,True,False
ORD-0003969,2023-01-09,CUST-010857,North,PRD-0013,Mobile & Tablet,ACC-0122,WH-02,1,352.2,Installment Plan,3.3,True,False
ORD-0003970,2023-01-09,CUST-005012,Central,PRD-0121,Home & Kitchen,ACC-0115,WH-01,1,27.3,Cash on Delivery,2.2,True,False
ORD-0003971,2023-01-09,CUST-000786,West,PRD-0011,Mobile & Tablet,ACC-0039,WH-01,3,2208.96,Online Payment,2.9,True,False
ORD-0003972,2023-01-09,CUST-004726,East,PRD-0086,Digital Goods,ACC-0125,WH-04,1,24.99,Online Payment,3.8,True,False
ORD-0003973,2023-01-09,CUST-024886,East,PRD-0106,Grocery & Gourmet,ACC-0178,WH-04,1,28.58,Cash on Delivery,3.9,True,False
ORD-0003974,2023-01-09,CUST-024158,West,PRD-0010,Mobile & Tablet,ACC-0245,WH-01,3,1907.52,Online Payment,3.1,False,False
ORD-0003975,2023-01-09,CUST-031893,South,PRD-0030,Home Appliances,ACC-0035,WH-03,1,145.76,Wallet Credit,3.0,True,False
ORD-0003976,2023-01-09,CUST-005298,Central,PRD-0108,Grocery & Gourmet,ACC-0218,WH-01,3,46.74,Wallet Credit,2.0,True,False
ORD-0003977,2023-01-09,CUST-010613,North,PRD-0121,Home & Kitchen,ACC-0144,WH-02,3,81.9,Online Payment,2.5,True,False
ORD-0003978,2023-01-09,CUST-031893,South,PRD-0012,Mobile & Tablet,ACC-0258,WH-01,2,949.76,Wallet Credit,2.7,True,False
ORD-0003979,2023-01-09,CUST-018396,North,PRD-0002,Mobile & Tablet,ACC-0133,WH-02,1,504.12,Installment Plan,2.8,True,False
ORD-0003980,2023-01-09,CUST-017562,North,PRD-0055,Beauty & Health,ACC-0204,WH-02,1,61.54,Online Payment,3.7,True,False
ORD-0003981,2023-01-09,CUST-011505,East,PRD-0055,Beauty & Health,ACC-0093,WH-04,1,61.54,Wallet Credit,3.9,True,False
ORD-0003982,2023-01-09,CUST-007657,North,PRD-0023,Home Appliances,ACC-0224,WH-02,1,528.07,Online Payment,2.9,True,False
ORD-0003983,2023-01-09,CUST-008793,East,PRD-0009,Mobile & Tablet,ACC-0219,WH-04,3,1638.78,Online Payment,4.1,False,False
ORD-0003984,2023-01-09,CUST-023849,East,PRD-0003,Mobile & Tablet,ACC-0174,WH-04,1,226.53,Online Payment,3.3,True,False
ORD-0003985,2023-01-09,CUST-003548,Central,PRD-0090,Digital Goods,ACC-0133,WH-01,2,33.76,Wallet Credit,2.4,True,False
ORD-0003986,2023-01-09,CUST-021976,East,PRD-0047,Fashion & Apparel,ACC-0077,WH-04,1,78.09,Installment Plan,3.9,True,True
ORD-0003987,2023-01-09,CUST-025033,East,PRD-0120,Home & Kitchen,ACC-0177,WH-04,2,144.52,Online Payment,3.8,True,False
ORD-0003988,2023-01-09,CUST-009439,Central,PRD-0137,Sports & Outdoor,ACC-0092,WH-01,3,330.96,Online Payment,2.1,True,False
ORD-0003989,2023-01-09,CUST-012612,North,PRD-0102,Digital Goods,ACC-0255,WH-02,2,54.54,Online Payment,3.7,True,False
ORD-0003990,2023-01-09,CUST-010070,Central,PRD-0057,Beauty & Health,ACC-0195,WH-01,2,28.54,Online Payment,1.9,True,False
ORD-0003991,2023-01-09,CUST-034640,East,PRD-0009,Mobile & Tablet,ACC-0255,WH-04,2,1092.52,Cash on Delivery,3.2,True,False
ORD-0003992,2023-01-09,CUST-022037,North,PRD-0020,Home Appliances,ACC-0074,WH-02,2,1051.74,Wallet Credit,2.9,True,False
ORD-0003993,2023-01-09,CUST-025325,Central,PRD-0041,Fashion & Apparel,ACC-0084,WH-01,3,116.73,Online Payment,2.0,True,False
ORD-0003994,2023-01-09,CUST-000008,North,PRD-0105,Grocery & Gourmet,ACC-0095,WH-02,3,75.54,Online Payment,2.9,True,False
ORD-0003995,2023-01-09,CUST-024474,Central,PRD-0046,Fashion & Apparel,ACC-0244,WH-01,1,37.85,Cash on Delivery,2.3,True,False
ORD-0003996,2023-01-09,CUST-030161,North,PRD-0063,Beauty & Health,ACC-0139,WH-02,1,27.57,Installment Plan,3.1,True,False
ORD-0003997,2023-01-09,CUST-027194,Central,PRD-0093,Digital Goods,ACC-0101,WH-01,2,71.2,Online Payment,1.9,True,False
ORD-0003998,2023-01-09,CUST-032332,Central,PRD-0023,Home Appliances,ACC-0114,WH-01,1,528.07,Wallet Credit,3.6,False,False
ORD-0003999,2023-01-09,CUST-016709,Central,PRD-0068,Beauty & Health,ACC-0141,WH-01,1,59.75,Installment Plan,1.7,True,False
ORD-0004000,2023-01-09,CUST-030025,South,PRD-0115,Grocery & Gourmet,ACC-0091,WH-03,1,18.91,Online Payment,3.3,True,False
ORD-0004001,2023-01-09,CUST-019725,East,PRD-0135,Home & Kitchen,ACC-0143,WH-04,1,88.67,Installment Plan,3.6,True,False
ORD-0004002,2023-01-09,CUST-012534,East,PRD-0026,Home Appliances,ACC-0157,WH-04,2,638.3,Online Payment,3.5,True,False
ORD-0004003,2023-01-09,CUST-003620,South,PRD-0077,Books & Media,ACC-0226,WH-03,1,15.55,Installment Plan,4.0,True,False
ORD-0004004,2023-01-09,CUST-029206,Central,PRD-0113,Grocery & Gourmet,ACC-0117,WH-01,2,34.02,Wallet Credit,2.4,True,False
ORD-0004005,2023-01-09,CUST-012489,North,PRD-0032,Home Appliances,ACC-0060,WH-02,1,322.23,Cash on Delivery,3.6,True,False
ORD-0004006,2023-01-09,CUST-004240,East,PRD-0048,Fashion & Apparel,ACC-0131,WH-04,1,71.58,Online Payment,3.5,True,False
ORD-0004007,2023-01-09,CUST-003694,West,PRD-0125,Home & Kitchen,ACC-0066,WH-05,1,108.61,Installment Plan,3.8,True,True
ORD-0004008,2023-01-09,CUST-023124,Central,PRD-0151,Sports & Outdoor,ACC-0171,WH-01,2,61.72,Online Payment,3.5,False,False
ORD-0004009,2023-01-09,CUST-017507,South,PRD-0111,Grocery & Gourmet,ACC-0037,WH-03,2,96.08,Wallet Credit,4.2,False,False
ORD-0004010,2023-01-09,CUST-007361,East,PRD-0022,Home Appliances,ACC-0101,WH-04,1,265.81,Installment Plan,3.8,True,False
ORD-0004011,2023-01-09,CUST-012579,Central,PRD-0146,Sports & Outdoor,ACC-0160,WH-01,2,188.46,Online Payment,2.1,True,False
ORD-0004012,2023-01-09,CUST-014299,West,PRD-0005,Mobile & Tablet,ACC-0158,WH-01,1,716.38,Online Payment,1.9,True,False
ORD-0004013,2023-01-09,CUST-025311,Central,PRD-0128,Home & Kitchen,ACC-0177,WH-01,2,191.72,Online Payment,2.7,True,False
ORD-0004014,2023-01-09,CUST-018950,South,PRD-0109,Grocery & Gourmet,ACC-0088,WH-03,2,22.96,Online Payment,3.0,True,False
ORD-0004015,2023-01-09,CUST-005476,West,PRD-0105,Grocery & Gourmet,ACC-0038,WH-05,3,75.54,Online Payment,3.9,True,False
ORD-0004016,2023-01-09,CUST-018364,West,PRD-0115,Grocery & Gourmet,ACC-0084,WH-05,1,18.91,Online Payment,3.2,True,False
ORD-0004017,2023-01-09,CUST-019898,West,PRD-0076,Books & Media,ACC-0241,WH-05,1,7.78,Cash on Delivery,3.5,True,False
ORD-0004018,2023-01-09,CUST-028234,South,PRD-0028,Home Appliances,ACC-0218,WH-03,3,1499.64,Online Payment,2.8,True,False
ORD-0004019,2023-01-09,CUST-005309,Central,PRD-0030,Home Appliances,ACC-0158,WH-01,2,291.52,Online Payment,2.3,True,False
ORD-0004020,2023-01-09,CUST-009736,Central,PRD-0141,Sports & Outdoor,ACC-0101,WH-01,1,44.69,Cash on Delivery,1.8,True,False
ORD-0004021,2023-01-09,CUST-016041,East,PRD-0050,Fashion & Apparel,ACC-0258,WH-01,2,60.26,Online Payment,3.0,True,False
ORD-0004022,2023-01-09,CUST-006568,North,PRD-0033,Home Appliances,ACC-0160,WH-02,3,1349.91,Online Payment,2.8,True,False
ORD-0004023,2023-01-09,CUST-005798,West,PRD-0088,Digital Goods,ACC-0090,WH-05,3,97.8,Wallet Credit,3.7,True,False
ORD-0004024,2023-01-09,CUST-017360,East,PRD-0064,Beauty & Health,ACC-0053,WH-04,2,57.88,Wallet Credit,3.1,True,False
ORD-0004025,2023-01-09,CUST-024091,Central,PRD-0001,Mobile & Tablet,ACC-0096,WH-01,1,214.68,Online Payment,2.2,True,False
ORD-0004026,2023-01-09,CUST-016003,South,PRD-0051,Fashion & Apparel,ACC-0122,WH-03,3,88.89,Cash on Delivery,2.7,True,False
ORD-0004027,2023-01-09,CUST-014427,East,PRD-0150,Sports & Outdoor,ACC-0195,WH-04,1,72.49,Installment Plan,3.1,True,True
ORD-0004028,2023-01-09,CUST-022007,South,PRD-0032,Home Appliances,ACC-0079,WH-03,1,322.23,Cash on Delivery,3.4,True,False
ORD-0004029,2023-01-09,CUST-001587,North,PRD-0002,Mobile & Tablet,ACC-0123,WH-02,2,1008.24,Online Payment,2.9,True,False
ORD-0004030,2023-01-09,CUST-011093,Central,PRD-0146,Sports & Outdoor,ACC-0253,WH-01,1,94.23,Online Payment,2.3,True,False
ORD-0004031,2023-01-09,CUST-009758,West,PRD-0067,Beauty & Health,ACC-0061,WH-05,2,31.08,Installment Plan,4.0,True,False
ORD-0004032,2023-01-09,CUST-019148,North,PRD-0044,Fashion & Apparel,ACC-0154,WH-02,3,235.41,Wallet Credit,3.1,True,True
ORD-0004033,2023-01-09,CUST-021650,Central,PRD-0064,Beauty & Health,ACC-0114,WH-01,1,28.94,Installment Plan,2.7,True,False
ORD-0004034,2023-01-09,CUST-006320,East,PRD-0090,Digital Goods,ACC-0255,WH-04,1,16.88,Online Payment,2.9,True,False
ORD-0004035,2023-01-09,CUST-029790,North,PRD-0045,Fashion & Apparel,ACC-0241,WH-02,1,23.46,Cash on Delivery,3.2,True,False
ORD-0004036,2023-01-09,CUST-007672,South,PRD-0031,Home Appliances,ACC-0179,WH-03,1,115.51,Cash on Delivery,3.2,True,False
ORD-0004037,2023-01-09,CUST-018598,South,PRD-0019,Home Appliances,ACC-0131,WH-03,1,419.13,Online Payment,3.1,True,False
ORD-0004038,2023-01-09,CUST-021224,West,PRD-0104,Grocery & Gourmet,ACC-0254,WH-05,1,14.26,Installment Plan,3.5,True,False
ORD-0004039,2023-01-09,CUST-010784,West,PRD-0048,Fashion & Apparel,ACC-0198,WH-05,1,71.58,Cash on Delivery,3.7,True,False
ORD-0004040,2023-01-09,CUST-008098,North,PRD-0017,Mobile & Tablet,ACC-0199,WH-02,1,186.87,Cash on Delivery,3.7,True,False
ORD-0004041,2023-01-09,CUST-027485,West,PRD-0082,Books & Media,ACC-0122,WH-05,2,27.54,Online Payment,3.8,True,False
ORD-0004042,2023-01-09,CUST-000970,Central,PRD-0082,Books & Media,ACC-0034,WH-01,1,13.77,Wallet Credit,2.2,True,False
ORD-0004043,2023-01-09,CUST-027328,South,PRD-0120,Home & Kitchen,ACC-0132,WH-01,1,72.26,Cash on Delivery,1.9,True,False
ORD-0004044,2023-01-09,CUST-034374,South,PRD-0058,Beauty & Health,ACC-0047,WH-03,3,129.81,Cash on Delivery,3.0,True,False
ORD-0004045,2023-01-09,CUST-024314,North,PRD-0045,Fashion & Apparel,ACC-0152,WH-02,3,70.38,Online Payment,3.5,True,False
ORD-0004046,2023-01-09,CUST-006392,South,PRD-0068,Beauty & Health,ACC-0041,WH-03,1,59.75,Installment Plan,3.2,True,False
ORD-0004047,2023-01-09,CUST-018104,North,PRD-0089,Digital Goods,ACC-0055,WH-01,1,36.42,Online Payment,2.2,True,False
ORD-0004048,2023-01-09,CUST-029091,South,PRD-0026,Home Appliances,ACC-0195,WH-03,1,319.15,Wallet Credit,3.1,True,False
ORD-0004049,2023-01-09,CUST-015833,South,PRD-0151,Sports & Outdoor,ACC-0008,WH-03,2,61.72,Online Payment,3.3,True,False
ORD-0004050,2023-01-09,CUST-033661,West,PRD-0074,Books & Media,ACC-0059,WH-05,1,21.22,Online Payment,3.5,True,False
ORD-0004051,2023-01-09,CUST-006224,Central,PRD-0054,Beauty & Health,ACC-0075,WH-01,2,58.62,Installment Plan,2.8,True,False
ORD-0004052,2023-01-09,CUST-026360,East,PRD-0115,Grocery & Gourmet,ACC-0160,WH-04,2,37.82,Online Payment,2.8,True,False
ORD-0004053,2023-01-09,CUST-003980,East,PRD-0133,Home & Kitchen,ACC-0206,WH-04,3,334.05,Cash on Delivery,3.9,True,False
ORD-0004054,2023-01-09,CUST-028340,South,PRD-0047,Fashion & Apparel,ACC-0221,WH-03,1,78.09,Online Payment,3.6,True,False
ORD-0004055,2023-01-09,CUST-017954,East,PRD-0113,Grocery & Gourmet,ACC-0006,WH-01,1,17.01,Online Payment,2.0,True,False
ORD-0004056,2023-01-09,CUST-009768,Central,PRD-0125,Home & Kitchen,ACC-0244,WH-01,1,108.61,Cash on Delivery,2.0,True,False
ORD-0004057,2023-01-09,CUST-027730,South,PRD-0112,Grocery & Gourmet,ACC-0141,WH-03,1,13.56,Online Payment,2.7,True,False
ORD-0004058,2023-01-09,CUST-034263,South,PRD-0043,Fashion & Apparel,ACC-0184,WH-03,1,53.32,Online Payment,3.2,True,False
ORD-0004059,2023-01-09,CUST-011531,East,PRD-0064,Beauty & Health,ACC-0253,WH-04,3,86.82,Wallet Credit,4.3,False,False
ORD-0004060,2023-01-09,CUST-018950,South,PRD-0137,Sports & Outdoor,ACC-0060,WH-03,2,220.64,Wallet Credit,3.4,True,False
ORD-0004061,2023-01-09,CUST-035572,Central,PRD-0056,Beauty & Health,ACC-0012,WH-01,3,70.53,Online Payment,2.9,True,False
ORD-0004062,2023-01-09,CUST-001785,Central,PRD-0092,Digital Goods,ACC-0013,WH-01,1,19.67,Online Payment,2.4,True,False
ORD-0004063,2023-01-09,CUST-029625,Central,PRD-0080,Books & Media,ACC-0006,WH-01,3,37.56,Online Payment,1.9,True,False
ORD-0004064,2023-01-09,CUST-023063,East,PRD-0097,Digital Goods,ACC-0006,WH-01,1,25.18,Cash on Delivery,2.7,True,False
ORD-0004065,2023-01-09,CUST-003371,West,PRD-0051,Fashion & Apparel,ACC-0187,WH-05,1,29.63,Wallet Credit,3.4,True,False
ORD-0004066,2023-01-09,CUST-026756,East,PRD-0149,Sports & Outdoor,ACC-0091,WH-04,1,81.88,Wallet Credit,2.8,True,False
ORD-0004067,2023-01-09,CUST-000492,West,PRD-0059,Beauty & Health,ACC-0186,WH-05,2,72.62,Cash on Delivery,3.8,True,False
ORD-0004068,2023-01-09,CUST-022160,Central,PRD-0128,Home & Kitchen,ACC-0097,WH-01,1,95.86,Cash on Delivery,1.9,True,False
ORD-0004069,2023-01-09,CUST-035133,North,PRD-0107,Grocery & Gourmet,ACC-0176,WH-02,1,29.08,Online Payment,3.1,True,False
ORD-0004070,2023-01-09,CUST-023665,North,PRD-0041,Fashion & Apparel,ACC-0172,WH-01,2,77.82,Cash on Delivery,2.0,True,False
ORD-0004071,2023-01-09,CUST-028874,West,PRD-0060,Beauty & Health,ACC-0047,WH-05,1,41.99,Installment Plan,3.7,True,True
ORD-0004072,2023-01-09,CUST-016937,Central,PRD-0070,Books & Media,ACC-0051,WH-01,1,22.22,Online Payment,2.1,True,False
ORD-0004073,2023-01-09,CUST-023261,North,PRD-0115,Grocery & Gourmet,ACC-0034,WH-02,2,37.82,Cash on Delivery,3.4,True,False
ORD-0004074,2023-01-09,CUST-012191,South,PRD-0031,Home Appliances,ACC-0009,WH-03,1,115.51,Online Payment,3.6,True,False
ORD-0004075,2023-01-09,CUST-019285,Central,PRD-0023,Home Appliances,ACC-0258,WH-01,3,1584.21,Installment Plan,3.2,False,False
ORD-0004076,2023-01-09,CUST-016793,South,PRD-0037,Fashion & Apparel,ACC-0254,WH-03,1,25.53,Online Payment,3.2,True,False
ORD-0004077,2023-01-09,CUST-015622,Central,PRD-0106,Grocery & Gourmet,ACC-0204,WH-01,2,57.16,Installment Plan,2.5,True,False
ORD-0004078,2023-01-09,CUST-006984,South,PRD-0109,Grocery & Gourmet,ACC-0025,WH-03,2,22.96,Installment Plan,3.2,True,False
ORD-0004079,2023-01-09,CUST-005918,West,PRD-0035,Fashion & Apparel,ACC-0160,WH-05,3,271.68,Online Payment,3.5,True,False
ORD-0004080,2023-01-09,CUST-011069,Central,PRD-0003,Mobile & Tablet,ACC-0160,WH-01,1,226.53,Cash on Delivery,1.9,True,False
ORD-0004081,2023-01-09,CUST-008410,Central,PRD-0102,Digital Goods,ACC-0115,WH-01,1,27.27,Online Payment,2.0,True,False
ORD-0004082,2023-01-09,CUST-007554,West,PRD-0066,Beauty & Health,ACC-0215,WH-05,1,57.2,Wallet Credit,3.6,True,False
ORD-0004083,2023-01-09,CUST-016154,Central,PRD-0013,Mobile & Tablet,ACC-0241,WH-01,2,704.4,Online Payment,2.2,True,False
ORD-0004084,2023-01-09,CUST-012102,North,PRD-0113,Grocery & Gourmet,ACC-0021,WH-02,3,51.03,Online Payment,3.4,True,False
ORD-0004085,2023-01-09,CUST-034079,North,PRD-0093,Digital Goods,ACC-0173,WH-02,1,35.6,Online Payment,3.3,True,False
ORD-0004086,2023-01-09,CUST-003974,North,PRD-0057,Beauty & Health,ACC-0222,WH-02,3,42.81,Wallet Credit,4.4,False,False
ORD-0004087,2023-01-09,CUST-016126,North,PRD-0017,Mobile & Tablet,ACC-0002,WH-02,1,186.87,Cash on Delivery,3.6,True,False
ORD-0004088,2023-01-09,CUST-000630,West,PRD-0105,Grocery & Gourmet,ACC-0248,WH-05,2,50.36,Online Payment,4.2,False,False
ORD-0004089,2023-01-09,CUST-003419,South,PRD-0036,Fashion & Apparel,ACC-0215,WH-03,2,166.44,Wallet Credit,3.6,True,False
ORD-0004090,2023-01-09,CUST-033652,Central,PRD-0064,Beauty & Health,ACC-0052,WH-01,1,28.94,Online Payment,2.4,True,False
ORD-0004091,2023-01-09,CUST-008771,West,PRD-0087,Digital Goods,ACC-0057,WH-01,1,12.22,Installment Plan,2.4,True,False
ORD-0004092,2023-01-09,CUST-032475,Central,PRD-0076,Books & Media,ACC-0102,WH-01,1,7.78,Online Payment,3.7,False,False
ORD-0004093,2023-01-09,CUST-028437,Central,PRD-0101,Digital Goods,ACC-0146,WH-01,1,19.23,Installment Plan,3.6,False,False
ORD-0004094,2023-01-09,CUST-027391,West,PRD-0117,Grocery & Gourmet,ACC-0250,WH-05,1,24.86,Online Payment,3.1,True,False
ORD-0004095,2023-01-09,CUST-032439,North,PRD-0098,Digital Goods,ACC-0191,WH-02,1,30.06,Online Payment,2.7,True,False
ORD-0004096,2023-01-09,CUST-035781,North,PRD-0077,Books & Media,ACC-0206,WH-02,3,46.65,Wallet Credit,3.2,True,False
ORD-0004097,2023-01-09,CUST-027059,North,PRD-0072,Books & Media,ACC-0141,WH-02,2,11.74,Installment Plan,2.7,True,False
ORD-0004098,2023-01-09,CUST-029892,Central,PRD-0066,Beauty & Health,ACC-0118,WH-01,1,57.2,Online Payment,2.0,True,False
ORD-0004099,2023-01-09,CUST-019834,North,PRD-0082,Books & Media,ACC-0028,WH-02,1,13.77,Online Payment,2.9,True,False
ORD-0004100,2023-01-09,CUST-026790,West,PRD-0037,Fashion & Apparel,ACC-0125,WH-05,2,51.06,Wallet Credit,3.5,True,False
ORD-0004101,2023-01-09,CUST-032094,East,PRD-0136,Home & Kitchen,ACC-0102,WH-04,2,80.26,Cash on Delivery,3.3,True,False
ORD-0004102,2023-01-09,CUST-012464,West,PRD-0066,Beauty & Health,ACC-0051,WH-05,2,114.4,Online Payment,3.1,True,False
ORD-0004103,2023-01-09,CUST-020522,Central,PRD-0090,Digital Goods,ACC-0166,WH-01,2,33.76,Online Payment,2.4,True,False
ORD-0004104,2023-01-09,CUST-024902,Central,PRD-0125,Home & Kitchen,ACC-0057,WH-01,1,108.61,Installment Plan,2.5,True,False
ORD-0004105,2023-01-09,CUST-030726,Central,PRD-0057,Beauty & Health,ACC-0127,WH-01,1,14.27,Wallet Credit,2.8,True,False
ORD-0004106,2023-01-09,CUST-024191,East,PRD-0073,Books & Media,ACC-0053,WH-04,3,60.96,Cash on Delivery,3.2,True,False
ORD-0004107,2023-01-09,CUST-013347,West,PRD-0113,Grocery & Gourmet,ACC-0139,WH-05,1,17.01,Wallet Credit,5.2,False,False
ORD-0004108,2023-01-09,CUST-011611,West,PRD-0071,Books & Media,ACC-0068,WH-05,3,23.73,Online Payment,3.8,True,False
ORD-0004109,2023-01-09,CUST-024814,Central,PRD-0044,Fashion & Apparel,ACC-0146,WH-01,2,156.94,Cash on Delivery,2.5,True,False
ORD-0004110,2023-01-09,CUST-023896,East,PRD-0052,Beauty & Health,ACC-0148,WH-04,1,50.83,Online Payment,3.8,True,False
ORD-0004111,2023-01-09,CUST-006148,Central,PRD-0153,Sports & Outdoor,ACC-0084,WH-01,1,80.58,Installment Plan,3.6,False,False
ORD-0004112,2023-01-09,CUST-022937,West,PRD-0140,Sports & Outdoor,ACC-0250,WH-05,1,45.43,Online Payment,5.0,False,False
ORD-0004113,2023-01-09,CUST-006293,Central,PRD-0016,Mobile & Tablet,ACC-0030,WH-01,2,843.7,Online Payment,2.1,True,False
ORD-0004114,2023-01-09,CUST-030258,East,PRD-0081,Books & Media,ACC-0088,WH-04,2,22.14,Installment Plan,3.3,True,False
ORD-0004115,2023-01-09,CUST-015860,North,PRD-0009,Mobile & Tablet,ACC-0091,WH-02,2,1092.52,Online Payment,2.5,True,False
ORD-0004116,2023-01-09,CUST-011435,Central,PRD-0072,Books & Media,ACC-0072,WH-01,1,5.87,Online Payment,3.7,False,False
ORD-0004117,2023-01-09,CUST-001341,Central,PRD-0081,Books & Media,ACC-0100,WH-01,1,11.07,Online Payment,2.4,True,False
ORD-0004118,2023-01-09,CUST-010872,Central,PRD-0017,Mobile & Tablet,ACC-0077,WH-01,2,373.74,Installment Plan,2.3,True,False
ORD-0004119,2023-01-09,CUST-019180,Central,PRD-0051,Fashion & Apparel,ACC-0019,WH-01,3,88.89,Online Payment,2.1,True,True
ORD-0004120,2023-01-09,CUST-029486,Central,PRD-0113,Grocery & Gourmet,ACC-0135,WH-01,2,34.02,Online Payment,2.8,True,False
ORD-0004121,2023-01-09,CUST-017094,East,PRD-0112,Grocery & Gourmet,ACC-0052,WH-04,1,13.56,Installment Plan,3.3,True,False
ORD-0004122,2023-01-09,CUST-018065,West,PRD-0112,Grocery & Gourmet,ACC-0222,WH-05,1,13.56,Wallet Credit,3.1,True,False
ORD-0004123,2023-01-09,CUST-001932,Central,PRD-0123,Home & Kitchen,ACC-0178,WH-01,1,82.38,Online Payment,2.4,True,False
ORD-0004124,2023-01-09,CUST-011501,Central,PRD-0101,Digital Goods,ACC-0031,WH-01,1,19.23,Online Payment,2.4,True,False
ORD-0004125,2023-01-09,CUST-018342,South,PRD-0026,Home Appliances,ACC-0131,WH-03,1,319.15,Wallet Credit,4.4,False,True
ORD-0004126,2023-01-09,CUST-018542,Central,PRD-0030,Home Appliances,ACC-0215,WH-01,1,145.76,Online Payment,2.7,True,False
ORD-0004127,2023-01-09,CUST-007086,Central,PRD-0002,Mobile & Tablet,ACC-0122,WH-01,1,504.12,Online Payment,2.5,True,False
ORD-0004128,2023-01-09,CUST-011081,North,PRD-0026,Home Appliances,ACC-0235,WH-01,1,319.15,Online Payment,2.0,True,False
ORD-0004129,2023-01-09,CUST-030348,South,PRD-0029,Home Appliances,ACC-0128,WH-03,2,496.96,Cash on Delivery,3.9,True,False
ORD-0004130,2023-01-09,CUST-001807,West,PRD-0122,Home & Kitchen,ACC-0177,WH-05,1,60.21,Online Payment,3.2,True,False
ORD-0004131,2023-01-09,CUST-028565,Central,PRD-0072,Books & Media,ACC-0069,WH-01,1,5.87,Online Payment,2.9,True,False
ORD-0004132,2023-01-09,CUST-002207,East,PRD-0093,Digital Goods,ACC-0099,WH-04,1,35.6,Wallet Credit,3.2,True,False
ORD-0004133,2023-01-09,CUST-025046,Central,PRD-0149,Sports & Outdoor,ACC-0191,WH-01,1,81.88,Online Payment,2.8,True,False
ORD-0004134,2023-01-09,CUST-015127,Central,PRD-0010,Mobile & Tablet,ACC-0015,WH-01,3,1907.52,Installment Plan,2.9,True,False
ORD-0004135,2023-01-09,CUST-011967,North,PRD-0094,Digital Goods,ACC-0173,WH-02,2,62.66,Installment Plan,3.9,True,False
ORD-0004136,2023-01-09,CUST-013259,South,PRD-0044,Fashion & Apparel,ACC-0065,WH-03,1,78.47,Wallet Credit,3.1,True,False
ORD-0004137,2023-01-09,CUST-006568,North,PRD-0009,Mobile & Tablet,ACC-0038,WH-02,1,546.26,Online Payment,3.2,True,False
ORD-0004138,2023-01-09,CUST-002852,South,PRD-0143,Sports & Outdoor,ACC-0013,WH-03,1,45.69,Online Payment,2.9,True,False
ORD-0004139,2023-01-09,CUST-017356,East,PRD-0007,Mobile & Tablet,ACC-0026,WH-01,3,1624.98,Cash on Delivery,1.8,True,True
ORD-0004140,2023-01-09,CUST-003277,West,PRD-0134,Home & Kitchen,ACC-0035,WH-05,1,117.79,Online Payment,3.9,True,False
ORD-0004141,2023-01-09,CUST-030732,West,PRD-0017,Mobile & Tablet,ACC-0139,WH-05,2,373.74,Cash on Delivery,3.7,True,False
ORD-0004142,2023-01-09,CUST-019989,South,PRD-0114,Grocery & Gourmet,ACC-0173,WH-03,1,30.24,Installment Plan,3.8,True,False
ORD-0004143,2023-01-09,CUST-022701,Central,PRD-0115,Grocery & Gourmet,ACC-0091,WH-01,2,37.82,Wallet Credit,1.8,True,False
ORD-0004144,2023-01-09,CUST-024250,Central,PRD-0009,Mobile & Tablet,ACC-0022,WH-01,1,546.26,Online Payment,2.3,True,False
ORD-0004145,2023-01-09,CUST-029294,Central,PRD-0090,Digital Goods,ACC-0086,WH-01,1,16.88,Wallet Credit,2.1,True,False
ORD-0004146,2023-01-09,CUST-012988,East,PRD-0055,Beauty & Health,ACC-0101,WH-04,2,123.08,Installment Plan,3.4,True,False
ORD-0004147,2023-01-09,CUST-007935,North,PRD-0001,Mobile & Tablet,ACC-0037,WH-02,2,429.36,Installment Plan,3.2,True,False
ORD-0004148,2023-01-09,CUST-004863,Central,PRD-0135,Home & Kitchen,ACC-0138,WH-01,1,88.67,Online Payment,1.8,True,False
ORD-0004149,2023-01-09,CUST-029294,Central,PRD-0045,Fashion & Apparel,ACC-0031,WH-01,2,46.92,Installment Plan,2.1,True,False
ORD-0004150,2023-01-09,CUST-016009,Central,PRD-0072,Books & Media,ACC-0240,WH-01,2,11.74,Cash on Delivery,2.8,True,False
ORD-0004151,2023-01-09,CUST-006361,East,PRD-0007,Mobile & Tablet,ACC-0091,WH-04,2,1083.32,Installment Plan,3.7,True,False
ORD-0004152,2023-01-09,CUST-024380,West,PRD-0033,Home Appliances,ACC-0089,WH-05,1,449.97,Online Payment,4.0,True,True
ORD-0004153,2023-01-09,CUST-004062,Central,PRD-0120,Home & Kitchen,ACC-0026,WH-01,1,72.26,Cash on Delivery,2.3,True,False
ORD-0004154,2023-01-09,CUST-020425,West,PRD-0058,Beauty & Health,ACC-0179,WH-01,2,86.54,Cash on Delivery,2.3,True,False
ORD-0004155,2023-01-09,CUST-001258,West,PRD-0022,Home Appliances,ACC-0224,WH-05,2,531.62,Cash on Delivery,3.2,True,False
ORD-0004156,2023-01-09,CUST-013320,North,PRD-0011,Mobile & Tablet,ACC-0249,WH-02,1,736.32,Online Payment,3.3,True,False
ORD-0004157,2023-01-09,CUST-027272,East,PRD-0129,Home & Kitchen,ACC-0015,WH-04,1,37.2,Cash on Delivery,3.1,True,False
ORD-0004158,2023-01-09,CUST-026323,South,PRD-0134,Home & Kitchen,ACC-0035,WH-03,1,117.79,Installment Plan,2.9,True,False
ORD-0004159,2023-01-09,CUST-033764,West,PRD-0018,Home Appliances,ACC-0009,WH-05,1,305.22,Online Payment,3.4,True,False
ORD-0004160,2023-01-09,CUST-016190,West,PRD-0096,Digital Goods,ACC-0224,WH-05,1,25.53,Cash on Delivery,4.2,False,False
ORD-0004161,2023-01-09,CUST-019208,West,PRD-0045,Fashion & Apparel,ACC-0234,WH-05,1,23.46,Wallet Credit,3.3,True,False
ORD-0004162,2023-01-09,CUST-016696,Central,PRD-0094,Digital Goods,ACC-0173,WH-01,1,31.33,Online Payment,1.7,True,False
ORD-0004163,2023-01-09,CUST-000088,East,PRD-0003,Mobile & Tablet,ACC-0100,WH-04,3,679.59,Online Payment,3.2,True,False
ORD-0004164,2023-01-09,CUST-026455,South,PRD-0065,Beauty & Health,ACC-0158,WH-03,1,27.09,Installment Plan,2.8,True,False
ORD-0004165,2023-01-09,CUST-031991,Central,PRD-0033,Home Appliances,ACC-0144,WH-01,2,899.94,Online Payment,2.0,True,False
ORD-0004166,2023-01-09,CUST-006628,North,PRD-0030,Home Appliances,ACC-0009,WH-02,3,437.28,Online Payment,3.3,True,False
ORD-0004167,2023-01-09,CUST-021201,Central,PRD-0075,Books & Media,ACC-0149,WH-01,1,21.86,Online Payment,2.5,True,False
ORD-0004168,2023-01-09,CUST-023484,Central,PRD-0144,Sports & Outdoor,ACC-0012,WH-01,2,145.36,Installment Plan,2.3,True,False
ORD-0004169,2023-01-09,CUST-008798,Central,PRD-0019,Home Appliances,ACC-0253,WH-01,2,838.26,Installment Plan,2.2,True,False
ORD-0004170,2023-01-09,CUST-007659,West,PRD-0026,Home Appliances,ACC-0043,WH-01,2,638.3,Online Payment,2.0,True,False
ORD-0004171,2023-01-09,CUST-006879,South,PRD-0142,Sports & Outdoor,ACC-0226,WH-03,2,166.34,Cash on Delivery,3.1,True,False
ORD-0004172,2023-01-09,CUST-014934,North,PRD-0032,Home Appliances,ACC-0150,WH-02,3,966.69,Wallet Credit,3.2,True,False
ORD-0004173,2023-01-09,CUST-017989,Central,PRD-0087,Digital Goods,ACC-0180,WH-01,2,24.44,Online Payment,2.9,True,False
ORD-0004174,2023-01-09,CUST-004958,North,PRD-0001,Mobile & Tablet,ACC-0223,WH-02,1,214.68,Online Payment,3.6,True,False
ORD-0004175,2023-01-09,CUST-016631,East,PRD-0012,Mobile & Tablet,ACC-0122,WH-04,1,474.88,Online Payment,3.0,True,False
ORD-0004176,2023-01-09,CUST-028425,West,PRD-0117,Grocery & Gourmet,ACC-0123,WH-05,2,49.72,Wallet Credit,3.4,True,False
ORD-0004177,2023-01-09,CUST-016091,Central,PRD-0025,Home Appliances,ACC-0128,WH-01,3,536.4,Cash on Delivery,2.2,True,False
ORD-0004178,2023-01-09,CUST-026838,Central,PRD-0108,Grocery & Gourmet,ACC-0175,WH-01,1,15.58,Installment Plan,2.2,True,False
ORD-0004179,2023-01-09,CUST-022708,West,PRD-0083,Books & Media,ACC-0224,WH-05,1,19.34,Cash on Delivery,3.6,True,False
ORD-0004180,2023-01-09,CUST-028474,Central,PRD-0035,Fashion & Apparel,ACC-0033,WH-01,2,181.12,Cash on Delivery,2.2,True,False
ORD-0004181,2023-01-09,CUST-007139,South,PRD-0106,Grocery & Gourmet,ACC-0014,WH-03,2,57.16,Wallet Credit,3.0,True,False
ORD-0004182,2023-01-09,CUST-032182,Central,PRD-0071,Books & Media,ACC-0078,WH-01,2,15.82,Cash on Delivery,2.2,True,False
ORD-0004183,2023-01-09,CUST-031609,Central,PRD-0036,Fashion & Apparel,ACC-0077,WH-01,1,83.22,Online Payment,2.1,True,False
ORD-0004184,2023-01-09,CUST-000777,Central,PRD-0103,Grocery & Gourmet,ACC-0220,WH-01,1,25.76,Online Payment,2.3,True,False
ORD-0004185,2023-01-09,CUST-020992,Central,PRD-0126,Home & Kitchen,ACC-0126,WH-01,2,116.3,Online Payment,1.8,True,False
ORD-0004186,2023-01-09,CUST-026759,North,PRD-0152,Sports & Outdoor,ACC-0001,WH-02,2,109.56,Online Payment,3.7,True,False
ORD-0004187,2023-01-09,CUST-016639,South,PRD-0137,Sports & Outdoor,ACC-0045,WH-03,1,110.32,Online Payment,3.8,True,False
ORD-0004188,2023-01-09,CUST-018163,Central,PRD-0033,Home Appliances,ACC-0169,WH-01,2,899.94,Cash on Delivery,2.3,True,False
ORD-0004189,2023-01-09,CUST-009439,Central,PRD-0050,Fashion & Apparel,ACC-0047,WH-01,1,30.13,Online Payment,1.8,True,False
ORD-0004190,2023-01-09,CUST-016645,Central,PRD-0030,Home Appliances,ACC-0015,WH-01,3,437.28,Online Payment,2.0,True,False
ORD-0004191,2023-01-09,CUST-035830,North,PRD-0001,Mobile & Tablet,ACC-0018,WH-02,1,214.68,Online Payment,4.6,False,False
ORD-0004192,2023-01-09,CUST-000287,Central,PRD-0105,Grocery & Gourmet,ACC-0252,WH-01,2,50.36,Online Payment,2.7,True,False
ORD-0004193,2023-01-09,CUST-031082,Central,PRD-0003,Mobile & Tablet,ACC-0195,WH-01,1,226.53,Installment Plan,2.3,True,False
ORD-0004194,2023-01-09,CUST-003045,North,PRD-0082,Books & Media,ACC-0004,WH-02,3,41.31,Online Payment,3.1,True,False
ORD-0004195,2023-01-09,CUST-011803,Central,PRD-0016,Mobile & Tablet,ACC-0161,WH-01,1,421.85,Wallet Credit,2.3,True,False
ORD-0004196,2023-01-09,CUST-029460,East,PRD-0106,Grocery & Gourmet,ACC-0070,WH-04,2,57.16,Cash on Delivery,4.1,False,False
ORD-0004197,2023-01-09,CUST-014294,North,PRD-0112,Grocery & Gourmet,ACC-0071,WH-02,2,27.12,Online Payment,2.8,True,False
ORD-0004198,2023-01-09,CUST-002758,North,PRD-0045,Fashion & Apparel,ACC-0063,WH-01,2,46.92,Cash on Delivery,2.6,True,False
ORD-0004199,2023-01-09,CUST-021601,Central,PRD-0056,Beauty & Health,ACC-0081,WH-01,1,23.51,Online Payment,2.7,True,False
ORD-0004200,2023-01-09,CUST-033110,East,PRD-0147,Sports & Outdoor,ACC-0120,WH-04,1,131.3,Cash on Delivery,3.7,True,False
ORD-0004201,2023-01-09,CUST-021964,West,PRD-0064,Beauty & Health,ACC-0043,WH-05,2,57.88,Online Payment,3.6,True,False
ORD-0004202,2023-01-09,CUST-015329,South,PRD-0071,Books & Media,ACC-0224,WH-03,1,7.91,Online Payment,2.9,True,False
ORD-0004203,2023-01-09,CUST-023820,North,PRD-0049,Fashion & Apparel,ACC-0075,WH-02,1,81.27,Cash on Delivery,2.9,True,False
ORD-0004204,2023-01-09,CUST-033540,Central,PRD-0077,Books & Media,ACC-0096,WH-01,2,31.1,Online Payment,3.0,True,True
ORD-0004205,2023-01-09,CUST-006185,North,PRD-0127,Home & Kitchen,ACC-0028,WH-02,1,113.98,Online Payment,3.0,True,False
ORD-0004206,2023-01-09,CUST-029050,South,PRD-0084,Books & Media,ACC-0048,WH-03,1,10.36,Online Payment,3.5,True,False
ORD-0004207,2023-01-09,CUST-026206,West,PRD-0150,Sports & Outdoor,ACC-0260,WH-05,1,72.49,Online Payment,4.7,False,False
ORD-0004208,2023-01-09,CUST-009850,East,PRD-0067,Beauty & Health,ACC-0111,WH-04,3,46.62,Cash on Delivery,3.4,True,False
ORD-0004209,2023-01-09,CUST-018853,North,PRD-0080,Books & Media,ACC-0159,WH-02,3,37.56,Online Payment,3.8,True,False
ORD-0004210,2023-01-09,CUST-003051,North,PRD-0152,Sports & Outdoor,ACC-0218,WH-02,1,54.78,Online Payment,2.8,True,False
ORD-0004211,2023-01-09,CUST-023576,North,PRD-0053,Beauty & Health,ACC-0004,WH-02,2,98.94,Cash on Delivery,3.3,True,False
ORD-0004212,2023-01-09,CUST-029385,Central,PRD-0002,Mobile & Tablet,ACC-0214,WH-01,1,504.12,Cash on Delivery,1.9,True,False
ORD-0004213,2023-01-09,CUST-013702,West,PRD-0093,Digital Goods,ACC-0254,WH-05,1,35.6,Installment Plan,3.8,True,False
ORD-0004214,2023-01-09,CUST-004863,Central,PRD-0066,Beauty & Health,ACC-0031,WH-01,2,114.4,Online Payment,4.4,False,False
ORD-0004215,2023-01-09,CUST-021864,East,PRD-0093,Digital Goods,ACC-0205,WH-04,1,35.6,Online Payment,3.9,True,False
ORD-0004216,2023-01-09,CUST-015562,Central,PRD-0092,Digital Goods,ACC-0084,WH-01,1,19.67,Wallet Credit,2.0,True,False
ORD-0004217,2023-01-09,CUST-005286,North,PRD-0089,Digital Goods,ACC-0255,WH-02,1,36.42,Cash on Delivery,2.7,True,False
ORD-0004218,2023-01-09,CUST-005578,West,PRD-0062,Beauty & Health,ACC-0094,WH-05,3,117.57,Wallet Credit,3.2,True,False
ORD-0004219,2023-01-09,CUST-001540,East,PRD-0118,Grocery & Gourmet,ACC-0144,WH-04,1,47.24,Cash on Delivery,3.3,True,False
ORD-0004220,2023-01-09,CUST-030280,North,PRD-0004,Mobile & Tablet,ACC-0056,WH-02,1,179.1,Online Payment,2.9,True,False
ORD-0004221,2023-01-09,CUST-008987,South,PRD-0101,Digital Goods,ACC-0100,WH-03,1,19.23,Online Payment,2.8,True,False
ORD-0004222,2023-01-09,CUST-004313,North,PRD-0127,Home & Kitchen,ACC-0245,WH-02,2,227.96,Installment Plan,2.7,True,False
ORD-0004223,2023-01-09,CUST-011611,West,PRD-0041,Fashion & Apparel,ACC-0224,WH-05,2,77.82,Wallet Credit,3.7,True,False
ORD-0004224,2023-01-09,CUST-017091,East,PRD-0091,Digital Goods,ACC-0018,WH-04,2,36.44,Online Payment,3.7,True,False
ORD-0004225,2023-01-09,CUST-024291,North,PRD-0092,Digital Goods,ACC-0222,WH-01,2,39.34,Cash on Delivery,1.8,True,False
ORD-0004226,2023-01-09,CUST-017624,Central,PRD-0137,Sports & Outdoor,ACC-0057,WH-01,1,110.32,Online Payment,2.1,True,False
ORD-0004227,2023-01-09,CUST-030353,East,PRD-0071,Books & Media,ACC-0130,WH-04,2,15.82,Installment Plan,3.7,True,False
ORD-0004228,2023-01-09,CUST-022754,West,PRD-0130,Home & Kitchen,ACC-0163,WH-05,3,91.68,Cash on Delivery,4.4,False,False
ORD-0004229,2023-01-09,CUST-003265,Central,PRD-0078,Books & Media,ACC-0060,WH-01,1,17.88,Online Payment,2.8,True,False
ORD-0004230,2023-01-09,CUST-011531,East,PRD-0012,Mobile & Tablet,ACC-0255,WH-04,2,949.76,Cash on Delivery,4.5,False,False
ORD-0004231,2023-01-09,CUST-003974,North,PRD-0040,Fashion & Apparel,ACC-0125,WH-02,1,35.59,Wallet Credit,2.9,True,True
ORD-0004232,2023-01-09,CUST-024292,East,PRD-0045,Fashion & Apparel,ACC-0246,WH-04,3,70.38,Online Payment,4.0,True,True
ORD-0004233,2023-01-09,CUST-013684,Central,PRD-0129,Home & Kitchen,ACC-0118,WH-01,2,74.4,Online Payment,2.5,True,False
ORD-0004234,2023-01-09,CUST-008981,South,PRD-0134,Home & Kitchen,ACC-0185,WH-01,3,353.37,Online Payment,2.7,True,False
ORD-0004235,2023-01-09,CUST-015030,West,PRD-0138,Sports & Outdoor,ACC-0031,WH-05,1,106.92,Wallet Credit,3.1,True,False
ORD-0004236,2023-01-09,CUST-029862,North,PRD-0031,Home Appliances,ACC-0072,WH-02,3,346.53,Cash on Delivery,3.3,True,False
ORD-0004237,2023-01-09,CUST-000996,North,PRD-0123,Home & Kitchen,ACC-0199,WH-02,1,82.38,Wallet Credit,2.8,True,False
ORD-0004238,2023-01-09,CUST-030504,Central,PRD-0009,Mobile & Tablet,ACC-0064,WH-01,1,546.26,Installment Plan,2.0,True,False
ORD-0004239,2023-01-09,CUST-014040,Central,PRD-0091,Digital Goods,ACC-0026,WH-01,1,18.22,Online Payment,2.1,True,False
ORD-0004240,2023-01-09,CUST-015692,Central,PRD-0052,Beauty & Health,ACC-0258,WH-01,1,50.83,Cash on Delivery,2.2,True,False
ORD-0004241,2023-01-09,CUST-008578,East,PRD-0131,Home & Kitchen,ACC-0043,WH-04,2,204.22,Online Payment,3.7,True,False
ORD-0004242,2023-01-09,CUST-029318,North,PRD-0105,Grocery & Gourmet,ACC-0154,WH-02,1,25.18,Online Payment,4.1,False,False
ORD-0004243,2023-01-09,CUST-009336,Central,PRD-0042,Fashion & Apparel,ACC-0016,WH-01,1,94.22,Cash on Delivery,2.1,True,True
ORD-0004244,2023-01-09,CUST-018542,Central,PRD-0061,Beauty & Health,ACC-0187,WH-01,3,39.45,Online Payment,2.2,True,False
ORD-0004245,2023-01-09,CUST-032059,North,PRD-0128,Home & Kitchen,ACC-0228,WH-02,1,95.86,Wallet Credit,2.8,True,False
ORD-0004246,2023-01-09,CUST-032918,South,PRD-0040,Fashion & Apparel,ACC-0050,WH-03,1,35.59,Online Payment,3.3,True,True
ORD-0004247,2023-01-09,CUST-001859,North,PRD-0128,Home & Kitchen,ACC-0157,WH-02,1,95.86,Online Payment,2.9,True,False
ORD-0004248,2023-01-09,CUST-009075,South,PRD-0043,Fashion & Apparel,ACC-0158,WH-03,1,53.32,Online Payment,3.1,True,False
ORD-0004249,2023-01-09,CUST-033061,Central,PRD-0035,Fashion & Apparel,ACC-0198,WH-01,1,90.56,Online Payment,2.0,True,False
ORD-0004250,2023-01-09,CUST-015127,Central,PRD-0066,Beauty & Health,ACC-0077,WH-01,1,57.2,Online Payment,3.3,False,False
ORD-0004251,2023-01-09,CUST-017032,North,PRD-0047,Fashion & Apparel,ACC-0214,WH-02,2,156.18,Cash on Delivery,3.2,True,True
ORD-0004252,2023-01-09,CUST-003908,Central,PRD-0114,Grocery & Gourmet,ACC-0052,WH-01,1,30.24,Cash on Delivery,2.4,True,False
ORD-0004253,2023-01-09,CUST-006605,Central,PRD-0055,Beauty & Health,ACC-0041,WH-01,1,61.54,Installment Plan,2.4,True,False
ORD-0004254,2023-01-09,CUST-019748,Central,PRD-0140,Sports & Outdoor,ACC-0175,WH-01,1,45.43,Online Payment,1.8,True,False
ORD-0004255,2023-01-09,CUST-033493,West,PRD-0043,Fashion & Apparel,ACC-0157,WH-05,2,106.64,Wallet Credit,3.1,True,False
ORD-0004256,2023-01-09,CUST-020520,South,PRD-0071,Books & Media,ACC-0136,WH-01,1,7.91,Online Payment,2.0,True,False
ORD-0004257,2023-01-09,CUST-019220,Central,PRD-0031,Home Appliances,ACC-0130,WH-01,1,115.51,Cash on Delivery,2.3,True,False
ORD-0004258,2023-01-09,CUST-019719,North,PRD-0127,Home & Kitchen,ACC-0003,WH-02,1,113.98,Installment Plan,2.8,True,False
ORD-0004259,2023-01-09,CUST-013648,Central,PRD-0001,Mobile & Tablet,ACC-0031,WH-01,1,214.68,Installment Plan,2.8,True,False
ORD-0004260,2023-01-09,CUST-013109,Central,PRD-0018,Home Appliances,ACC-0180,WH-01,1,305.22,Online Payment,2.6,True,False
ORD-0004261,2023-01-09,CUST-024719,North,PRD-0123,Home & Kitchen,ACC-0251,WH-02,1,82.38,Cash on Delivery,3.3,True,False
ORD-0004262,2023-01-09,CUST-029460,East,PRD-0047,Fashion & Apparel,ACC-0117,WH-04,2,156.18,Cash on Delivery,3.5,True,False
ORD-0004263,2023-01-09,CUST-029477,North,PRD-0018,Home Appliances,ACC-0033,WH-02,3,915.66,Online Payment,3.0,True,False
ORD-0004264,2023-01-09,CUST-002477,Central,PRD-0114,Grocery & Gourmet,ACC-0211,WH-01,1,30.24,Installment Plan,1.9,True,False
ORD-0004265,2023-01-09,CUST-014650,East,PRD-0003,Mobile & Tablet,ACC-0177,WH-04,3,679.59,Online Payment,3.3,True,False
ORD-0004266,2023-01-09,CUST-031329,East,PRD-0085,Books & Media,ACC-0025,WH-04,1,6.87,Cash on Delivery,3.9,True,False
ORD-0004267,2023-01-09,CUST-009093,Central,PRD-0047,Fashion & Apparel,ACC-0096,WH-01,3,234.27,Installment Plan,2.1,True,True
ORD-0004268,2023-01-09,CUST-015051,South,PRD-0037,Fashion & Apparel,ACC-0107,WH-03,1,25.53,Online Payment,4.6,False,False
ORD-0004269,2023-01-09,CUST-002415,North,PRD-0120,Home & Kitchen,ACC-0009,WH-02,1,72.26,Cash on Delivery,2.6,True,False
ORD-0004270,2023-01-09,CUST-003756,Central,PRD-0092,Digital Goods,ACC-0009,WH-01,1,19.67,Online Payment,2.4,True,False
ORD-0004271,2023-01-09,CUST-030460,South,PRD-0051,Fashion & Apparel,ACC-0069,WH-03,1,29.63,Wallet Credit,3.6,True,False
ORD-0004272,2023-01-09,CUST-030211,South,PRD-0140,Sports & Outdoor,ACC-0167,WH-03,1,45.43,Wallet Credit,3.0,True,False
ORD-0004273,2023-01-09,CUST-026614,West,PRD-0140,Sports & Outdoor,ACC-0027,WH-05,2,90.86,Online Payment,3.9,True,False
ORD-0004274,2023-01-09,CUST-017205,South,PRD-0046,Fashion & Apparel,ACC-0098,WH-03,3,113.55,Cash on Delivery,3.3,True,False
ORD-0004275,2023-01-09,CUST-018218,South,PRD-0066,Beauty & Health,ACC-0100,WH-03,2,114.4,Cash on Delivery,3.3,True,False
ORD-0004276,2023-01-09,CUST-008482,Central,PRD-0028,Home Appliances,ACC-0126,WH-01,1,499.88,Wallet Credit,2.0,True,False
ORD-0004277,2023-01-09,CUST-029020,Central,PRD-0112,Grocery & Gourmet,ACC-0157,WH-01,1,13.56,Online Payment,3.7,False,False
ORD-0004278,2023-01-09,CUST-033416,Central,PRD-0038,Fashion & Apparel,ACC-0036,WH-01,1,41.73,Online Payment,2.7,True,False
ORD-0004279,2023-01-09,CUST-013812,Central,PRD-0001,Mobile & Tablet,ACC-0013,WH-01,3,644.04,Online Payment,2.0,True,False
ORD-0004280,2023-01-09,CUST-035386,Central,PRD-0048,Fashion & Apparel,ACC-0221,WH-01,3,214.74,Cash on Delivery,2.3,True,False
ORD-0004281,2023-01-09,CUST-018000,Central,PRD-0064,Beauty & Health,ACC-0215,WH-01,1,28.94,Online Payment,2.7,True,False
ORD-0004282,2023-01-09,CUST-020520,South,PRD-0019,Home Appliances,ACC-0217,WH-03,1,419.13,Online Payment,3.3,True,False
ORD-0004283,2023-01-09,CUST-002626,Central,PRD-0066,Beauty & Health,ACC-0113,WH-01,1,57.2,Online Payment,2.7,True,False
ORD-0004284,2023-01-09,CUST-019454,South,PRD-0069,Books & Media,ACC-0229,WH-03,3,59.79,Installment Plan,4.0,True,False
ORD-0004285,2023-01-09,CUST-035670,Central,PRD-0037,Fashion & Apparel,ACC-0101,WH-01,1,25.53,Installment Plan,2.0,True,False
ORD-0004286,2023-01-09,CUST-032813,North,PRD-0089,Digital Goods,ACC-0200,WH-02,3,109.26,Wallet Credit,4.2,False,False
ORD-0004287,2023-01-09,CUST-020509,Central,PRD-0035,Fashion & Apparel,ACC-0090,WH-01,2,181.12,Online Payment,2.7,True,False
ORD-0004288,2023-01-09,CUST-018935,South,PRD-0071,Books & Media,ACC-0157,WH-03,1,7.91,Installment Plan,3.0,True,False
ORD-0004289,2023-01-09,CUST-025151,Central,PRD-0101,Digital Goods,ACC-0246,WH-01,2,38.46,Online Payment,2.7,True,False
ORD-0004290,2023-01-09,CUST-025693,Central,PRD-0060,Beauty & Health,ACC-0144,WH-01,1,41.99,Installment Plan,2.9,True,False
ORD-0004291,2023-01-09,CUST-018513,West,PRD-0133,Home & Kitchen,ACC-0084,WH-05,2,222.7,Wallet Credit,3.3,True,False
ORD-0004292,2023-01-09,CUST-035148,East,PRD-0099,Digital Goods,ACC-0089,WH-04,1,23.27,Online Payment,3.2,True,False
ORD-0004293,2023-01-09,CUST-010099,West,PRD-0059,Beauty & Health,ACC-0077,WH-05,1,36.31,Online Payment,3.5,True,False
ORD-0004294,2023-01-09,CUST-004186,West,PRD-0098,Digital Goods,ACC-0005,WH-05,2,60.12,Installment Plan,3.9,True,False
ORD-0004295,2023-01-09,CUST-025345,West,PRD-0027,Home Appliances,ACC-0001,WH-05,2,259.16,Installment Plan,3.6,True,False
ORD-0004296,2023-01-09,CUST-033655,East,PRD-0078,Books & Media,ACC-0124,WH-04,2,35.76,Online Payment,3.1,True,False
ORD-0004297,2023-01-09,CUST-028067,West,PRD-0100,Digital Goods,ACC-0153,WH-05,3,32.13,Cash on Delivery,3.3,True,False
ORD-0004298,2023-01-09,CUST-021246,East,PRD-0122,Home & Kitchen,ACC-0012,WH-04,1,60.21,Wallet Credit,4.3,False,False
ORD-0004299,2023-01-09,CUST-026394,Central,PRD-0019,Home Appliances,ACC-0256,WH-01,3,1257.39,Cash on Delivery,2.2,True,False
ORD-0004300,2023-01-09,CUST-033145,North,PRD-0123,Home & Kitchen,ACC-0232,WH-02,2,164.76,Installment Plan,3.0,True,False
ORD-0004301,2023-01-09,CUST-030960,East,PRD-0003,Mobile & Tablet,ACC-0033,WH-04,2,453.06,Wallet Credit,3.3,True,False
ORD-0004302,2023-01-09,CUST-005367,North,PRD-0111,Grocery & Gourmet,ACC-0161,WH-02,1,48.04,Installment Plan,4.0,True,True
ORD-0004303,2023-01-09,CUST-022810,North,PRD-0049,Fashion & Apparel,ACC-0115,WH-01,3,243.81,Wallet Credit,3.1,False,False
ORD-0004304,2023-01-09,CUST-029899,North,PRD-0113,Grocery & Gourmet,ACC-0040,WH-02,3,51.03,Wallet Credit,3.8,True,False
ORD-0004305,2023-01-09,CUST-004201,East,PRD-0099,Digital Goods,ACC-0101,WH-04,1,23.27,Wallet Credit,3.3,True,True
ORD-0004306,2023-01-09,CUST-020097,North,PRD-0060,Beauty & Health,ACC-0151,WH-02,3,125.97,Online Payment,3.6,True,False
ORD-0004307,2023-01-09,CUST-030011,West,PRD-0015,Mobile & Tablet,ACC-0043,WH-05,2,1333.62,Cash on Delivery,3.6,True,False
ORD-0004308,2023-01-09,CUST-022946,Central,PRD-0021,Home Appliances,ACC-0220,WH-01,1,119.48,Online Payment,1.9,True,False
ORD-0004309,2023-01-09,CUST-014974,Central,PRD-0071,Books & Media,ACC-0257,WH-01,1,7.91,Online Payment,3.9,False,False
ORD-0004310,2023-01-09,CUST-006891,South,PRD-0118,Grocery & Gourmet,ACC-0142,WH-03,2,94.48,Online Payment,3.6,True,False
ORD-0004311,2023-01-09,CUST-004546,South,PRD-0033,Home Appliances,ACC-0128,WH-03,2,899.94,Online Payment,3.2,True,False
ORD-0004312,2023-01-09,CUST-009638,North,PRD-0144,Sports & Outdoor,ACC-0084,WH-02,3,218.04,Online Payment,3.0,True,False
ORD-0004313,2023-01-09,CUST-002501,North,PRD-0035,Fashion & Apparel,ACC-0171,WH-02,1,90.56,Online Payment,2.8,True,False
ORD-0004314,2023-01-09,CUST-008561,South,PRD-0064,Beauty & Health,ACC-0100,WH-03,1,28.94,Cash on Delivery,3.1,True,False
ORD-0004315,2023-01-09,CUST-002714,North,PRD-0116,Grocery & Gourmet,ACC-0006,WH-02,1,39.14,Installment Plan,2.6,True,False
ORD-0004316,2023-01-09,CUST-024895,West,PRD-0078,Books & Media,ACC-0062,WH-05,1,17.88,Online Payment,3.5,True,False
ORD-0004317,2023-01-09,CUST-015988,North,PRD-0111,Grocery & Gourmet,ACC-0215,WH-02,1,48.04,Online Payment,2.7,True,False
ORD-0004318,2023-01-09,CUST-021451,North,PRD-0129,Home & Kitchen,ACC-0215,WH-02,1,37.2,Online Payment,3.1,True,False
ORD-0004319,2023-01-09,CUST-026001,Central,PRD-0016,Mobile & Tablet,ACC-0060,WH-01,3,1265.55,Online Payment,2.5,True,False
ORD-0004320,2023-01-09,CUST-033662,West,PRD-0111,Grocery & Gourmet,ACC-0026,WH-05,1,48.04,Online Payment,3.8,True,False
ORD-0004321,2023-01-09,CUST-013382,North,PRD-0136,Home & Kitchen,ACC-0053,WH-02,2,80.26,Cash on Delivery,4.1,False,False
ORD-0004322,2023-01-09,CUST-014557,Central,PRD-0102,Digital Goods,ACC-0101,WH-01,2,54.54,Online Payment,2.4,True,False
ORD-0004323,2023-01-09,CUST-026554,Central,PRD-0020,Home Appliances,ACC-0048,WH-01,2,1051.74,Installment Plan,2.8,True,False
ORD-0004324,2023-01-09,CUST-013587,Central,PRD-0080,Books & Media,ACC-0258,WH-01,1,12.52,Online Payment,2.2,True,False
ORD-0004325,2023-01-09,CUST-013951,West,PRD-0144,Sports & Outdoor,ACC-0143,WH-01,1,72.68,Online Payment,2.6,True,False
ORD-0004326,2023-01-09,CUST-014762,South,PRD-0087,Digital Goods,ACC-0090,WH-03,1,12.22,Online Payment,3.6,True,False
ORD-0004327,2023-01-09,CUST-000512,Central,PRD-0122,Home & Kitchen,ACC-0118,WH-01,1,60.21,Installment Plan,2.2,True,False
ORD-0004328,2023-01-09,CUST-033394,West,PRD-0069,Books & Media,ACC-0003,WH-05,1,19.93,Online Payment,3.9,True,False
ORD-0004329,2023-01-09,CUST-035536,Central,PRD-0027,Home Appliances,ACC-0050,WH-01,2,259.16,Wallet Credit,3.2,False,False
ORD-0004330,2023-01-09,CUST-029306,West,PRD-0048,Fashion & Apparel,ACC-0207,WH-05,3,214.74,Wallet Credit,3.1,True,True
ORD-0004331,2023-01-09,CUST-032519,Central,PRD-0083,Books & Media,ACC-0062,WH-01,2,38.68,Wallet Credit,2.0,True,False
ORD-0004332,2023-01-09,CUST-017465,North,PRD-0007,Mobile & Tablet,ACC-0015,WH-02,3,1624.98,Cash on Delivery,2.7,True,False
ORD-0004333,2023-01-09,CUST-028444,East,PRD-0016,Mobile & Tablet,ACC-0225,WH-04,2,843.7,Installment Plan,3.4,True,False
ORD-0004334,2023-01-09,CUST-003836,West,PRD-0130,Home & Kitchen,ACC-0076,WH-05,3,91.68,Installment Plan,3.1,True,False
ORD-0004335,2023-01-09,CUST-004229,South,PRD-0032,Home Appliances,ACC-0221,WH-03,3,966.69,Wallet Credit,4.0,True,False
ORD-0004336,2023-01-09,CUST-016100,West,PRD-0024,Home Appliances,ACC-0158,WH-05,1,262.8,Online Payment,4.1,False,False
ORD-0004337,2023-01-09,CUST-033394,West,PRD-0125,Home & Kitchen,ACC-0191,WH-05,1,108.61,Online Payment,3.6,True,False
ORD-0004338,2023-01-09,CUST-010649,North,PRD-0096,Digital Goods,ACC-0240,WH-02,1,25.53,Online Payment,3.6,True,False
ORD-0004339,2023-01-09,CUST-011456,West,PRD-0136,Home & Kitchen,ACC-0221,WH-05,1,40.13,Wallet Credit,4.6,False,False
ORD-0004340,2023-01-09,CUST-011527,East,PRD-0097,Digital Goods,ACC-0020,WH-04,1,25.18,Online Payment,3.3,True,False
ORD-0004341,2023-01-09,CUST-019609,South,PRD-0119,Grocery & Gourmet,ACC-0212,WH-01,1,15.1,Online Payment,2.0,True,False
ORD-0004342,2023-01-09,CUST-015777,North,PRD-0080,Books & Media,ACC-0058,WH-02,1,12.52,Online Payment,2.7,True,False
ORD-0004343,2023-01-09,CUST-020496,South,PRD-0084,Books & Media,ACC-0215,WH-03,2,20.72,Online Payment,3.2,True,False
ORD-0004344,2023-01-09,CUST-028794,South,PRD-0120,Home & Kitchen,ACC-0233,WH-03,3,216.78,Online Payment,4.0,True,False
ORD-0004345,2023-01-09,CUST-021091,South,PRD-0104,Grocery & Gourmet,ACC-0143,WH-01,1,14.26,Cash on Delivery,2.1,True,False
ORD-0004346,2023-01-09,CUST-034534,South,PRD-0013,Mobile & Tablet,ACC-0255,WH-03,1,352.2,Online Payment,2.7,True,False
ORD-0004347,2023-01-09,CUST-006576,Central,PRD-0038,Fashion & Apparel,ACC-0145,WH-01,1,41.73,Online Payment,2.3,True,False
ORD-0004348,2023-01-09,CUST-013962,East,PRD-0015,Mobile & Tablet,ACC-0098,WH-04,2,1333.62,Online Payment,3.5,True,False
ORD-0004349,2023-01-09,CUST-029443,Central,PRD-0059,Beauty & Health,ACC-0190,WH-01,2,72.62,Wallet Credit,1.8,True,False
ORD-0004350,2023-01-09,CUST-015857,Central,PRD-0069,Books & Media,ACC-0218,WH-01,1,19.93,Online Payment,2.1,True,False
ORD-0004351,2023-01-09,CUST-032521,West,PRD-0063,Beauty & Health,ACC-0207,WH-05,2,55.14,Cash on Delivery,3.8,True,False
ORD-0004352,2023-01-09,CUST-024392,South,PRD-0109,Grocery & Gourmet,ACC-0139,WH-03,2,22.96,Online Payment,3.3,True,False
ORD-0004353,2023-01-09,CUST-008921,North,PRD-0082,Books & Media,ACC-0130,WH-02,3,41.31,Wallet Credit,3.8,True,False
ORD-0004354,2023-01-09,CUST-005197,East,PRD-0045,Fashion & Apparel,ACC-0101,WH-04,1,23.46,Online Payment,4.1,False,True
ORD-0004355,2023-01-09,CUST-029829,West,PRD-0004,Mobile & Tablet,ACC-0189,WH-01,1,179.1,Cash on Delivery,2.6,True,False
ORD-0004356,2023-01-09,CUST-004088,Central,PRD-0049,Fashion & Apparel,ACC-0144,WH-01,1,81.27,Online Payment,2.1,True,False
ORD-0004357,2023-01-09,CUST-017054,East,PRD-0150,Sports & Outdoor,ACC-0165,WH-04,1,72.49,Online Payment,3.2,True,False
ORD-0004358,2023-01-09,CUST-003206,South,PRD-0120,Home & Kitchen,ACC-0023,WH-03,1,72.26,Online Payment,3.0,True,False
ORD-0004359,2023-01-09,CUST-020126,South,PRD-0111,Grocery & Gourmet,ACC-0082,WH-03,1,48.04,Online Payment,3.8,True,False
ORD-0004360,2023-01-09,CUST-019754,East,PRD-0071,Books & Media,ACC-0194,WH-04,1,7.91,Cash on Delivery,4.6,False,False
ORD-0004361,2023-01-09,CUST-001869,South,PRD-0036,Fashion & Apparel,ACC-0229,WH-03,2,166.44,Cash on Delivery,2.8,True,False
ORD-0004362,2023-01-09,CUST-021483,South,PRD-0114,Grocery & Gourmet,ACC-0175,WH-03,2,60.48,Cash on Delivery,3.0,True,False
ORD-0004363,2023-01-09,CUST-003419,South,PRD-0137,Sports & Outdoor,ACC-0021,WH-03,3,330.96,Installment Plan,3.5,True,True
ORD-0004364,2023-01-09,CUST-013534,East,PRD-0081,Books & Media,ACC-0135,WH-04,1,11.07,Online Payment,3.5,True,False
ORD-0004365,2023-01-09,CUST-006390,South,PRD-0125,Home & Kitchen,ACC-0026,WH-01,2,217.22,Installment Plan,1.9,True,False
ORD-0004366,2023-01-09,CUST-025225,West,PRD-0009,Mobile & Tablet,ACC-0064,WH-05,2,1092.52,Online Payment,3.5,True,False
ORD-0004367,2023-01-09,CUST-028909,Central,PRD-0071,Books & Media,ACC-0258,WH-01,2,15.82,Cash on Delivery,2.3,True,False
ORD-0004368,2023-01-09,CUST-022506,East,PRD-0152,Sports & Outdoor,ACC-0035,WH-04,1,54.78,Online Payment,3.3,True,False
ORD-0004369,2023-01-09,CUST-029876,South,PRD-0051,Fashion & Apparel,ACC-0056,WH-03,1,29.63,Wallet Credit,3.4,True,False
ORD-0004370,2023-01-09,CUST-024489,Central,PRD-0114,Grocery & Gourmet,ACC-0154,WH-01,1,30.24,Installment Plan,2.1,True,False
ORD-0004371,2023-01-09,CUST-003379,South,PRD-0136,Home & Kitchen,ACC-0094,WH-01,2,80.26,Online Payment,1.8,True,False
ORD-0004372,2023-01-09,CUST-016652,North,PRD-0006,Mobile & Tablet,ACC-0012,WH-01,2,723.64,Online Payment,2.0,True,False
ORD-0004373,2023-01-09,CUST-022783,West,PRD-0117,Grocery & Gourmet,ACC-0102,WH-05,3,74.58,Wallet Credit,3.9,True,False
ORD-0004374,2023-01-09,CUST-000818,North,PRD-0031,Home Appliances,ACC-0246,WH-02,1,115.51,Wallet Credit,3.0,True,False
ORD-0004375,2023-01-09,CUST-014831,Central,PRD-0048,Fashion & Apparel,ACC-0199,WH-01,1,71.58,Cash on Delivery,2.7,True,True
ORD-0004376,2023-01-09,CUST-032475,Central,PRD-0084,Books & Media,ACC-0252,WH-01,2,20.72,Online Payment,2.2,True,False
ORD-0004377,2023-01-09,CUST-031972,West,PRD-0119,Grocery & Gourmet,ACC-0006,WH-05,2,30.2,Online Payment,3.7,True,False
ORD-0004378,2023-01-09,CUST-022512,North,PRD-0023,Home Appliances,ACC-0187,WH-02,2,1056.14,Cash on Delivery,2.4,True,False
ORD-0004379,2023-01-09,CUST-004931,South,PRD-0072,Books & Media,ACC-0019,WH-03,1,5.87,Cash on Delivery,3.7,True,False
ORD-0004380,2023-01-09,CUST-026165,South,PRD-0052,Beauty & Health,ACC-0117,WH-03,1,50.83,Online Payment,2.9,True,False
ORD-0004381,2023-01-09,CUST-009611,South,PRD-0083,Books & Media,ACC-0125,WH-03,1,19.34,Online Payment,3.1,True,False
ORD-0004382,2023-01-09,CUST-029769,Central,PRD-0090,Digital Goods,ACC-0192,WH-01,1,16.88,Online Payment,2.1,True,False
ORD-0004383,2023-01-09,CUST-033387,East,PRD-0084,Books & Media,ACC-0113,WH-04,1,10.36,Online Payment,4.3,False,False
ORD-0004384,2023-01-09,CUST-019776,Central,PRD-0153,Sports & Outdoor,ACC-0222,WH-01,3,241.74,Wallet Credit,2.0,True,False
ORD-0004385,2023-01-09,CUST-023837,North,PRD-0112,Grocery & Gourmet,ACC-0150,WH-02,2,27.12,Online Payment,3.3,True,False
ORD-0004386,2023-01-09,CUST-021688,West,PRD-0027,Home Appliances,ACC-0084,WH-05,2,259.16,Online Payment,3.4,True,False
ORD-0004387,2023-01-09,CUST-010206,West,PRD-0136,Home & Kitchen,ACC-0047,WH-05,1,40.13,Cash on Delivery,5.4,False,False
ORD-0004388,2023-01-09,CUST-026225,East,PRD-0116,Grocery & Gourmet,ACC-0248,WH-04,1,39.14,Installment Plan,3.6,True,False
ORD-0004389,2023-01-09,CUST-007345,North,PRD-0043,Fashion & Apparel,ACC-0158,WH-02,2,106.64,Wallet Credit,2.7,True,False
ORD-0004390,2023-01-09,CUST-020094,Central,PRD-0012,Mobile & Tablet,ACC-0139,WH-01,1,474.88,Online Payment,2.6,True,False
ORD-0004391,2023-01-09,CUST-034894,Central,PRD-0065,Beauty & Health,ACC-0175,WH-01,3,81.27,Online Payment,1.9,True,False
ORD-0004392,2023-01-09,CUST-007660,East,PRD-0140,Sports & Outdoor,ACC-0143,WH-04,2,90.86,Online Payment,3.1,True,False
ORD-0004393,2023-01-09,CUST-024001,North,PRD-0135,Home & Kitchen,ACC-0230,WH-01,1,88.67,Cash on Delivery,2.3,True,False
ORD-0004394,2023-01-09,CUST-032992,South,PRD-0145,Sports & Outdoor,ACC-0255,WH-03,2,59.58,Online Payment,3.1,True,False
ORD-0004395,2023-01-09,CUST-000343,North,PRD-0009,Mobile & Tablet,ACC-0162,WH-02,1,546.26,Online Payment,2.6,True,False
ORD-0004396,2023-01-09,CUST-014491,Central,PRD-0084,Books & Media,ACC-0154,WH-01,1,10.36,Cash on Delivery,2.3,True,False
ORD-0004397,2023-01-09,CUST-012681,West,PRD-0065,Beauty & Health,ACC-0010,WH-01,1,27.09,Online Payment,2.1,True,False
ORD-0004398,2023-01-09,CUST-008038,West,PRD-0120,Home & Kitchen,ACC-0160,WH-05,1,72.26,Online Payment,3.0,True,False
ORD-0004399,2023-01-09,CUST-029962,South,PRD-0106,Grocery & Gourmet,ACC-0243,WH-03,2,57.16,Cash on Delivery,3.2,True,False
ORD-0004400,2023-01-09,CUST-028332,Central,PRD-0084,Books & Media,ACC-0141,WH-01,2,20.72,Cash on Delivery,3.0,True,False
ORD-0004401,2023-01-09,CUST-008262,Central,PRD-0014,Mobile & Tablet,ACC-0226,WH-01,1,280.0,Cash on Delivery,2.2,True,False
ORD-0004402,2023-01-09,CUST-001778,North,PRD-0038,Fashion & Apparel,ACC-0139,WH-02,3,125.19,Installment Plan,3.2,True,False
ORD-0004403,2023-01-09,CUST-020212,Central,PRD-0093,Digital Goods,ACC-0081,WH-01,2,71.2,Wallet Credit,2.3,True,True
ORD-0004404,2023-01-09,CUST-021017,West,PRD-0082,Books & Media,ACC-0187,WH-05,1,13.77,Online Payment,3.2,True,False
ORD-0004405,2023-01-09,CUST-015562,Central,PRD-0003,Mobile & Tablet,ACC-0022,WH-01,2,453.06,Online Payment,2.2,True,False
ORD-0004406,2023-01-09,CUST-033731,North,PRD-0064,Beauty & Health,ACC-0154,WH-02,3,86.82,Online Payment,3.2,True,False
ORD-0004407,2023-01-09,CUST-005752,Central,PRD-0033,Home Appliances,ACC-0106,WH-01,1,449.97,Online Payment,2.2,True,False
ORD-0004408,2023-01-09,CUST-003080,West,PRD-0012,Mobile & Tablet,ACC-0125,WH-01,1,474.88,Online Payment,3.1,False,False
ORD-0004409,2023-01-09,CUST-004544,Central,PRD-0091,Digital Goods,ACC-0175,WH-01,1,18.22,Cash on Delivery,2.1,True,False
ORD-0004410,2023-01-09,CUST-016216,South,PRD-0119,Grocery & Gourmet,ACC-0089,WH-03,2,30.2,Online Payment,2.8,True,False
ORD-0004411,2023-01-09,CUST-023308,Central,PRD-0084,Books & Media,ACC-0096,WH-01,3,31.08,Online Payment,2.4,True,False
ORD-0004412,2023-01-09,CUST-024907,North,PRD-0003,Mobile & Tablet,ACC-0203,WH-02,3,679.59,Installment Plan,2.9,True,False
ORD-0004413,2023-01-09,CUST-006260,South,PRD-0038,Fashion & Apparel,ACC-0221,WH-03,1,41.73,Wallet Credit,4.1,False,False
ORD-0004414,2023-01-09,CUST-001859,North,PRD-0051,Fashion & Apparel,ACC-0249,WH-02,1,29.63,Online Payment,2.8,True,False
ORD-0004415,2023-01-09,CUST-024064,West,PRD-0006,Mobile & Tablet,ACC-0251,WH-05,1,361.82,Cash on Delivery,3.2,True,False
ORD-0004416,2023-01-09,CUST-015733,North,PRD-0039,Fashion & Apparel,ACC-0113,WH-02,1,57.95,Online Payment,3.1,True,False
ORD-0004417,2023-01-09,CUST-020079,North,PRD-0002,Mobile & Tablet,ACC-0097,WH-02,1,504.12,Online Payment,3.8,True,False
ORD-0004418,2023-01-09,CUST-002143,Central,PRD-0105,Grocery & Gourmet,ACC-0082,WH-01,1,25.18,Online Payment,2.1,True,False
ORD-0004419,2023-01-09,CUST-005671,Central,PRD-0002,Mobile & Tablet,ACC-0125,WH-01,1,504.12,Wallet Credit,2.9,True,False
ORD-0004420,2023-01-09,CUST-030513,West,PRD-0088,Digital Goods,ACC-0255,WH-05,3,97.8,Installment Plan,3.1,True,False
ORD-0004421,2023-01-09,CUST-033396,Central,PRD-0125,Home & Kitchen,ACC-0188,WH-01,2,217.22,Online Payment,2.2,True,False
ORD-0004422,2023-01-09,CUST-019900,North,PRD-0147,Sports & Outdoor,ACC-0027,WH-01,1,131.3,Wallet Credit,2.5,True,False
ORD-0004423,2023-01-09,CUST-001140,North,PRD-0135,Home & Kitchen,ACC-0019,WH-02,3,266.01,Wallet Credit,3.4,True,False
ORD-0004424,2023-01-09,CUST-025789,West,PRD-0006,Mobile & Tablet,ACC-0233,WH-05,1,361.82,Wallet Credit,4.0,True,False
ORD-0004425,2023-01-09,CUST-013338,Central,PRD-0128,Home & Kitchen,ACC-0257,WH-01,1,95.86,Cash on Delivery,2.7,True,False
ORD-0004426,2023-01-09,CUST-025033,East,PRD-0152,Sports & Outdoor,ACC-0207,WH-01,1,54.78,Online Payment,2.2,True,False
ORD-0004427,2023-01-10,CUST-009376,Central,PRD-0037,Fashion & Apparel,ACC-0077,WH-01,1,25.53,Cash on Delivery,2.3,True,False
ORD-0004428,2023-01-10,CUST-020002,Central,PRD-0106,Grocery & Gourmet,ACC-0187,WH-01,1,28.58,Online Payment,1.7,True,False
ORD-0004429,2023-01-10,CUST-011515,East,PRD-0130,Home & Kitchen,ACC-0141,WH-04,3,91.68,Online Payment,5.1,False,False
ORD-0004430,2023-01-10,CUST-016649,Central,PRD-0059,Beauty & Health,ACC-0055,WH-01,1,36.31,Wallet Credit,2.4,True,False
ORD-0004431,2023-01-10,CUST-031888,North,PRD-0055,Beauty & Health,ACC-0234,WH-02,2,123.08,Online Payment,2.8,True,False
ORD-0004432,2023-01-10,CUST-013327,East,PRD-0067,Beauty & Health,ACC-0079,WH-04,2,31.08,Online Payment,4.6,False,False
ORD-0004433,2023-01-10,CUST-009991,West,PRD-0130,Home & Kitchen,ACC-0043,WH-05,1,30.56,Wallet Credit,2.9,True,False
ORD-0004434,2023-01-10,CUST-021408,East,PRD-0114,Grocery & Gourmet,ACC-0195,WH-04,3,90.72,Wallet Credit,4.2,False,False
ORD-0004435,2023-01-10,CUST-006200,Central,PRD-0040,Fashion & Apparel,ACC-0095,WH-01,1,35.59,Cash on Delivery,2.6,True,False
ORD-0004436,2023-01-10,CUST-035148,East,PRD-0089,Digital Goods,ACC-0031,WH-04,1,36.42,Online Payment,3.4,True,False
ORD-0004437,2023-01-10,CUST-019932,Central,PRD-0026,Home Appliances,ACC-0198,WH-01,1,319.15,Online Payment,4.8,False,False
ORD-0004438,2023-01-10,CUST-012071,East,PRD-0012,Mobile & Tablet,ACC-0255,WH-04,2,949.76,Online Payment,3.2,True,False
ORD-0004439,2023-01-10,CUST-012551,South,PRD-0083,Books & Media,ACC-0084,WH-03,3,58.02,Wallet Credit,2.7,True,False
ORD-0004440,2023-01-10,CUST-032643,North,PRD-0071,Books & Media,ACC-0006,WH-02,1,7.91,Cash on Delivery,2.6,True,False
ORD-0004441,2023-01-10,CUST-030766,South,PRD-0136,Home & Kitchen,ACC-0028,WH-03,3,120.39,Wallet Credit,4.1,False,False
ORD-0004442,2023-01-10,CUST-011440,East,PRD-0072,Books & Media,ACC-0124,WH-04,2,11.74,Online Payment,3.6,True,False
ORD-0004443,2023-01-10,CUST-012989,Central,PRD-0019,Home Appliances,ACC-0118,WH-01,3,1257.39,Cash on Delivery,2.0,True,False
ORD-0004444,2023-01-10,CUST-028975,North,PRD-0049,Fashion & Apparel,ACC-0022,WH-02,3,243.81,Wallet Credit,2.9,True,False
ORD-0004445,2023-01-10,CUST-034775,West,PRD-0001,Mobile & Tablet,ACC-0089,WH-05,1,214.68,Online Payment,3.5,True,False
ORD-0004446,2023-01-10,CUST-032643,North,PRD-0090,Digital Goods,ACC-0133,WH-02,2,33.76,Online Payment,3.2,True,False
ORD-0004447,2023-01-10,CUST-000043,Central,PRD-0088,Digital Goods,ACC-0227,WH-01,2,65.2,Online Payment,2.8,True,False
ORD-0004448,2023-01-10,CUST-015701,Central,PRD-0032,Home Appliances,ACC-0254,WH-01,1,322.23,Online Payment,1.8,True,False
ORD-0004449,2023-01-10,CUST-001641,North,PRD-0073,Books & Media,ACC-0031,WH-02,3,60.96,Wallet Credit,2.8,True,False
ORD-0004450,2023-01-10,CUST-025302,West,PRD-0031,Home Appliances,ACC-0077,WH-05,2,231.02,Cash on Delivery,3.4,True,False
ORD-0004451,2023-01-10,CUST-000520,Central,PRD-0060,Beauty & Health,ACC-0182,WH-01,1,41.99,Wallet Credit,2.7,True,False
ORD-0004452,2023-01-10,CUST-021840,South,PRD-0027,Home Appliances,ACC-0210,WH-03,3,388.74,Online Payment,3.4,True,False
ORD-0004453,2023-01-10,CUST-032759,Central,PRD-0124,Home & Kitchen,ACC-0158,WH-01,1,26.46,Cash on Delivery,3.1,False,False
ORD-0004454,2023-01-10,CUST-009690,East,PRD-0089,Digital Goods,ACC-0144,WH-04,1,36.42,Cash on Delivery,3.2,True,False
ORD-0004455,2023-01-10,CUST-028329,South,PRD-0021,Home Appliances,ACC-0173,WH-03,3,358.44,Online Payment,3.6,True,False
ORD-0004456,2023-01-10,CUST-008041,Central,PRD-0148,Sports & Outdoor,ACC-0089,WH-01,2,271.1,Cash on Delivery,2.8,True,False
ORD-0004457,2023-01-10,CUST-004601,Central,PRD-0107,Grocery & Gourmet,ACC-0063,WH-01,1,29.08,Cash on Delivery,2.4,True,False
ORD-0004458,2023-01-10,CUST-023622,South,PRD-0019,Home Appliances,ACC-0215,WH-03,3,1257.39,Wallet Credit,3.0,True,False
ORD-0004459,2023-01-10,CUST-012765,West,PRD-0120,Home & Kitchen,ACC-0006,WH-05,3,216.78,Installment Plan,3.3,True,False
ORD-0004460,2023-01-10,CUST-015030,West,PRD-0067,Beauty & Health,ACC-0138,WH-05,1,15.54,Wallet Credit,3.6,True,False
ORD-0004461,2023-01-10,CUST-010326,Central,PRD-0142,Sports & Outdoor,ACC-0196,WH-01,1,83.17,Online Payment,3.9,False,False
ORD-0004462,2023-01-10,CUST-005769,West,PRD-0003,Mobile & Tablet,ACC-0155,WH-05,3,679.59,Online Payment,3.9,True,False
ORD-0004463,2023-01-10,CUST-000016,South,PRD-0127,Home & Kitchen,ACC-0122,WH-03,3,341.94,Cash on Delivery,3.0,True,False
ORD-0004464,2023-01-10,CUST-018021,East,PRD-0023,Home Appliances,ACC-0071,WH-04,1,528.07,Cash on Delivery,3.5,True,False
ORD-0004465,2023-01-10,CUST-000786,West,PRD-0143,Sports & Outdoor,ACC-0246,WH-05,3,137.07,Cash on Delivery,3.6,True,False
ORD-0004466,2023-01-10,CUST-028908,North,PRD-0076,Books & Media,ACC-0247,WH-02,1,7.78,Wallet Credit,3.1,True,False
ORD-0004467,2023-01-10,CUST-026932,North,PRD-0026,Home Appliances,ACC-0137,WH-02,1,319.15,Wallet Credit,3.4,True,False
ORD-0004468,2023-01-10,CUST-025572,East,PRD-0082,Books & Media,ACC-0187,WH-04,1,13.77,Cash on Delivery,3.3,True,False
ORD-0004469,2023-01-10,CUST-030609,North,PRD-0143,Sports & Outdoor,ACC-0112,WH-01,2,91.38,Cash on Delivery,2.8,True,False
ORD-0004470,2023-01-10,CUST-003967,North,PRD-0146,Sports & Outdoor,ACC-0063,WH-02,1,94.23,Installment Plan,3.9,True,False
ORD-0004471,2023-01-10,CUST-030310,West,PRD-0005,Mobile & Tablet,ACC-0002,WH-01,2,1432.76,Online Payment,2.5,True,False
ORD-0004472,2023-01-10,CUST-028709,Central,PRD-0124,Home & Kitchen,ACC-0226,WH-01,1,26.46,Cash on Delivery,2.5,True,False
ORD-0004473,2023-01-10,CUST-026759,North,PRD-0133,Home & Kitchen,ACC-0216,WH-02,2,222.7,Online Payment,2.7,True,False
ORD-0004474,2023-01-10,CUST-012472,Central,PRD-0140,Sports & Outdoor,ACC-0110,WH-01,2,90.86,Online Payment,2.5,True,True
ORD-0004475,2023-01-10,CUST-025636,South,PRD-0131,Home & Kitchen,ACC-0190,WH-03,1,102.11,Wallet Credit,3.0,True,False
ORD-0004476,2023-01-10,CUST-025644,East,PRD-0111,Grocery & Gourmet,ACC-0012,WH-04,3,144.12,Installment Plan,3.5,True,False
ORD-0004477,2023-01-10,CUST-013951,West,PRD-0026,Home Appliances,ACC-0096,WH-05,1,319.15,Online Payment,4.1,False,True
ORD-0004478,2023-01-10,CUST-012472,Central,PRD-0091,Digital Goods,ACC-0077,WH-01,1,18.22,Online Payment,2.7,True,False
ORD-0004479,2023-01-10,CUST-030236,South,PRD-0090,Digital Goods,ACC-0229,WH-03,1,16.88,Online Payment,4.2,False,False
ORD-0004480,2023-01-10,CUST-015986,East,PRD-0124,Home & Kitchen,ACC-0123,WH-01,2,52.92,Cash on Delivery,2.1,True,False
ORD-0004481,2023-01-10,CUST-026405,South,PRD-0054,Beauty & Health,ACC-0009,WH-03,1,29.31,Cash on Delivery,3.5,True,False
ORD-0004482,2023-01-10,CUST-006229,North,PRD-0046,Fashion & Apparel,ACC-0249,WH-02,2,75.7,Online Payment,2.7,True,False
ORD-0004483,2023-01-10,CUST-003882,North,PRD-0092,Digital Goods,ACC-0066,WH-02,1,19.67,Online Payment,2.7,True,False
ORD-0004484,2023-01-10,CUST-012160,North,PRD-0111,Grocery & Gourmet,ACC-0033,WH-02,1,48.04,Online Payment,4.2,False,False
ORD-0004485,2023-01-10,CUST-008653,West,PRD-0078,Books & Media,ACC-0013,WH-05,1,17.88,Installment Plan,4.8,False,False
ORD-0004486,2023-01-10,CUST-022051,West,PRD-0028,Home Appliances,ACC-0151,WH-05,2,999.76,Wallet Credit,3.7,True,False
ORD-0004487,2023-01-10,CUST-005625,South,PRD-0010,Mobile & Tablet,ACC-0088,WH-03,1,635.84,Online Payment,3.1,True,False
ORD-0004488,2023-01-10,CUST-002290,Central,PRD-0121,Home & Kitchen,ACC-0175,WH-01,3,81.9,Cash on Delivery,1.9,True,False
ORD-0004489,2023-01-10,CUST-034919,North,PRD-0083,Books & Media,ACC-0221,WH-02,1,19.34,Installment Plan,3.5,True,False
ORD-0004490,2023-01-10,CUST-016355,East,PRD-0049,Fashion & Apparel,ACC-0001,WH-04,1,81.27,Cash on Delivery,3.8,True,False
ORD-0004491,2023-01-10,CUST-015591,North,PRD-0011,Mobile & Tablet,ACC-0013,WH-02,2,1472.64,Wallet Credit,3.5,True,False
ORD-0004492,2023-01-10,CUST-009615,South,PRD-0083,Books & Media,ACC-0010,WH-03,1,19.34,Installment Plan,3.3,True,False
ORD-0004493,2023-01-10,CUST-002581,West,PRD-0124,Home & Kitchen,ACC-0144,WH-01,3,79.38,Wallet Credit,2.3,True,False
ORD-0004494,2023-01-10,CUST-014274,South,PRD-0065,Beauty & Health,ACC-0086,WH-03,1,27.09,Online Payment,3.2,True,False
ORD-0004495,2023-01-10,CUST-013102,North,PRD-0021,Home Appliances,ACC-0117,WH-02,1,119.48,Cash on Delivery,3.2,True,False
ORD-0004496,2023-01-10,CUST-034578,North,PRD-0119,Grocery & Gourmet,ACC-0043,WH-02,1,15.1,Online Payment,2.5,True,False
ORD-0004497,2023-01-10,CUST-014733,South,PRD-0075,Books & Media,ACC-0195,WH-03,1,21.86,Wallet Credit,3.7,True,False
ORD-0004498,2023-01-10,CUST-008105,South,PRD-0046,Fashion & Apparel,ACC-0179,WH-03,1,37.85,Wallet Credit,2.9,True,False
ORD-0004499,2023-01-10,CUST-005254,South,PRD-0081,Books & Media,ACC-0019,WH-03,1,11.07,Online Payment,3.1,True,False
ORD-0004500,2023-01-10,CUST-031613,South,PRD-0067,Beauty & Health,ACC-0063,WH-01,1,15.54,Online Payment,2.1,True,False
ORD-0004501,2023-01-10,CUST-001952,East,PRD-0062,Beauty & Health,ACC-0037,WH-01,2,78.38,Online Payment,2.1,True,False
ORD-0004502,2023-01-10,CUST-028186,East,PRD-0118,Grocery & Gourmet,ACC-0001,WH-04,1,47.24,Cash on Delivery,3.0,True,False
ORD-0004503,2023-01-10,CUST-020052,North,PRD-0131,Home & Kitchen,ACC-0249,WH-02,3,306.33,Online Payment,3.0,True,False
ORD-0004504,2023-01-10,CUST-014763,South,PRD-0031,Home Appliances,ACC-0034,WH-03,2,231.02,Online Payment,3.2,True,False
ORD-0004505,2023-01-10,CUST-011944,West,PRD-0116,Grocery & Gourmet,ACC-0013,WH-05,1,39.14,Installment Plan,3.1,True,False
ORD-0004506,2023-01-10,CUST-014358,Central,PRD-0044,Fashion & Apparel,ACC-0009,WH-01,3,235.41,Wallet Credit,1.8,True,False
ORD-0004507,2023-01-10,CUST-028508,Central,PRD-0070,Books & Media,ACC-0109,WH-01,2,44.44,Online Payment,2.0,True,False
ORD-0004508,2023-01-10,CUST-024526,Central,PRD-0090,Digital Goods,ACC-0098,WH-01,2,33.76,Cash on Delivery,2.2,True,False
ORD-0004509,2023-01-10,CUST-022059,South,PRD-0095,Digital Goods,ACC-0188,WH-03,1,32.57,Online Payment,3.5,True,False
ORD-0004510,2023-01-10,CUST-029024,East,PRD-0003,Mobile & Tablet,ACC-0187,WH-04,2,453.06,Online Payment,3.2,True,False
ORD-0004511,2023-01-10,CUST-006603,South,PRD-0056,Beauty & Health,ACC-0100,WH-03,2,47.02,Online Payment,2.7,True,False
ORD-0004512,2023-01-10,CUST-001587,North,PRD-0114,Grocery & Gourmet,ACC-0195,WH-02,3,90.72,Cash on Delivery,2.9,True,False
ORD-0004513,2023-01-10,CUST-004088,Central,PRD-0020,Home Appliances,ACC-0008,WH-01,1,525.87,Cash on Delivery,2.4,True,True
ORD-0004514,2023-01-10,CUST-006266,North,PRD-0065,Beauty & Health,ACC-0009,WH-02,2,54.18,Online Payment,4.0,True,False
ORD-0004515,2023-01-10,CUST-026506,North,PRD-0062,Beauty & Health,ACC-0006,WH-02,1,39.19,Online Payment,3.8,True,False
ORD-0004516,2023-01-10,CUST-012765,West,PRD-0006,Mobile & Tablet,ACC-0079,WH-05,3,1085.46,Online Payment,3.7,True,False
ORD-0004517,2023-01-10,CUST-035150,West,PRD-0091,Digital Goods,ACC-0052,WH-05,3,54.66,Online Payment,3.7,True,False
ORD-0004518,2023-01-10,CUST-028186,East,PRD-0044,Fashion & Apparel,ACC-0047,WH-04,1,78.47,Online Payment,3.2,True,False
ORD-0004519,2023-01-10,CUST-034216,West,PRD-0001,Mobile & Tablet,ACC-0190,WH-05,2,429.36,Cash on Delivery,3.4,True,False
ORD-0004520,2023-01-10,CUST-015457,North,PRD-0091,Digital Goods,ACC-0020,WH-02,2,36.44,Installment Plan,2.9,True,False
ORD-0004521,2023-01-10,CUST-010948,Central,PRD-0102,Digital Goods,ACC-0187,WH-01,1,27.27,Online Payment,2.2,True,False
ORD-0004522,2023-01-10,CUST-023559,East,PRD-0139,Sports & Outdoor,ACC-0100,WH-04,3,235.59,Online Payment,3.8,True,False
ORD-0004523,2023-01-10,CUST-030891,West,PRD-0114,Grocery & Gourmet,ACC-0149,WH-05,2,60.48,Cash on Delivery,3.4,True,False
ORD-0004524,2023-01-10,CUST-032826,North,PRD-0059,Beauty & Health,ACC-0214,WH-02,1,36.31,Online Payment,4.3,False,False
ORD-0004525,2023-01-10,CUST-014173,Central,PRD-0138,Sports & Outdoor,ACC-0094,WH-01,1,106.92,Wallet Credit,2.1,True,False
ORD-0004526,2023-01-10,CUST-015181,Central,PRD-0129,Home & Kitchen,ACC-0148,WH-01,2,74.4,Online Payment,2.5,True,False
ORD-0004527,2023-01-10,CUST-017588,Central,PRD-0069,Books & Media,ACC-0096,WH-01,1,19.93,Online Payment,2.1,True,False
ORD-0004528,2023-01-10,CUST-008798,Central,PRD-0111,Grocery & Gourmet,ACC-0192,WH-01,3,144.12,Online Payment,3.3,False,False
ORD-0004529,2023-01-10,CUST-012155,East,PRD-0133,Home & Kitchen,ACC-0035,WH-04,2,222.7,Cash on Delivery,3.2,True,False
ORD-0004530,2023-01-10,CUST-013429,Central,PRD-0048,Fashion & Apparel,ACC-0088,WH-01,1,71.58,Online Payment,1.7,True,False
ORD-0004531,2023-01-10,CUST-002490,South,PRD-0085,Books & Media,ACC-0117,WH-03,1,6.87,Online Payment,4.3,False,False
ORD-0004532,2023-01-10,CUST-032337,Central,PRD-0079,Books & Media,ACC-0258,WH-01,1,9.98,Wallet Credit,2.7,True,False
ORD-0004533,2023-01-10,CUST-005103,East,PRD-0021,Home Appliances,ACC-0255,WH-01,1,119.48,Cash on Delivery,2.0,True,False
ORD-0004534,2023-01-10,CUST-025278,North,PRD-0046,Fashion & Apparel,ACC-0153,WH-02,2,75.7,Online Payment,2.9,True,False
ORD-0004535,2023-01-10,CUST-025463,South,PRD-0125,Home & Kitchen,ACC-0051,WH-03,2,217.22,Cash on Delivery,3.3,True,False
ORD-0004536,2023-01-10,CUST-030129,South,PRD-0080,Books & Media,ACC-0099,WH-03,2,25.04,Online Payment,2.9,True,False
ORD-0004537,2023-01-10,CUST-009962,West,PRD-0130,Home & Kitchen,ACC-0092,WH-05,1,30.56,Cash on Delivery,4.3,False,False
ORD-0004538,2023-01-10,CUST-011505,East,PRD-0097,Digital Goods,ACC-0136,WH-04,2,50.36,Online Payment,3.5,True,False
ORD-0004539,2023-01-10,CUST-017559,West,PRD-0070,Books & Media,ACC-0196,WH-05,1,22.22,Online Payment,4.3,False,False
ORD-0004540,2023-01-10,CUST-021818,West,PRD-0035,Fashion & Apparel,ACC-0091,WH-05,1,90.56,Cash on Delivery,4.4,False,False
ORD-0004541,2023-01-10,CUST-006009,Central,PRD-0121,Home & Kitchen,ACC-0249,WH-01,1,27.3,Wallet Credit,1.9,True,False
ORD-0004542,2023-01-10,CUST-034949,North,PRD-0050,Fashion & Apparel,ACC-0160,WH-02,1,30.13,Cash on Delivery,2.6,True,False
ORD-0004543,2023-01-10,CUST-014641,Central,PRD-0113,Grocery & Gourmet,ACC-0053,WH-01,1,17.01,Online Payment,1.8,True,False
ORD-0004544,2023-01-10,CUST-030100,East,PRD-0018,Home Appliances,ACC-0094,WH-04,3,915.66,Wallet Credit,3.2,True,False
ORD-0004545,2023-01-10,CUST-003300,Central,PRD-0146,Sports & Outdoor,ACC-0233,WH-01,3,282.69,Online Payment,2.2,True,False
ORD-0004546,2023-01-10,CUST-000562,North,PRD-0110,Grocery & Gourmet,ACC-0244,WH-02,2,94.78,Online Payment,3.3,True,False
ORD-0004547,2023-01-10,CUST-019602,Central,PRD-0107,Grocery & Gourmet,ACC-0215,WH-01,3,87.24,Online Payment,2.3,True,False
ORD-0004548,2023-01-10,CUST-032208,Central,PRD-0029,Home Appliances,ACC-0131,WH-01,2,496.96,Online Payment,2.3,True,False
ORD-0004549,2023-01-10,CUST-022327,South,PRD-0056,Beauty & Health,ACC-0229,WH-01,1,23.51,Cash on Delivery,1.9,True,False
ORD-0004550,2023-01-10,CUST-026759,North,PRD-0116,Grocery & Gourmet,ACC-0243,WH-02,2,78.28,Wallet Credit,3.6,True,False
ORD-0004551,2023-01-10,CUST-024912,Central,PRD-0130,Home & Kitchen,ACC-0013,WH-01,1,30.56,Online Payment,1.9,True,False
ORD-0004552,2023-01-10,CUST-005671,Central,PRD-0120,Home & Kitchen,ACC-0199,WH-01,2,144.52,Online Payment,2.6,True,False
ORD-0004553,2023-01-10,CUST-007595,North,PRD-0118,Grocery & Gourmet,ACC-0133,WH-02,1,47.24,Online Payment,3.0,True,False
ORD-0004554,2023-01-10,CUST-008917,Central,PRD-0108,Grocery & Gourmet,ACC-0205,WH-01,2,31.16,Online Payment,2.6,True,False
ORD-0004555,2023-01-10,CUST-016652,North,PRD-0095,Digital Goods,ACC-0220,WH-02,2,65.14,Cash on Delivery,2.7,True,False
ORD-0004556,2023-01-10,CUST-006326,North,PRD-0025,Home Appliances,ACC-0046,WH-02,2,357.6,Online Payment,3.1,True,False
ORD-0004557,2023-01-10,CUST-029862,North,PRD-0131,Home & Kitchen,ACC-0063,WH-02,2,204.22,Installment Plan,2.9,True,False
ORD-0004558,2023-01-10,CUST-032674,South,PRD-0042,Fashion & Apparel,ACC-0091,WH-03,1,94.22,Cash on Delivery,3.1,True,False
ORD-0004559,2023-01-10,CUST-008593,South,PRD-0064,Beauty & Health,ACC-0222,WH-01,3,86.82,Online Payment,2.0,True,False
ORD-0004560,2023-01-10,CUST-035441,West,PRD-0135,Home & Kitchen,ACC-0089,WH-05,2,177.34,Online Payment,3.8,True,False
ORD-0004561,2023-01-10,CUST-034904,West,PRD-0068,Beauty & Health,ACC-0042,WH-05,1,59.75,Cash on Delivery,4.3,False,False
ORD-0004562,2023-01-10,CUST-018816,Central,PRD-0087,Digital Goods,ACC-0157,WH-01,3,36.66,Online Payment,2.2,True,False
ORD-0004563,2023-01-10,CUST-000729,West,PRD-0115,Grocery & Gourmet,ACC-0229,WH-05,1,18.91,Online Payment,3.1,True,False
ORD-0004564,2023-01-10,CUST-026113,Central,PRD-0089,Digital Goods,ACC-0065,WH-01,1,36.42,Online Payment,2.0,True,False
ORD-0004565,2023-01-10,CUST-005687,Central,PRD-0091,Digital Goods,ACC-0125,WH-01,2,36.44,Wallet Credit,4.1,False,False
ORD-0004566,2023-01-10,CUST-020275,South,PRD-0119,Grocery & Gourmet,ACC-0096,WH-03,1,15.1,Online Payment,2.8,True,False
ORD-0004567,2023-01-10,CUST-003348,South,PRD-0008,Mobile & Tablet,ACC-0254,WH-03,2,440.88,Installment Plan,4.6,False,False
ORD-0004568,2023-01-10,CUST-028530,East,PRD-0018,Home Appliances,ACC-0134,WH-04,2,610.44,Wallet Credit,3.7,True,False
ORD-0004569,2023-01-10,CUST-023201,Central,PRD-0001,Mobile & Tablet,ACC-0247,WH-01,1,214.68,Wallet Credit,2.7,True,False
ORD-0004570,2023-01-10,CUST-006333,Central,PRD-0075,Books & Media,ACC-0224,WH-01,1,21.86,Cash on Delivery,1.8,True,False
ORD-0004571,2023-01-10,CUST-026396,East,PRD-0065,Beauty & Health,ACC-0233,WH-04,1,27.09,Online Payment,3.3,True,False
ORD-0004572,2023-01-10,CUST-003683,North,PRD-0078,Books & Media,ACC-0133,WH-02,2,35.76,Wallet Credit,3.1,True,False
ORD-0004573,2023-01-10,CUST-008619,West,PRD-0143,Sports & Outdoor,ACC-0034,WH-05,2,91.38,Online Payment,3.7,True,False
ORD-0004574,2023-01-10,CUST-019634,Central,PRD-0017,Mobile & Tablet,ACC-0203,WH-01,2,373.74,Online Payment,2.0,True,False
ORD-0004575,2023-01-10,CUST-017885,South,PRD-0013,Mobile & Tablet,ACC-0236,WH-03,3,1056.6,Online Payment,3.5,True,False
ORD-0004576,2023-01-10,CUST-032969,East,PRD-0098,Digital Goods,ACC-0157,WH-04,1,30.06,Wallet Credit,3.8,True,False
ORD-0004577,2023-01-10,CUST-022738,East,PRD-0002,Mobile & Tablet,ACC-0234,WH-04,2,1008.24,Installment Plan,3.3,True,False
ORD-0004578,2023-01-10,CUST-015366,West,PRD-0011,Mobile & Tablet,ACC-0113,WH-05,1,736.32,Online Payment,4.3,False,False
ORD-0004579,2023-01-10,CUST-024284,South,PRD-0045,Fashion & Apparel,ACC-0091,WH-03,1,23.46,Online Payment,3.4,True,False
ORD-0004580,2023-01-10,CUST-015656,Central,PRD-0074,Books & Media,ACC-0177,WH-01,2,42.44,Online Payment,3.1,False,False
ORD-0004581,2023-01-10,CUST-020468,South,PRD-0149,Sports & Outdoor,ACC-0205,WH-03,2,163.76,Online Payment,2.9,True,True
ORD-0004582,2023-01-10,CUST-015071,Central,PRD-0011,Mobile & Tablet,ACC-0194,WH-01,2,1472.64,Wallet Credit,1.9,True,True
ORD-0004583,2023-01-10,CUST-000960,East,PRD-0073,Books & Media,ACC-0012,WH-04,1,20.32,Online Payment,3.4,True,False
ORD-0004584,2023-01-10,CUST-028186,East,PRD-0069,Books & Media,ACC-0229,WH-04,1,19.93,Online Payment,3.1,True,False
ORD-0004585,2023-01-10,CUST-008927,East,PRD-0048,Fashion & Apparel,ACC-0032,WH-04,1,71.58,Online Payment,3.4,True,False
ORD-0004586,2023-01-10,CUST-021351,West,PRD-0122,Home & Kitchen,ACC-0026,WH-05,1,60.21,Online Payment,3.7,True,False
ORD-0004587,2023-01-10,CUST-011983,South,PRD-0083,Books & Media,ACC-0229,WH-03,1,19.34,Cash on Delivery,5.2,False,True
ORD-0004588,2023-01-10,CUST-026989,North,PRD-0118,Grocery & Gourmet,ACC-0072,WH-01,2,94.48,Wallet Credit,2.1,True,False
ORD-0004589,2023-01-10,CUST-035994,West,PRD-0040,Fashion & Apparel,ACC-0006,WH-05,1,35.59,Online Payment,3.0,True,True
ORD-0004590,2023-01-10,CUST-006508,East,PRD-0066,Beauty & Health,ACC-0055,WH-04,1,57.2,Installment Plan,3.1,True,False
ORD-0004591,2023-01-10,CUST-033567,West,PRD-0059,Beauty & Health,ACC-0187,WH-05,3,108.93,Cash on Delivery,3.3,True,False
ORD-0004592,2023-01-10,CUST-022476,Central,PRD-0014,Mobile & Tablet,ACC-0036,WH-01,1,280.0,Installment Plan,1.8,True,False
ORD-0004593,2023-01-10,CUST-018837,North,PRD-0142,Sports & Outdoor,ACC-0255,WH-02,2,166.34,Online Payment,2.5,True,False
ORD-0004594,2023-01-10,CUST-012682,Central,PRD-0094,Digital Goods,ACC-0091,WH-01,2,62.66,Online Payment,2.2,True,False
ORD-0004595,2023-01-10,CUST-032358,Central,PRD-0054,Beauty & Health,ACC-0053,WH-01,2,58.62,Installment Plan,2.8,True,False
ORD-0004596,2023-01-10,CUST-006639,Central,PRD-0134,Home & Kitchen,ACC-0130,WH-01,1,117.79,Wallet Credit,2.6,True,False
ORD-0004597,2023-01-10,CUST-023675,Central,PRD-0040,Fashion & Apparel,ACC-0091,WH-01,1,35.59,Online Payment,1.9,True,False
ORD-0004598,2023-01-10,CUST-033261,West,PRD-0081,Books & Media,ACC-0064,WH-05,1,11.07,Online Payment,3.6,True,False
ORD-0004599,2023-01-10,CUST-013640,West,PRD-0042,Fashion & Apparel,ACC-0001,WH-01,2,188.44,Cash on Delivery,2.0,True,False
ORD-0004600,2023-01-10,CUST-001785,Central,PRD-0076,Books & Media,ACC-0224,WH-01,2,15.56,Cash on Delivery,2.3,True,False
ORD-0004601,2023-01-10,CUST-033448,East,PRD-0106,Grocery & Gourmet,ACC-0052,WH-04,1,28.58,Online Payment,3.0,True,False
ORD-0004602,2023-01-10,CUST-018166,Central,PRD-0047,Fashion & Apparel,ACC-0187,WH-01,1,78.09,Installment Plan,2.1,True,False
ORD-0004603,2023-01-10,CUST-026454,West,PRD-0107,Grocery & Gourmet,ACC-0111,WH-05,1,29.08,Online Payment,3.4,True,False
ORD-0004604,2023-01-10,CUST-000085,South,PRD-0098,Digital Goods,ACC-0102,WH-03,3,90.18,Installment Plan,3.0,True,False
ORD-0004605,2023-01-10,CUST-023943,Central,PRD-0034,Home Appliances,ACC-0111,WH-01,1,132.98,Online Payment,2.0,True,False
ORD-0004606,2023-01-10,CUST-025178,West,PRD-0046,Fashion & Apparel,ACC-0160,WH-05,1,37.85,Online Payment,3.3,True,False
ORD-0004607,2023-01-10,CUST-032006,Central,PRD-0037,Fashion & Apparel,ACC-0016,WH-01,1,25.53,Online Payment,2.0,True,False
ORD-0004608,2023-01-10,CUST-033566,North,PRD-0004,Mobile & Tablet,ACC-0125,WH-01,2,358.2,Online Payment,2.1,True,False
ORD-0004609,2023-01-10,CUST-001185,East,PRD-0048,Fashion & Apparel,ACC-0016,WH-04,1,71.58,Wallet Credit,3.4,True,False
ORD-0004610,2023-01-10,CUST-023027,East,PRD-0089,Digital Goods,ACC-0215,WH-04,1,36.42,Online Payment,3.6,True,False
ORD-0004611,2023-01-10,CUST-023977,Central,PRD-0116,Grocery & Gourmet,ACC-0099,WH-01,1,39.14,Online Payment,2.1,True,False
ORD-0004612,2023-01-10,CUST-021845,Central,PRD-0119,Grocery & Gourmet,ACC-0215,WH-01,3,45.3,Cash on Delivery,2.3,True,False
ORD-0004613,2023-01-10,CUST-024089,South,PRD-0124,Home & Kitchen,ACC-0021,WH-03,2,52.92,Cash on Delivery,3.2,True,False
ORD-0004614,2023-01-10,CUST-010468,Central,PRD-0064,Beauty & Health,ACC-0048,WH-01,2,57.88,Cash on Delivery,2.6,True,False
ORD-0004615,2023-01-10,CUST-006422,South,PRD-0031,Home Appliances,ACC-0120,WH-03,1,115.51,Online Payment,3.8,True,False
ORD-0004616,2023-01-10,CUST-029909,Central,PRD-0092,Digital Goods,ACC-0202,WH-01,1,19.67,Online Payment,2.1,True,False
ORD-0004617,2023-01-10,CUST-029264,Central,PRD-0056,Beauty & Health,ACC-0138,WH-01,1,23.51,Cash on Delivery,2.7,True,False
ORD-0004618,2023-01-10,CUST-009093,Central,PRD-0138,Sports & Outdoor,ACC-0220,WH-01,3,320.76,Online Payment,2.6,True,False
ORD-0004619,2023-01-10,CUST-021311,South,PRD-0148,Sports & Outdoor,ACC-0144,WH-03,1,135.55,Online Payment,3.3,True,False
ORD-0004620,2023-01-10,CUST-009296,West,PRD-0116,Grocery & Gourmet,ACC-0246,WH-05,1,39.14,Wallet Credit,3.8,True,False
ORD-0004621,2023-01-10,CUST-007194,Central,PRD-0108,Grocery & Gourmet,ACC-0175,WH-01,2,31.16,Online Payment,2.4,True,False
ORD-0004622,2023-01-10,CUST-023956,South,PRD-0082,Books & Media,ACC-0162,WH-03,3,41.31,Online Payment,2.9,True,False
ORD-0004623,2023-01-10,CUST-015857,Central,PRD-0044,Fashion & Apparel,ACC-0048,WH-01,1,78.47,Cash on Delivery,2.7,True,False
ORD-0004624,2023-01-10,CUST-021745,Central,PRD-0063,Beauty & Health,ACC-0022,WH-01,1,27.57,Online Payment,2.3,True,False
ORD-0004625,2023-01-10,CUST-023110,Central,PRD-0091,Digital Goods,ACC-0177,WH-01,1,18.22,Online Payment,2.3,True,False
ORD-0004626,2023-01-10,CUST-020460,Central,PRD-0110,Grocery & Gourmet,ACC-0076,WH-01,1,47.39,Cash on Delivery,2.7,True,False
ORD-0004627,2023-01-10,CUST-017101,South,PRD-0094,Digital Goods,ACC-0234,WH-03,1,31.33,Online Payment,3.1,True,False
ORD-0004628,2023-01-10,CUST-007659,West,PRD-0036,Fashion & Apparel,ACC-0145,WH-01,3,249.66,Installment Plan,2.2,True,False
ORD-0004629,2023-01-10,CUST-005307,South,PRD-0069,Books & Media,ACC-0215,WH-03,1,19.93,Online Payment,3.5,True,False
ORD-0004630,2023-01-10,CUST-027983,South,PRD-0115,Grocery & Gourmet,ACC-0230,WH-03,1,18.91,Online Payment,3.6,True,False
ORD-0004631,2023-01-10,CUST-032122,Central,PRD-0136,Home & Kitchen,ACC-0006,WH-01,3,120.39,Cash on Delivery,2.4,True,False
ORD-0004632,2023-01-10,CUST-009501,East,PRD-0071,Books & Media,ACC-0139,WH-04,1,7.91,Online Payment,3.8,True,False
ORD-0004633,2023-01-10,CUST-003938,West,PRD-0066,Beauty & Health,ACC-0109,WH-05,2,114.4,Wallet Credit,3.7,True,False
ORD-0004634,2023-01-10,CUST-010434,Central,PRD-0085,Books & Media,ACC-0250,WH-01,3,20.61,Online Payment,1.7,True,True
ORD-0004635,2023-01-10,CUST-024103,West,PRD-0106,Grocery & Gourmet,ACC-0218,WH-05,1,28.58,Online Payment,4.0,True,False
ORD-0004636,2023-01-10,CUST-012925,Central,PRD-0078,Books & Media,ACC-0134,WH-01,2,35.76,Installment Plan,2.8,True,False
ORD-0004637,2023-01-10,CUST-024891,Central,PRD-0082,Books & Media,ACC-0212,WH-01,3,41.31,Installment Plan,2.2,True,False
ORD-0004638,2023-01-10,CUST-007431,Central,PRD-0050,Fashion & Apparel,ACC-0133,WH-01,1,30.13,Online Payment,2.1,True,False
ORD-0004639,2023-01-10,CUST-016538,Central,PRD-0047,Fashion & Apparel,ACC-0099,WH-01,3,234.27,Installment Plan,2.3,True,False
ORD-0004640,2023-01-10,CUST-016693,West,PRD-0056,Beauty & Health,ACC-0255,WH-05,3,70.53,Online Payment,3.2,True,False
ORD-0004641,2023-01-10,CUST-020866,West,PRD-0060,Beauty & Health,ACC-0194,WH-05,1,41.99,Installment Plan,3.9,True,False
ORD-0004642,2023-01-10,CUST-005839,North,PRD-0030,Home Appliances,ACC-0051,WH-02,2,291.52,Online Payment,4.1,False,False
ORD-0004643,2023-01-10,CUST-025137,South,PRD-0011,Mobile & Tablet,ACC-0255,WH-03,1,736.32,Online Payment,3.5,True,False
ORD-0004644,2023-01-10,CUST-013601,Central,PRD-0058,Beauty & Health,ACC-0006,WH-01,1,43.27,Cash on Delivery,2.3,True,False
ORD-0004645,2023-01-10,CUST-011505,East,PRD-0104,Grocery & Gourmet,ACC-0204,WH-04,1,14.26,Online Payment,3.7,True,True
ORD-0004646,2023-01-10,CUST-010360,Central,PRD-0135,Home & Kitchen,ACC-0202,WH-01,3,266.01,Cash on Delivery,2.7,True,False
ORD-0004647,2023-01-10,CUST-019030,North,PRD-0045,Fashion & Apparel,ACC-0166,WH-02,3,70.38,Online Payment,3.0,True,True
ORD-0004648,2023-01-10,CUST-027793,South,PRD-0031,Home Appliances,ACC-0088,WH-03,1,115.51,Online Payment,3.4,True,False
ORD-0004649,2023-01-10,CUST-024766,Central,PRD-0087,Digital Goods,ACC-0062,WH-01,1,12.22,Installment Plan,3.2,False,False
ORD-0004650,2023-01-10,CUST-024866,East,PRD-0061,Beauty & Health,ACC-0130,WH-01,2,26.3,Cash on Delivery,2.7,True,False
ORD-0004651,2023-01-10,CUST-034126,South,PRD-0034,Home Appliances,ACC-0065,WH-03,1,132.98,Installment Plan,3.2,True,False
ORD-0004652,2023-01-10,CUST-030209,North,PRD-0057,Beauty & Health,ACC-0043,WH-02,1,14.27,Online Payment,2.8,True,False
ORD-0004653,2023-01-10,CUST-033321,Central,PRD-0030,Home Appliances,ACC-0186,WH-01,3,437.28,Online Payment,2.6,True,False
ORD-0004654,2023-01-10,CUST-000612,Central,PRD-0026,Home Appliances,ACC-0113,WH-01,1,319.15,Online Payment,2.2,True,False
ORD-0004655,2023-01-10,CUST-027372,South,PRD-0093,Digital Goods,ACC-0049,WH-03,2,71.2,Installment Plan,3.6,True,False
ORD-0004656,2023-01-10,CUST-007657,North,PRD-0088,Digital Goods,ACC-0015,WH-01,1,32.6,Wallet Credit,2.2,True,False
ORD-0004657,2023-01-10,CUST-021670,Central,PRD-0001,Mobile & Tablet,ACC-0221,WH-01,1,214.68,Online Payment,2.3,True,False
ORD-0004658,2023-01-10,CUST-014800,East,PRD-0096,Digital Goods,ACC-0242,WH-04,1,25.53,Cash on Delivery,4.4,False,False
ORD-0004659,2023-01-10,CUST-032618,Central,PRD-0084,Books & Media,ACC-0143,WH-01,2,20.72,Wallet Credit,2.6,True,False
ORD-0004660,2023-01-10,CUST-018935,South,PRD-0141,Sports & Outdoor,ACC-0157,WH-03,3,134.07,Online Payment,3.4,True,False
ORD-0004661,2023-01-10,CUST-029602,South,PRD-0062,Beauty & Health,ACC-0049,WH-03,2,78.38,Online Payment,3.2,True,False
ORD-0004662,2023-01-10,CUST-024063,Central,PRD-0038,Fashion & Apparel,ACC-0088,WH-01,2,83.46,Wallet Credit,2.1,True,False
ORD-0004663,2023-01-10,CUST-028551,Central,PRD-0019,Home Appliances,ACC-0183,WH-01,2,838.26,Online Payment,2.2,True,False
ORD-0004664,2023-01-10,CUST-027741,Central,PRD-0113,Grocery & Gourmet,ACC-0230,WH-01,3,51.03,Online Payment,2.0,True,False
ORD-0004665,2023-01-10,CUST-011362,West,PRD-0026,Home Appliances,ACC-0168,WH-01,3,957.45,Online Payment,3.1,False,False
ORD-0004666,2023-01-10,CUST-010613,North,PRD-0138,Sports & Outdoor,ACC-0160,WH-02,2,213.84,Online Payment,3.8,True,False
ORD-0004667,2023-01-10,CUST-000731,Central,PRD-0018,Home Appliances,ACC-0093,WH-01,1,305.22,Online Payment,2.6,True,False
ORD-0004668,2023-01-10,CUST-010266,South,PRD-0107,Grocery & Gourmet,ACC-0204,WH-03,2,58.16,Installment Plan,2.9,True,False
ORD-0004669,2023-01-10,CUST-027625,Central,PRD-0140,Sports & Outdoor,ACC-0101,WH-01,2,90.86,Online Payment,2.7,True,False
ORD-0004670,2023-01-10,CUST-032059,North,PRD-0072,Books & Media,ACC-0135,WH-02,2,11.74,Installment Plan,2.7,True,False
ORD-0004671,2023-01-10,CUST-034982,West,PRD-0032,Home Appliances,ACC-0202,WH-05,2,644.46,Cash on Delivery,4.2,False,False
ORD-0004672,2023-01-10,CUST-031054,Central,PRD-0001,Mobile & Tablet,ACC-0230,WH-01,2,429.36,Wallet Credit,2.0,True,False
ORD-0004673,2023-01-10,CUST-007169,North,PRD-0009,Mobile & Tablet,ACC-0013,WH-02,1,546.26,Installment Plan,2.8,True,False
ORD-0004674,2023-01-10,CUST-028414,West,PRD-0072,Books & Media,ACC-0009,WH-05,2,11.74,Cash on Delivery,4.1,False,False
ORD-0004675,2023-01-10,CUST-001785,Central,PRD-0010,Mobile & Tablet,ACC-0221,WH-01,1,635.84,Installment Plan,2.8,True,False
ORD-0004676,2023-01-10,CUST-023176,North,PRD-0119,Grocery & Gourmet,ACC-0055,WH-02,3,45.3,Wallet Credit,2.9,True,False
ORD-0004677,2023-01-10,CUST-032140,South,PRD-0039,Fashion & Apparel,ACC-0063,WH-03,2,115.9,Cash on Delivery,3.2,True,False
ORD-0004678,2023-01-10,CUST-002876,Central,PRD-0094,Digital Goods,ACC-0246,WH-01,2,62.66,Online Payment,2.2,True,False
ORD-0004679,2023-01-10,CUST-008392,South,PRD-0063,Beauty & Health,ACC-0075,WH-03,3,82.71,Wallet Credit,2.9,True,False
ORD-0004680,2023-01-10,CUST-014784,East,PRD-0089,Digital Goods,ACC-0088,WH-04,2,72.84,Online Payment,3.5,True,False
ORD-0004681,2023-01-10,CUST-005599,South,PRD-0013,Mobile & Tablet,ACC-0241,WH-03,1,352.2,Online Payment,3.5,True,False
ORD-0004682,2023-01-10,CUST-018778,Central,PRD-0093,Digital Goods,ACC-0058,WH-01,2,71.2,Installment Plan,3.1,False,False
ORD-0004683,2023-01-10,CUST-034573,South,PRD-0115,Grocery & Gourmet,ACC-0141,WH-01,1,18.91,Installment Plan,1.7,True,False
ORD-0004684,2023-01-10,CUST-004370,East,PRD-0028,Home Appliances,ACC-0084,WH-04,3,1499.64,Installment Plan,3.9,True,False
ORD-0004685,2023-01-10,CUST-013053,Central,PRD-0118,Grocery & Gourmet,ACC-0125,WH-01,1,47.24,Wallet Credit,2.5,True,False
ORD-0004686,2023-01-10,CUST-016558,West,PRD-0089,Digital Goods,ACC-0148,WH-05,3,109.26,Cash on Delivery,3.7,True,False
ORD-0004687,2023-01-10,CUST-024474,Central,PRD-0017,Mobile & Tablet,ACC-0164,WH-01,2,373.74,Online Payment,2.6,True,False
ORD-0004688,2023-01-10,CUST-000043,Central,PRD-0111,Grocery & Gourmet,ACC-0225,WH-01,1,48.04,Online Payment,2.5,True,False
ORD-0004689,2023-01-10,CUST-021400,North,PRD-0080,Books & Media,ACC-0076,WH-02,2,25.04,Cash on Delivery,2.6,True,False
ORD-0004690,2023-01-10,CUST-016989,North,PRD-0041,Fashion & Apparel,ACC-0144,WH-02,2,77.82,Cash on Delivery,3.4,True,True
ORD-0004691,2023-01-10,CUST-008948,West,PRD-0059,Beauty & Health,ACC-0009,WH-05,2,72.62,Online Payment,3.7,True,False
ORD-0004692,2023-01-10,CUST-013951,West,PRD-0115,Grocery & Gourmet,ACC-0215,WH-05,3,56.73,Wallet Credit,3.2,True,False
ORD-0004693,2023-01-10,CUST-030792,South,PRD-0036,Fashion & Apparel,ACC-0227,WH-03,1,83.22,Installment Plan,3.1,True,False
ORD-0004694,2023-01-10,CUST-018449,Central,PRD-0136,Home & Kitchen,ACC-0115,WH-01,2,80.26,Cash on Delivery,1.9,True,False
ORD-0004695,2023-01-10,CUST-017589,South,PRD-0051,Fashion & Apparel,ACC-0085,WH-03,1,29.63,Cash on Delivery,2.9,True,True
ORD-0004696,2023-01-10,CUST-022111,East,PRD-0092,Digital Goods,ACC-0229,WH-04,1,19.67,Online Payment,3.2,True,False
ORD-0004697,2023-01-10,CUST-011899,West,PRD-0023,Home Appliances,ACC-0108,WH-01,1,528.07,Installment Plan,2.6,True,False
ORD-0004698,2023-01-10,CUST-026425,North,PRD-0095,Digital Goods,ACC-0075,WH-02,1,32.57,Online Payment,3.3,True,False
ORD-0004699,2023-01-10,CUST-024368,Central,PRD-0027,Home Appliances,ACC-0101,WH-01,2,259.16,Online Payment,2.3,True,False
ORD-0004700,2023-01-10,CUST-031073,South,PRD-0044,Fashion & Apparel,ACC-0173,WH-03,2,156.94,Installment Plan,4.9,False,False
ORD-0004701,2023-01-10,CUST-033085,Central,PRD-0045,Fashion & Apparel,ACC-0099,WH-01,1,23.46,Online Payment,2.6,True,False
ORD-0004702,2023-01-10,CUST-002435,South,PRD-0111,Grocery & Gourmet,ACC-0016,WH-03,1,48.04,Cash on Delivery,3.2,True,False
ORD-0004703,2023-01-10,CUST-027655,Central,PRD-0047,Fashion & Apparel,ACC-0175,WH-01,3,234.27,Online Payment,2.1,True,False
ORD-0004704,2023-01-10,CUST-009029,Central,PRD-0026,Home Appliances,ACC-0198,WH-01,3,957.45,Online Payment,2.2,True,False
ORD-0004705,2023-01-10,CUST-024951,West,PRD-0149,Sports & Outdoor,ACC-0098,WH-05,1,81.88,Online Payment,3.5,True,False
ORD-0004706,2023-01-10,CUST-012747,Central,PRD-0018,Home Appliances,ACC-0134,WH-01,1,305.22,Wallet Credit,3.0,True,False
ORD-0004707,2023-01-10,CUST-017757,Central,PRD-0109,Grocery & Gourmet,ACC-0256,WH-01,2,22.96,Online Payment,2.2,True,False
ORD-0004708,2023-01-10,CUST-029494,Central,PRD-0141,Sports & Outdoor,ACC-0057,WH-01,1,44.69,Online Payment,2.0,True,False
ORD-0004709,2023-01-10,CUST-002487,Central,PRD-0092,Digital Goods,ACC-0038,WH-01,2,39.34,Online Payment,2.2,True,False
ORD-0004710,2023-01-10,CUST-029261,West,PRD-0136,Home & Kitchen,ACC-0033,WH-05,1,40.13,Cash on Delivery,4.3,False,False
ORD-0004711,2023-01-10,CUST-005356,South,PRD-0145,Sports & Outdoor,ACC-0040,WH-03,1,29.79,Installment Plan,3.9,True,False
ORD-0004712,2023-01-10,CUST-017882,South,PRD-0078,Books & Media,ACC-0106,WH-03,2,35.76,Online Payment,3.0,True,False
ORD-0004713,2023-01-10,CUST-032182,Central,PRD-0123,Home & Kitchen,ACC-0158,WH-01,1,82.38,Cash on Delivery,2.1,True,False
ORD-0004714,2023-01-10,CUST-035920,Central,PRD-0014,Mobile & Tablet,ACC-0153,WH-01,3,840.0,Online Payment,2.0,True,False
ORD-0004715,2023-01-10,CUST-003331,North,PRD-0136,Home & Kitchen,ACC-0019,WH-02,2,80.26,Wallet Credit,2.4,True,False
ORD-0004716,2023-01-10,CUST-033821,Central,PRD-0083,Books & Media,ACC-0117,WH-01,2,38.68,Online Payment,2.1,True,False
ORD-0004717,2023-01-10,CUST-021888,North,PRD-0024,Home Appliances,ACC-0083,WH-02,1,262.8,Online Payment,3.8,True,False
ORD-0004718,2023-01-10,CUST-018963,East,PRD-0086,Digital Goods,ACC-0176,WH-04,2,49.98,Cash on Delivery,4.0,True,False
ORD-0004719,2023-01-10,CUST-007554,West,PRD-0125,Home & Kitchen,ACC-0153,WH-05,1,108.61,Online Payment,4.2,False,True
ORD-0004720,2023-01-10,CUST-013447,East,PRD-0066,Beauty & Health,ACC-0079,WH-04,1,57.2,Online Payment,3.8,True,False
ORD-0004721,2023-01-10,CUST-024739,West,PRD-0068,Beauty & Health,ACC-0193,WH-05,2,119.5,Online Payment,3.3,True,False
ORD-0004722,2023-01-10,CUST-027125,West,PRD-0002,Mobile & Tablet,ACC-0009,WH-05,1,504.12,Online Payment,3.7,True,False
ORD-0004723,2023-01-10,CUST-035627,North,PRD-0003,Mobile & Tablet,ACC-0251,WH-02,2,453.06,Online Payment,2.7,True,False
ORD-0004724,2023-01-10,CUST-004014,West,PRD-0048,Fashion & Apparel,ACC-0019,WH-05,2,143.16,Wallet Credit,3.3,True,False
ORD-0004725,2023-01-10,CUST-028973,West,PRD-0109,Grocery & Gourmet,ACC-0002,WH-05,1,11.48,Online Payment,3.2,True,False
ORD-0004726,2023-01-10,CUST-000182,North,PRD-0038,Fashion & Apparel,ACC-0122,WH-02,3,125.19,Online Payment,3.3,True,False
ORD-0004727,2023-01-10,CUST-016235,East,PRD-0034,Home Appliances,ACC-0190,WH-04,3,398.94,Online Payment,3.5,True,False
ORD-0004728,2023-01-10,CUST-008917,Central,PRD-0139,Sports & Outdoor,ACC-0136,WH-01,1,78.53,Online Payment,2.0,True,False
ORD-0004729,2023-01-10,CUST-030339,Central,PRD-0054,Beauty & Health,ACC-0230,WH-01,1,29.31,Online Payment,2.0,True,False
ORD-0004730,2023-01-10,CUST-030609,North,PRD-0040,Fashion & Apparel,ACC-0184,WH-02,2,71.18,Installment Plan,3.0,True,True
ORD-0004731,2023-01-10,CUST-030861,West,PRD-0118,Grocery & Gourmet,ACC-0048,WH-01,2,94.48,Wallet Credit,3.0,True,False
ORD-0004732,2023-01-10,CUST-034861,West,PRD-0039,Fashion & Apparel,ACC-0115,WH-05,1,57.95,Online Payment,3.5,True,False
ORD-0004733,2023-01-10,CUST-012977,West,PRD-0086,Digital Goods,ACC-0045,WH-05,2,49.98,Online Payment,3.1,True,False
ORD-0004734,2023-01-10,CUST-011729,South,PRD-0121,Home & Kitchen,ACC-0095,WH-03,3,81.9,Online Payment,3.5,True,False
ORD-0004735,2023-01-10,CUST-031156,West,PRD-0038,Fashion & Apparel,ACC-0190,WH-05,1,41.73,Cash on Delivery,3.1,True,False
ORD-0004736,2023-01-10,CUST-011057,East,PRD-0090,Digital Goods,ACC-0122,WH-04,1,16.88,Wallet Credit,3.1,True,False
ORD-0004737,2023-01-10,CUST-026901,East,PRD-0044,Fashion & Apparel,ACC-0048,WH-04,2,156.94,Cash on Delivery,4.9,False,False
ORD-0004738,2023-01-10,CUST-012712,Central,PRD-0014,Mobile & Tablet,ACC-0167,WH-01,1,280.0,Online Payment,2.2,True,False
ORD-0004739,2023-01-10,CUST-002443,East,PRD-0050,Fashion & Apparel,ACC-0133,WH-04,3,90.39,Wallet Credit,3.3,True,False
ORD-0004740,2023-01-10,CUST-008457,Central,PRD-0071,Books & Media,ACC-0116,WH-01,1,7.91,Installment Plan,2.2,True,False
ORD-0004741,2023-01-10,CUST-025114,Central,PRD-0104,Grocery & Gourmet,ACC-0044,WH-01,1,14.26,Online Payment,2.3,True,False
ORD-0004742,2023-01-10,CUST-033764,West,PRD-0137,Sports & Outdoor,ACC-0110,WH-05,2,220.64,Cash on Delivery,3.6,True,False
ORD-0004743,2023-01-10,CUST-034706,Central,PRD-0131,Home & Kitchen,ACC-0133,WH-01,1,102.11,Cash on Delivery,2.8,True,False
ORD-0004744,2023-01-10,CUST-013074,South,PRD-0018,Home Appliances,ACC-0109,WH-01,1,305.22,Cash on Delivery,1.8,True,False
ORD-0004745,2023-01-10,CUST-003823,South,PRD-0119,Grocery & Gourmet,ACC-0026,WH-03,2,30.2,Wallet Credit,3.2,True,False
ORD-0004746,2023-01-10,CUST-008184,South,PRD-0054,Beauty & Health,ACC-0221,WH-03,3,87.93,Online Payment,3.6,True,False
ORD-0004747,2023-01-10,CUST-016223,Central,PRD-0153,Sports & Outdoor,ACC-0224,WH-01,2,161.16,Wallet Credit,2.4,True,False
ORD-0004748,2023-01-10,CUST-031023,Central,PRD-0009,Mobile & Tablet,ACC-0043,WH-01,1,546.26,Online Payment,1.7,True,False
ORD-0004749,2023-01-10,CUST-009228,Central,PRD-0005,Mobile & Tablet,ACC-0055,WH-01,2,1432.76,Online Payment,3.3,False,False
ORD-0004750,2023-01-10,CUST-031350,Central,PRD-0143,Sports & Outdoor,ACC-0141,WH-01,1,45.69,Online Payment,2.4,True,False
ORD-0004751,2023-01-10,CUST-025962,Central,PRD-0143,Sports & Outdoor,ACC-0021,WH-01,1,45.69,Online Payment,2.3,True,False
ORD-0004752,2023-01-10,CUST-030513,West,PRD-0104,Grocery & Gourmet,ACC-0034,WH-05,3,42.78,Online Payment,3.4,True,True
ORD-0004753,2023-01-10,CUST-024301,West,PRD-0125,Home & Kitchen,ACC-0190,WH-05,1,108.61,Online Payment,3.4,True,False
ORD-0004754,2023-01-10,CUST-031036,Central,PRD-0134,Home & Kitchen,ACC-0063,WH-01,3,353.37,Online Payment,2.3,True,False
ORD-0004755,2023-01-10,CUST-033868,Central,PRD-0002,Mobile & Tablet,ACC-0009,WH-01,1,504.12,Wallet Credit,2.0,True,False
ORD-0004756,2023-01-10,CUST-017652,East,PRD-0090,Digital Goods,ACC-0173,WH-04,2,33.76,Wallet Credit,3.5,True,False
ORD-0004757,2023-01-10,CUST-001345,West,PRD-0042,Fashion & Apparel,ACC-0226,WH-05,3,282.66,Online Payment,3.5,True,False
ORD-0004758,2023-01-10,CUST-023812,Central,PRD-0119,Grocery & Gourmet,ACC-0258,WH-01,1,15.1,Wallet Credit,2.4,True,False
ORD-0004759,2023-01-10,CUST-028848,North,PRD-0010,Mobile & Tablet,ACC-0128,WH-01,1,635.84,Cash on Delivery,2.2,True,True
ORD-0004760,2023-01-10,CUST-028019,East,PRD-0015,Mobile & Tablet,ACC-0195,WH-04,1,666.81,Wallet Credit,3.4,True,True
ORD-0004761,2023-01-10,CUST-033243,West,PRD-0104,Grocery & Gourmet,ACC-0096,WH-05,3,42.78,Installment Plan,3.7,True,False
ORD-0004762,2023-01-10,CUST-007853,Central,PRD-0122,Home & Kitchen,ACC-0055,WH-01,2,120.42,Online Payment,2.0,True,False
ORD-0004763,2023-01-10,CUST-033633,South,PRD-0021,Home Appliances,ACC-0024,WH-03,1,119.48,Online Payment,3.4,True,True
ORD-0004764,2023-01-10,CUST-013185,North,PRD-0016,Mobile & Tablet,ACC-0184,WH-02,3,1265.55,Online Payment,2.8,True,False
ORD-0004765,2023-01-10,CUST-011152,West,PRD-0056,Beauty & Health,ACC-0031,WH-05,1,23.51,Cash on Delivery,4.7,False,False
ORD-0004766,2023-01-10,CUST-014357,Central,PRD-0077,Books & Media,ACC-0083,WH-01,1,15.55,Wallet Credit,2.4,True,False
ORD-0004767,2023-01-10,CUST-001062,Central,PRD-0103,Grocery & Gourmet,ACC-0145,WH-01,3,77.28,Cash on Delivery,2.4,True,False
ORD-0004768,2023-01-10,CUST-011527,East,PRD-0012,Mobile & Tablet,ACC-0045,WH-04,2,949.76,Online Payment,4.1,False,False
ORD-0004769,2023-01-10,CUST-009818,East,PRD-0040,Fashion & Apparel,ACC-0101,WH-01,3,106.77,Online Payment,1.7,True,False
ORD-0004770,2023-01-10,CUST-016864,Central,PRD-0143,Sports & Outdoor,ACC-0057,WH-01,2,91.38,Online Payment,1.8,True,False
ORD-0004771,2023-01-10,CUST-027999,East,PRD-0112,Grocery & Gourmet,ACC-0232,WH-04,1,13.56,Online Payment,3.3,True,False
ORD-0004772,2023-01-10,CUST-009324,West,PRD-0135,Home & Kitchen,ACC-0171,WH-01,1,88.67,Online Payment,2.3,True,False
ORD-0004773,2023-01-10,CUST-014424,Central,PRD-0108,Grocery & Gourmet,ACC-0089,WH-01,1,15.58,Online Payment,2.0,True,False
ORD-0004774,2023-01-10,CUST-007938,Central,PRD-0046,Fashion & Apparel,ACC-0031,WH-01,1,37.85,Wallet Credit,2.4,True,True
ORD-0004775,2023-01-10,CUST-027037,West,PRD-0035,Fashion & Apparel,ACC-0022,WH-05,1,90.56,Wallet Credit,3.5,True,False
ORD-0004776,2023-01-10,CUST-000466,Central,PRD-0029,Home Appliances,ACC-0243,WH-01,3,745.44,Online Payment,3.2,False,False
ORD-0004777,2023-01-10,CUST-010957,Central,PRD-0019,Home Appliances,ACC-0022,WH-01,2,838.26,Online Payment,2.6,True,True
ORD-0004778,2023-01-10,CUST-029317,West,PRD-0129,Home & Kitchen,ACC-0158,WH-05,2,74.4,Online Payment,3.3,True,False
ORD-0004779,2023-01-10,CUST-030551,North,PRD-0111,Grocery & Gourmet,ACC-0005,WH-02,1,48.04,Cash on Delivery,3.8,True,False
ORD-0004780,2023-01-10,CUST-002727,South,PRD-0118,Grocery & Gourmet,ACC-0246,WH-01,2,94.48,Online Payment,2.4,True,False
ORD-0004781,2023-01-10,CUST-005703,East,PRD-0067,Beauty & Health,ACC-0111,WH-04,2,31.08,Online Payment,3.3,True,False
ORD-0004782,2023-01-10,CUST-023559,East,PRD-0153,Sports & Outdoor,ACC-0146,WH-04,3,241.74,Online Payment,4.5,False,False
ORD-0004783,2023-01-10,CUST-027485,West,PRD-0137,Sports & Outdoor,ACC-0016,WH-05,1,110.32,Online Payment,3.2,True,False
ORD-0004784,2023-01-10,CUST-000630,West,PRD-0105,Grocery & Gourmet,ACC-0122,WH-05,1,25.18,Online Payment,3.3,True,False
ORD-0004785,2023-01-10,CUST-010826,East,PRD-0060,Beauty & Health,ACC-0228,WH-04,2,83.98,Online Payment,4.0,True,False
ORD-0004786,2023-01-10,CUST-009357,South,PRD-0014,Mobile & Tablet,ACC-0088,WH-03,2,560.0,Online Payment,3.3,True,False
ORD-0004787,2023-01-10,CUST-026444,North,PRD-0049,Fashion & Apparel,ACC-0078,WH-02,2,162.54,Online Payment,4.6,False,False
ORD-0004788,2023-01-10,CUST-002301,West,PRD-0072,Books & Media,ACC-0082,WH-05,1,5.87,Installment Plan,3.3,True,False
ORD-0004789,2023-01-10,CUST-022785,East,PRD-0124,Home & Kitchen,ACC-0200,WH-04,1,26.46,Cash on Delivery,3.1,True,False
ORD-0004790,2023-01-10,CUST-008473,West,PRD-0007,Mobile & Tablet,ACC-0203,WH-05,2,1083.32,Wallet Credit,3.5,True,False
ORD-0004791,2023-01-10,CUST-024368,Central,PRD-0121,Home & Kitchen,ACC-0043,WH-01,2,54.6,Online Payment,2.3,True,False
ORD-0004792,2023-01-10,CUST-000199,Central,PRD-0101,Digital Goods,ACC-0021,WH-01,1,19.23,Cash on Delivery,2.7,True,False
ORD-0004793,2023-01-10,CUST-012280,Central,PRD-0021,Home Appliances,ACC-0255,WH-01,3,358.44,Wallet Credit,2.0,True,False
ORD-0004794,2023-01-10,CUST-028678,North,PRD-0086,Digital Goods,ACC-0174,WH-02,1,24.99,Installment Plan,2.8,True,False
ORD-0004795,2023-01-10,CUST-024384,East,PRD-0137,Sports & Outdoor,ACC-0217,WH-04,2,220.64,Online Payment,4.5,False,False
ORD-0004796,2023-01-10,CUST-001568,South,PRD-0105,Grocery & Gourmet,ACC-0006,WH-03,1,25.18,Online Payment,3.2,True,False
ORD-0004797,2023-01-10,CUST-029280,West,PRD-0110,Grocery & Gourmet,ACC-0118,WH-05,1,47.39,Wallet Credit,3.7,True,False
ORD-0004798,2023-01-10,CUST-019767,West,PRD-0068,Beauty & Health,ACC-0187,WH-05,2,119.5,Cash on Delivery,3.5,True,False
ORD-0004799,2023-01-10,CUST-007165,Central,PRD-0009,Mobile & Tablet,ACC-0052,WH-01,2,1092.52,Online Payment,2.7,True,False
ORD-0004800,2023-01-10,CUST-033394,West,PRD-0035,Fashion & Apparel,ACC-0114,WH-01,3,271.68,Wallet Credit,3.2,False,True
ORD-0004801,2023-01-10,CUST-017488,Central,PRD-0043,Fashion & Apparel,ACC-0082,WH-01,1,53.32,Installment Plan,1.9,True,False
ORD-0004802,2023-01-10,CUST-013201,Central,PRD-0086,Digital Goods,ACC-0221,WH-01,1,24.99,Wallet Credit,3.2,False,False
ORD-0004803,2023-01-10,CUST-000034,Central,PRD-0034,Home Appliances,ACC-0062,WH-01,1,132.98,Wallet Credit,2.6,True,False
ORD-0004804,2023-01-10,CUST-034087,East,PRD-0055,Beauty & Health,ACC-0140,WH-04,2,123.08,Wallet Credit,4.1,False,False
ORD-0004805,2023-01-10,CUST-031680,West,PRD-0036,Fashion & Apparel,ACC-0126,WH-05,3,249.66,Cash on Delivery,3.9,True,False
ORD-0004806,2023-01-10,CUST-019071,Central,PRD-0081,Books & Media,ACC-0049,WH-01,1,11.07,Online Payment,2.2,True,False
ORD-0004807,2023-01-10,CUST-001555,North,PRD-0022,Home Appliances,ACC-0025,WH-02,1,265.81,Cash on Delivery,3.1,True,False
ORD-0004808,2023-01-10,CUST-020437,North,PRD-0059,Beauty & Health,ACC-0082,WH-02,1,36.31,Cash on Delivery,3.0,True,False
ORD-0004809,2023-01-10,CUST-017545,West,PRD-0030,Home Appliances,ACC-0081,WH-05,1,145.76,Cash on Delivery,5.0,False,False
ORD-0004810,2023-01-10,CUST-023812,Central,PRD-0063,Beauty & Health,ACC-0057,WH-01,1,27.57,Installment Plan,2.2,True,False
ORD-0004811,2023-01-10,CUST-022996,Central,PRD-0062,Beauty & Health,ACC-0006,WH-01,1,39.19,Installment Plan,2.1,True,False
ORD-0004812,2023-01-10,CUST-004708,East,PRD-0078,Books & Media,ACC-0087,WH-04,1,17.88,Cash on Delivery,3.1,True,False
ORD-0004813,2023-01-10,CUST-020212,Central,PRD-0099,Digital Goods,ACC-0091,WH-01,2,46.54,Online Payment,1.8,True,False
ORD-0004814,2023-01-10,CUST-013376,North,PRD-0014,Mobile & Tablet,ACC-0200,WH-02,2,560.0,Online Payment,3.9,True,False
ORD-0004815,2023-01-10,CUST-027879,Central,PRD-0103,Grocery & Gourmet,ACC-0215,WH-01,2,51.52,Wallet Credit,2.2,True,False
ORD-0004816,2023-01-10,CUST-031140,West,PRD-0116,Grocery & Gourmet,ACC-0190,WH-05,2,78.28,Wallet Credit,4.2,False,False
ORD-0004817,2023-01-10,CUST-016561,West,PRD-0114,Grocery & Gourmet,ACC-0081,WH-05,2,60.48,Online Payment,4.0,True,False
ORD-0004818,2023-01-10,CUST-012320,South,PRD-0050,Fashion & Apparel,ACC-0239,WH-03,3,90.39,Wallet Credit,3.7,True,False
ORD-0004819,2023-01-10,CUST-016663,Central,PRD-0004,Mobile & Tablet,ACC-0084,WH-01,1,179.1,Online Payment,1.8,True,False
ORD-0004820,2023-01-10,CUST-032059,North,PRD-0138,Sports & Outdoor,ACC-0236,WH-02,2,213.84,Wallet Credit,2.9,True,False
ORD-0004821,2023-01-10,CUST-011515,East,PRD-0130,Home & Kitchen,ACC-0025,WH-04,1,30.56,Wallet Credit,3.3,True,False
ORD-0004822,2023-01-10,CUST-031891,West,PRD-0097,Digital Goods,ACC-0086,WH-05,2,50.36,Installment Plan,3.9,True,False
ORD-0004823,2023-01-10,CUST-020957,East,PRD-0011,Mobile & Tablet,ACC-0242,WH-04,1,736.32,Online Payment,3.9,True,False
ORD-0004824,2023-01-10,CUST-028077,Central,PRD-0058,Beauty & Health,ACC-0192,WH-01,3,129.81,Online Payment,2.5,True,False
ORD-0004825,2023-01-10,CUST-033125,West,PRD-0006,Mobile & Tablet,ACC-0171,WH-05,2,723.64,Online Payment,3.9,True,False
ORD-0004826,2023-01-10,CUST-011803,Central,PRD-0061,Beauty & Health,ACC-0085,WH-01,1,13.15,Installment Plan,1.8,True,True
ORD-0004827,2023-01-10,CUST-025817,North,PRD-0075,Books & Media,ACC-0083,WH-02,1,21.86,Online Payment,6.4,False,False
ORD-0004828,2023-01-10,CUST-023166,South,PRD-0071,Books & Media,ACC-0160,WH-03,3,23.73,Wallet Credit,3.1,True,False
ORD-0004829,2023-01-10,CUST-030976,Central,PRD-0072,Books & Media,ACC-0183,WH-01,2,11.74,Online Payment,3.5,False,False
ORD-0004830,2023-01-10,CUST-022902,North,PRD-0081,Books & Media,ACC-0204,WH-02,3,33.21,Online Payment,2.9,True,False
ORD-0004831,2023-01-10,CUST-027174,Central,PRD-0001,Mobile & Tablet,ACC-0194,WH-01,1,214.68,Online Payment,2.1,True,False
ORD-0004832,2023-01-10,CUST-000863,Central,PRD-0045,Fashion & Apparel,ACC-0130,WH-01,1,23.46,Cash on Delivery,2.0,True,False
ORD-0004833,2023-01-10,CUST-023576,North,PRD-0023,Home Appliances,ACC-0013,WH-02,1,528.07,Online Payment,2.9,True,False
ORD-0004834,2023-01-10,CUST-024522,Central,PRD-0119,Grocery & Gourmet,ACC-0190,WH-01,1,15.1,Online Payment,2.0,True,False
ORD-0004835,2023-01-10,CUST-020425,West,PRD-0008,Mobile & Tablet,ACC-0121,WH-01,3,661.32,Online Payment,2.0,True,False
ORD-0004836,2023-01-10,CUST-019539,West,PRD-0116,Grocery & Gourmet,ACC-0127,WH-05,3,117.42,Online Payment,3.6,True,False
ORD-0004837,2023-01-10,CUST-014068,North,PRD-0056,Beauty & Health,ACC-0152,WH-02,1,23.51,Wallet Credit,4.1,False,False
ORD-0004838,2023-01-10,CUST-008298,West,PRD-0118,Grocery & Gourmet,ACC-0064,WH-05,3,141.72,Cash on Delivery,3.8,True,False
ORD-0004839,2023-01-10,CUST-023238,North,PRD-0050,Fashion & Apparel,ACC-0206,WH-02,2,60.26,Cash on Delivery,3.3,True,False
ORD-0004840,2023-01-10,CUST-017296,East,PRD-0132,Home & Kitchen,ACC-0211,WH-04,2,132.7,Online Payment,3.2,True,False
ORD-0004841,2023-01-10,CUST-021742,East,PRD-0126,Home & Kitchen,ACC-0115,WH-04,1,58.15,Wallet Credit,4.2,False,False
ORD-0004842,2023-01-10,CUST-033700,Central,PRD-0080,Books & Media,ACC-0094,WH-01,1,12.52,Online Payment,1.9,True,False
ORD-0004843,2023-01-10,CUST-023918,South,PRD-0074,Books & Media,ACC-0245,WH-03,2,42.44,Online Payment,3.1,True,False
ORD-0004844,2023-01-10,CUST-020802,West,PRD-0062,Beauty & Health,ACC-0103,WH-05,1,39.19,Online Payment,3.2,True,False
ORD-0004845,2023-01-10,CUST-002998,South,PRD-0085,Books & Media,ACC-0204,WH-03,3,20.61,Online Payment,4.7,False,False
ORD-0004846,2023-01-10,CUST-006894,South,PRD-0050,Fashion & Apparel,ACC-0031,WH-01,2,60.26,Wallet Credit,2.1,True,False
ORD-0004847,2023-01-10,CUST-003549,East,PRD-0134,Home & Kitchen,ACC-0141,WH-04,1,117.79,Cash on Delivery,2.9,True,False
ORD-0004848,2023-01-10,CUST-008580,South,PRD-0133,Home & Kitchen,ACC-0013,WH-03,1,111.35,Cash on Delivery,3.5,True,False
ORD-0004849,2023-01-10,CUST-028307,North,PRD-0121,Home & Kitchen,ACC-0069,WH-02,2,54.6,Wallet Credit,3.5,True,True
ORD-0004850,2023-01-10,CUST-030501,West,PRD-0054,Beauty & Health,ACC-0031,WH-05,2,58.62,Online Payment,3.1,True,True
ORD-0004851,2023-01-10,CUST-003791,Central,PRD-0038,Fashion & Apparel,ACC-0214,WH-01,2,83.46,Cash on Delivery,2.6,True,False
ORD-0004852,2023-01-10,CUST-033937,South,PRD-0122,Home & Kitchen,ACC-0231,WH-03,3,180.63,Cash on Delivery,3.4,True,False
ORD-0004853,2023-01-10,CUST-008883,Central,PRD-0047,Fashion & Apparel,ACC-0199,WH-01,2,156.18,Cash on Delivery,3.0,True,False
ORD-0004854,2023-01-10,CUST-019271,West,PRD-0105,Grocery & Gourmet,ACC-0030,WH-05,1,25.18,Installment Plan,3.5,True,False
ORD-0004855,2023-01-10,CUST-007268,North,PRD-0028,Home Appliances,ACC-0122,WH-02,1,499.88,Wallet Credit,2.9,True,False
ORD-0004856,2023-01-10,CUST-034263,South,PRD-0093,Digital Goods,ACC-0077,WH-03,1,35.6,Installment Plan,3.0,True,False
ORD-0004857,2023-01-10,CUST-028950,Central,PRD-0134,Home & Kitchen,ACC-0134,WH-01,1,117.79,Installment Plan,2.5,True,False
ORD-0004858,2023-01-10,CUST-002572,South,PRD-0089,Digital Goods,ACC-0185,WH-03,3,109.26,Online Payment,3.5,True,False
ORD-0004859,2023-01-10,CUST-011362,West,PRD-0091,Digital Goods,ACC-0102,WH-05,2,36.44,Online Payment,4.0,True,False
ORD-0004860,2023-01-10,CUST-035457,Central,PRD-0115,Grocery & Gourmet,ACC-0257,WH-01,2,37.82,Online Payment,2.4,True,False
ORD-0004861,2023-01-10,CUST-019609,South,PRD-0104,Grocery & Gourmet,ACC-0066,WH-03,2,28.52,Online Payment,3.1,True,False
ORD-0004862,2023-01-10,CUST-010468,Central,PRD-0051,Fashion & Apparel,ACC-0253,WH-01,1,29.63,Wallet Credit,2.4,True,False
ORD-0004863,2023-01-10,CUST-024797,Central,PRD-0037,Fashion & Apparel,ACC-0199,WH-01,1,25.53,Wallet Credit,2.2,True,False
ORD-0004864,2023-01-10,CUST-012919,Central,PRD-0120,Home & Kitchen,ACC-0173,WH-01,1,72.26,Cash on Delivery,2.5,True,False
ORD-0004865,2023-01-10,CUST-033945,East,PRD-0027,Home Appliances,ACC-0097,WH-04,1,129.58,Installment Plan,3.0,True,False
ORD-0004866,2023-01-10,CUST-014461,East,PRD-0045,Fashion & Apparel,ACC-0020,WH-04,2,46.92,Online Payment,3.5,True,False
ORD-0004867,2023-01-10,CUST-008430,West,PRD-0050,Fashion & Apparel,ACC-0207,WH-05,3,90.39,Online Payment,3.2,True,False
ORD-0004868,2023-01-10,CUST-011515,East,PRD-0034,Home Appliances,ACC-0056,WH-04,1,132.98,Wallet Credit,3.5,True,False
ORD-0004869,2023-01-10,CUST-008561,South,PRD-0129,Home & Kitchen,ACC-0036,WH-03,2,74.4,Online Payment,3.2,True,False
ORD-0004870,2023-01-10,CUST-000278,West,PRD-0104,Grocery & Gourmet,ACC-0093,WH-05,1,14.26,Wallet Credit,3.7,True,False
ORD-0004871,2023-01-10,CUST-011869,East,PRD-0110,Grocery & Gourmet,ACC-0006,WH-04,3,142.17,Cash on Delivery,3.7,True,False
ORD-0004872,2023-01-10,CUST-003206,South,PRD-0140,Sports & Outdoor,ACC-0169,WH-03,1,45.43,Cash on Delivery,3.4,True,False
ORD-0004873,2023-01-10,CUST-021181,East,PRD-0052,Beauty & Health,ACC-0056,WH-04,1,50.83,Cash on Delivery,3.2,True,False
ORD-0004874,2023-01-10,CUST-018010,East,PRD-0091,Digital Goods,ACC-0040,WH-04,3,54.66,Online Payment,3.8,True,False
ORD-0004875,2023-01-10,CUST-010726,Central,PRD-0051,Fashion & Apparel,ACC-0052,WH-01,1,29.63,Online Payment,2.5,True,False
ORD-0004876,2023-01-10,CUST-007707,West,PRD-0068,Beauty & Health,ACC-0049,WH-05,2,119.5,Wallet Credit,3.1,True,False
ORD-0004877,2023-01-10,CUST-017935,North,PRD-0080,Books & Media,ACC-0250,WH-02,1,12.52,Online Payment,2.5,True,False
ORD-0004878,2023-01-10,CUST-032021,West,PRD-0084,Books & Media,ACC-0230,WH-05,1,10.36,Wallet Credit,3.2,True,False
ORD-0004879,2023-01-10,CUST-029292,North,PRD-0064,Beauty & Health,ACC-0075,WH-01,2,57.88,Online Payment,2.2,True,False
ORD-0004880,2023-01-10,CUST-006118,Central,PRD-0061,Beauty & Health,ACC-0006,WH-01,2,26.3,Online Payment,1.8,True,False
ORD-0004881,2023-01-10,CUST-003469,East,PRD-0025,Home Appliances,ACC-0009,WH-04,2,357.6,Online Payment,2.9,True,False
ORD-0004882,2023-01-10,CUST-026206,West,PRD-0116,Grocery & Gourmet,ACC-0009,WH-05,2,78.28,Installment Plan,3.6,True,False
ORD-0004883,2023-01-10,CUST-016689,South,PRD-0099,Digital Goods,ACC-0174,WH-03,1,23.27,Online Payment,3.0,True,False
ORD-0004884,2023-01-10,CUST-007337,North,PRD-0074,Books & Media,ACC-0009,WH-02,1,21.22,Online Payment,3.4,True,False
ORD-0004885,2023-01-10,CUST-017394,West,PRD-0104,Grocery & Gourmet,ACC-0013,WH-05,3,42.78,Cash on Delivery,3.0,True,False
ORD-0004886,2023-01-10,CUST-025474,North,PRD-0047,Fashion & Apparel,ACC-0230,WH-02,3,234.27,Cash on Delivery,3.3,True,False
ORD-0004887,2023-01-10,CUST-022581,East,PRD-0030,Home Appliances,ACC-0073,WH-04,3,437.28,Installment Plan,4.7,False,False
ORD-0004888,2023-01-10,CUST-017794,South,PRD-0046,Fashion & Apparel,ACC-0057,WH-03,2,75.7,Wallet Credit,3.4,True,False
ORD-0004889,2023-01-10,CUST-008147,Central,PRD-0114,Grocery & Gourmet,ACC-0132,WH-01,3,90.72,Online Payment,1.8,True,False
ORD-0004890,2023-01-11,CUST-024474,Central,PRD-0070,Books & Media,ACC-0157,WH-01,2,44.44,Installment Plan,2.0,True,False
ORD-0004891,2023-01-11,CUST-014014,Central,PRD-0148,Sports & Outdoor,ACC-0006,WH-01,1,135.55,Installment Plan,2.2,True,False
ORD-0004892,2023-01-11,CUST-019161,North,PRD-0120,Home & Kitchen,ACC-0001,WH-02,1,72.26,Cash on Delivery,2.6,True,False
ORD-0004893,2023-01-11,CUST-011919,North,PRD-0045,Fashion & Apparel,ACC-0042,WH-02,2,46.92,Cash on Delivery,3.5,True,False
ORD-0004894,2023-01-11,CUST-008739,Central,PRD-0128,Home & Kitchen,ACC-0010,WH-01,1,95.86,Installment Plan,2.7,True,False
ORD-0004895,2023-01-11,CUST-021506,West,PRD-0008,Mobile & Tablet,ACC-0220,WH-05,2,440.88,Online Payment,4.5,False,False
ORD-0004896,2023-01-11,CUST-009101,East,PRD-0131,Home & Kitchen,ACC-0123,WH-04,3,306.33,Cash on Delivery,4.5,False,True
ORD-0004897,2023-01-11,CUST-020743,East,PRD-0071,Books & Media,ACC-0087,WH-04,2,15.82,Online Payment,3.1,True,False
ORD-0004898,2023-01-11,CUST-005887,Central,PRD-0015,Mobile & Tablet,ACC-0057,WH-01,2,1333.62,Cash on Delivery,2.1,True,False
ORD-0004899,2023-01-11,CUST-015692,Central,PRD-0030,Home Appliances,ACC-0101,WH-01,1,145.76,Wallet Credit,2.0,True,False
ORD-0004900,2023-01-11,CUST-007457,Central,PRD-0123,Home & Kitchen,ACC-0070,WH-01,1,82.38,Cash on Delivery,1.9,True,False
ORD-0004901,2023-01-11,CUST-014831,Central,PRD-0093,Digital Goods,ACC-0219,WH-01,2,71.2,Cash on Delivery,2.7,True,False
ORD-0004902,2023-01-11,CUST-026876,East,PRD-0016,Mobile & Tablet,ACC-0220,WH-04,1,421.85,Online Payment,3.8,True,False
ORD-0004903,2023-01-11,CUST-032618,Central,PRD-0051,Fashion & Apparel,ACC-0233,WH-01,3,88.89,Online Payment,2.3,True,False
ORD-0004904,2023-01-11,CUST-017362,South,PRD-0067,Beauty & Health,ACC-0006,WH-03,1,15.54,Online Payment,2.7,True,False
ORD-0004905,2023-01-11,CUST-007174,South,PRD-0094,Digital Goods,ACC-0064,WH-03,3,93.99,Online Payment,3.2,True,False
ORD-0004906,2023-01-11,CUST-025791,Central,PRD-0070,Books & Media,ACC-0101,WH-01,2,44.44,Wallet Credit,2.6,True,False
ORD-0004907,2023-01-11,CUST-006361,East,PRD-0074,Books & Media,ACC-0195,WH-04,3,63.66,Online Payment,4.0,True,False
ORD-0004908,2023-01-11,CUST-011006,South,PRD-0109,Grocery & Gourmet,ACC-0044,WH-03,2,22.96,Cash on Delivery,2.9,True,False
ORD-0004909,2023-01-11,CUST-007913,North,PRD-0054,Beauty & Health,ACC-0108,WH-02,1,29.31,Installment Plan,2.8,True,False
ORD-0004910,2023-01-11,CUST-005066,West,PRD-0127,Home & Kitchen,ACC-0133,WH-05,1,113.98,Installment Plan,3.7,True,False
ORD-0004911,2023-01-11,CUST-006447,West,PRD-0129,Home & Kitchen,ACC-0058,WH-05,1,37.2,Installment Plan,4.2,False,False
ORD-0004912,2023-01-11,CUST-008259,North,PRD-0069,Books & Media,ACC-0205,WH-02,2,39.86,Installment Plan,2.9,True,False
ORD-0004913,2023-01-11,CUST-010230,North,PRD-0134,Home & Kitchen,ACC-0228,WH-02,1,117.79,Online Payment,3.7,True,False
ORD-0004914,2023-01-11,CUST-031356,North,PRD-0092,Digital Goods,ACC-0055,WH-02,1,19.67,Cash on Delivery,3.2,True,False
ORD-0004915,2023-01-11,CUST-013684,Central,PRD-0058,Beauty & Health,ACC-0002,WH-01,2,86.54,Online Payment,2.4,True,False
ORD-0004916,2023-01-11,CUST-017816,West,PRD-0019,Home Appliances,ACC-0019,WH-05,2,838.26,Online Payment,3.3,True,False
ORD-0004917,2023-01-11,CUST-004047,South,PRD-0037,Fashion & Apparel,ACC-0025,WH-03,2,51.06,Wallet Credit,3.5,True,False
ORD-0004918,2023-01-11,CUST-006229,North,PRD-0025,Home Appliances,ACC-0249,WH-02,3,536.4,Wallet Credit,2.4,True,False
ORD-0004919,2023-01-11,CUST-001541,East,PRD-0105,Grocery & Gourmet,ACC-0046,WH-04,2,50.36,Online Payment,3.4,True,False
ORD-0004920,2023-01-11,CUST-015434,Central,PRD-0088,Digital Goods,ACC-0148,WH-01,1,32.6,Wallet Credit,2.9,True,False
ORD-0004921,2023-01-11,CUST-001185,East,PRD-0006,Mobile & Tablet,ACC-0052,WH-04,3,1085.46,Online Payment,2.9,True,False
ORD-0004922,2023-01-11,CUST-032145,Central,PRD-0097,Digital Goods,ACC-0088,WH-01,2,50.36,Online Payment,1.8,True,False
ORD-0004923,2023-01-11,CUST-026876,East,PRD-0002,Mobile & Tablet,ACC-0207,WH-04,1,504.12,Online Payment,2.9,True,False
ORD-0004924,2023-01-11,CUST-008959,West,PRD-0093,Digital Goods,ACC-0052,WH-05,2,71.2,Online Payment,3.8,True,False
ORD-0004925,2023-01-11,CUST-013602,Central,PRD-0047,Fashion & Apparel,ACC-0248,WH-01,1,78.09,Online Payment,2.6,True,False
ORD-0004926,2023-01-11,CUST-022396,South,PRD-0100,Digital Goods,ACC-0160,WH-03,2,21.42,Cash on Delivery,2.7,True,False
ORD-0004927,2023-01-11,CUST-001531,West,PRD-0074,Books & Media,ACC-0214,WH-05,1,21.22,Online Payment,3.5,True,False
ORD-0004928,2023-01-11,CUST-034774,Central,PRD-0085,Books & Media,ACC-0257,WH-01,1,6.87,Online Payment,2.2,True,False
ORD-0004929,2023-01-11,CUST-032523,East,PRD-0044,Fashion & Apparel,ACC-0097,WH-01,1,78.47,Cash on Delivery,2.3,True,False
ORD-0004930,2023-01-11,CUST-015281,East,PRD-0041,Fashion & Apparel,ACC-0258,WH-04,1,38.91,Wallet Credit,3.3,True,False
ORD-0004931,2023-01-11,CUST-011213,Central,PRD-0150,Sports & Outdoor,ACC-0152,WH-01,2,144.98,Cash on Delivery,2.1,True,False
ORD-0004932,2023-01-11,CUST-025604,Central,PRD-0027,Home Appliances,ACC-0101,WH-01,2,259.16,Online Payment,2.9,True,False
ORD-0004933,2023-01-11,CUST-016355,East,PRD-0068,Beauty & Health,ACC-0222,WH-04,1,59.75,Online Payment,2.9,True,False
ORD-0004934,2023-01-11,CUST-023442,East,PRD-0082,Books & Media,ACC-0133,WH-04,2,27.54,Online Payment,3.2,True,False
ORD-0004935,2023-01-11,CUST-007660,East,PRD-0102,Digital Goods,ACC-0214,WH-04,1,27.27,Online Payment,3.6,True,False
ORD-0004936,2023-01-11,CUST-006258,North,PRD-0105,Grocery & Gourmet,ACC-0141,WH-02,2,50.36,Wallet Credit,3.9,True,False
ORD-0004937,2023-01-11,CUST-019379,South,PRD-0031,Home Appliances,ACC-0034,WH-03,1,115.51,Installment Plan,3.3,True,False
ORD-0004938,2023-01-11,CUST-001149,Central,PRD-0124,Home & Kitchen,ACC-0174,WH-01,2,52.92,Online Payment,2.2,True,False
ORD-0004939,2023-01-11,CUST-011058,West,PRD-0093,Digital Goods,ACC-0006,WH-05,1,35.6,Wallet Credit,3.5,True,False
ORD-0004940,2023-01-11,CUST-005354,Central,PRD-0135,Home & Kitchen,ACC-0131,WH-01,3,266.01,Online Payment,2.1,True,True
ORD-0004941,2023-01-11,CUST-034536,North,PRD-0121,Home & Kitchen,ACC-0255,WH-02,3,81.9,Cash on Delivery,2.7,True,False
ORD-0004942,2023-01-11,CUST-012118,West,PRD-0096,Digital Goods,ACC-0094,WH-05,2,51.06,Wallet Credit,3.7,True,False
ORD-0004943,2023-01-11,CUST-011611,West,PRD-0080,Books & Media,ACC-0212,WH-01,1,12.52,Online Payment,2.8,True,False
ORD-0004944,2023-01-11,CUST-029292,North,PRD-0032,Home Appliances,ACC-0162,WH-02,1,322.23,Online Payment,2.9,True,False
ORD-0004945,2023-01-11,CUST-001045,Central,PRD-0142,Sports & Outdoor,ACC-0149,WH-01,2,166.34,Online Payment,2.1,True,False
ORD-0004946,2023-01-11,CUST-003816,West,PRD-0027,Home Appliances,ACC-0147,WH-05,1,129.58,Cash on Delivery,3.5,True,False
ORD-0004947,2023-01-11,CUST-026954,West,PRD-0012,Mobile & Tablet,ACC-0153,WH-05,2,949.76,Online Payment,3.6,True,False
ORD-0004948,2023-01-11,CUST-024297,South,PRD-0046,Fashion & Apparel,ACC-0128,WH-03,1,37.85,Online Payment,3.7,True,False
ORD-0004949,2023-01-11,CUST-023737,Central,PRD-0102,Digital Goods,ACC-0099,WH-01,1,27.27,Wallet Credit,2.1,True,False
ORD-0004950,2023-01-11,CUST-000426,Central,PRD-0131,Home & Kitchen,ACC-0213,WH-01,2,204.22,Online Payment,3.3,False,False
ORD-0004951,2023-01-11,CUST-001185,East,PRD-0054,Beauty & Health,ACC-0047,WH-01,1,29.31,Online Payment,1.8,True,False
ORD-0004952,2023-01-11,CUST-006063,East,PRD-0043,Fashion & Apparel,ACC-0211,WH-04,1,53.32,Wallet Credit,3.7,True,False
ORD-0004953,2023-01-11,CUST-018186,North,PRD-0117,Grocery & Gourmet,ACC-0001,WH-02,3,74.58,Online Payment,2.9,True,False
ORD-0004954,2023-01-11,CUST-005776,South,PRD-0140,Sports & Outdoor,ACC-0100,WH-03,2,90.86,Online Payment,2.8,True,False
ORD-0004955,2023-01-11,CUST-031367,Central,PRD-0032,Home Appliances,ACC-0013,WH-01,1,322.23,Installment Plan,3.3,False,False
ORD-0004956,2023-01-11,CUST-012549,West,PRD-0096,Digital Goods,ACC-0122,WH-05,1,25.53,Online Payment,4.2,False,False
ORD-0004957,2023-01-11,CUST-002175,South,PRD-0062,Beauty & Health,ACC-0253,WH-03,1,39.19,Online Payment,3.2,True,False
ORD-0004958,2023-01-11,CUST-017230,Central,PRD-0077,Books & Media,ACC-0203,WH-01,3,46.65,Online Payment,1.9,True,False
ORD-0004959,2023-01-11,CUST-017215,South,PRD-0129,Home & Kitchen,ACC-0158,WH-03,2,74.4,Cash on Delivery,3.0,True,False
ORD-0004960,2023-01-11,CUST-034094,West,PRD-0128,Home & Kitchen,ACC-0177,WH-05,3,287.58,Online Payment,4.0,True,False
ORD-0004961,2023-01-11,CUST-007169,North,PRD-0095,Digital Goods,ACC-0187,WH-02,3,97.71,Cash on Delivery,3.0,True,False
ORD-0004962,2023-01-11,CUST-016727,North,PRD-0001,Mobile & Tablet,ACC-0143,WH-02,2,429.36,Wallet Credit,3.3,True,False
ORD-0004963,2023-01-11,CUST-022581,East,PRD-0098,Digital Goods,ACC-0125,WH-04,1,30.06,Online Payment,3.7,True,False
ORD-0004964,2023-01-11,CUST-013178,East,PRD-0019,Home Appliances,ACC-0028,WH-04,3,1257.39,Online Payment,3.2,True,False
ORD-0004965,2023-01-11,CUST-003123,Central,PRD-0118,Grocery & Gourmet,ACC-0101,WH-01,1,47.24,Online Payment,2.5,True,False
ORD-0004966,2023-01-11,CUST-020039,East,PRD-0038,Fashion & Apparel,ACC-0238,WH-01,3,125.19,Wallet Credit,3.2,False,False
ORD-0004967,2023-01-11,CUST-032759,Central,PRD-0088,Digital Goods,ACC-0172,WH-01,1,32.6,Cash on Delivery,2.2,True,False
ORD-0004968,2023-01-11,CUST-022648,North,PRD-0089,Digital Goods,ACC-0210,WH-02,1,36.42,Cash on Delivery,3.8,True,False
ORD-0004969,2023-01-11,CUST-034557,South,PRD-0054,Beauty & Health,ACC-0066,WH-03,1,29.31,Online Payment,3.8,True,False
ORD-0004970,2023-01-11,CUST-014557,Central,PRD-0015,Mobile & Tablet,ACC-0055,WH-01,2,1333.62,Online Payment,2.2,True,False
ORD-0004971,2023-01-11,CUST-009720,East,PRD-0082,Books & Media,ACC-0069,WH-04,1,13.77,Online Payment,3.7,True,False
ORD-0004972,2023-01-11,CUST-027217,Central,PRD-0103,Grocery & Gourmet,ACC-0124,WH-01,2,51.52,Online Payment,2.3,True,False
ORD-0004973,2023-01-11,CUST-034354,West,PRD-0083,Books & Media,ACC-0141,WH-05,3,58.02,Cash on Delivery,3.2,True,False
ORD-0004974,2023-01-11,CUST-032383,Central,PRD-0087,Digital Goods,ACC-0181,WH-01,1,12.22,Wallet Credit,3.4,False,False
ORD-0004975,2023-01-11,CUST-011814,North,PRD-0129,Home & Kitchen,ACC-0052,WH-02,3,111.6,Cash on Delivery,2.9,True,False
ORD-0004976,2023-01-11,CUST-034711,East,PRD-0010,Mobile & Tablet,ACC-0215,WH-04,1,635.84,Cash on Delivery,3.4,True,False
ORD-0004977,2023-01-11,CUST-023737,Central,PRD-0136,Home & Kitchen,ACC-0095,WH-01,1,40.13,Online Payment,1.9,True,False
ORD-0004978,2023-01-11,CUST-031796,East,PRD-0132,Home & Kitchen,ACC-0200,WH-04,2,132.7,Wallet Credit,3.4,True,False
ORD-0004979,2023-01-11,CUST-028260,West,PRD-0109,Grocery & Gourmet,ACC-0244,WH-05,2,22.96,Online Payment,3.6,True,False
ORD-0004980,2023-01-11,CUST-018501,West,PRD-0068,Beauty & Health,ACC-0228,WH-05,2,119.5,Installment Plan,3.6,True,False
ORD-0004981,2023-01-11,CUST-025797,West,PRD-0045,Fashion & Apparel,ACC-0101,WH-05,2,46.92,Installment Plan,3.2,True,False
ORD-0004982,2023-01-11,CUST-028794,South,PRD-0151,Sports & Outdoor,ACC-0087,WH-03,1,30.86,Online Payment,3.3,True,False
ORD-0004983,2023-01-11,CUST-023059,North,PRD-0095,Digital Goods,ACC-0085,WH-02,3,97.71,Cash on Delivery,3.0,True,False
ORD-0004984,2023-01-11,CUST-026387,South,PRD-0138,Sports & Outdoor,ACC-0019,WH-03,3,320.76,Wallet Credit,3.5,True,False
ORD-0004985,2023-01-11,CUST-000634,Central,PRD-0034,Home Appliances,ACC-0009,WH-01,2,265.96,Wallet Credit,1.9,True,False
ORD-0004986,2023-01-11,CUST-016364,North,PRD-0083,Books & Media,ACC-0136,WH-02,3,58.02,Wallet Credit,2.6,True,False
ORD-0004987,2023-01-11,CUST-023895,Central,PRD-0099,Digital Goods,ACC-0160,WH-01,1,23.27,Online Payment,1.9,True,False
ORD-0004988,2023-01-11,CUST-013125,North,PRD-0132,Home & Kitchen,ACC-0076,WH-02,1,66.35,Wallet Credit,2.9,True,False
ORD-0004989,2023-01-11,CUST-021742,East,PRD-0057,Beauty & Health,ACC-0247,WH-04,3,42.81,Wallet Credit,4.4,False,False
ORD-0004990,2023-01-11,CUST-032265,West,PRD-0035,Fashion & Apparel,ACC-0130,WH-01,2,181.12,Online Payment,2.6,True,False
ORD-0004991,2023-01-11,CUST-005752,Central,PRD-0043,Fashion & Apparel,ACC-0110,WH-01,2,106.64,Cash on Delivery,2.3,True,False
ORD-0004992,2023-01-11,CUST-005906,Central,PRD-0124,Home & Kitchen,ACC-0003,WH-01,1,26.46,Online Payment,3.0,True,False
ORD-0004993,2023-01-11,CUST-015061,Central,PRD-0008,Mobile & Tablet,ACC-0006,WH-01,2,440.88,Wallet Credit,2.3,True,False
ORD-0004994,2023-01-11,CUST-033619,West,PRD-0110,Grocery & Gourmet,ACC-0039,WH-05,2,94.78,Online Payment,3.8,True,False
ORD-0004995,2023-01-11,CUST-007337,North,PRD-0008,Mobile & Tablet,ACC-0141,WH-02,1,220.44,Online Payment,2.8,True,False
ORD-0004996,2023-01-11,CUST-007559,Central,PRD-0140,Sports & Outdoor,ACC-0079,WH-01,2,90.86,Wallet Credit,3.3,False,False
ORD-0004997,2023-01-11,CUST-031738,Central,PRD-0055,Beauty & Health,ACC-0044,WH-01,2,123.08,Online Payment,1.9,True,False
ORD-0004998,2023-01-11,CUST-035686,South,PRD-0029,Home Appliances,ACC-0002,WH-01,1,248.48,Online Payment,3.4,False,False
ORD-0004999,2023-01-11,CUST-019538,Central,PRD-0113,Grocery & Gourmet,ACC-0040,WH-01,1,17.01,Wallet Credit,3.1,False,False
ORD-0005000,2023-01-11,CUST-000008,North,PRD-0133,Home & Kitchen,ACC-0246,WH-02,2,222.7,Wallet Credit,3.1,True,False
